"Data";"Hora (UTC)";"Temp. Ins. (C)";"Temp. Max. (C)";"Temp. Min. (C)";"Umi. Ins. (%)";"Umi. Max. (%)";"Umi. Min. (%)";"Pto Orvalho Ins. (C)";"Pto Orvalho Max. (C)";"Pto Orvalho Min. (C)";"Pressao Ins. (hPa)";"Pressao Max. (hPa)";"Pressao Min. (hPa)";"Vel. Vento (m/s)";"Dir. Vento (m/s)";"Raj. Vento (m/s)";"Radiacao (KJ/m²)";"Chuva (mm)"
"12/10/2025";"0000";"23,4";"23,8";"23,2";"39,0";"41,0";"38,0";"8,8";"9,2";"8,5";"875,8";"875,8";"875,4";"1,2";"340,0";"2,1";"";""
"12/10/2025";"0100";"22,1";"23,8";"21,9";"44,0";"44,0";"36,0";"9,1";"9,2";"7,9";"876,0";"876,1";"875,8";"0,3";"334,0";"3,0";"";""
"12/10/2025";"0200";"22,3";"23,2";"21,8";"45,0";"45,0";"38,0";"9,7";"9,7";"8,2";"876,2";"876,2";"876,0";"1,6";"304,0";"4,1";"";""
"12/10/2025";"0300";"22,5";"22,7";"21,6";"51,0";"51,0";"45,0";"11,9";"11,9";"9,8";"876,0";"876,2";"876,0";"1,8";"279,0";"3,1";"";""
"12/10/2025";"0400";"20,9";"22,6";"20,9";"65,0";"65,0";"51,0";"13,9";"13,9";"11,8";"875,6";"876,0";"875,6";"2,2";"272,0";"3,8";"";""
"12/10/2025";"0500";"19,2";"20,9";"19,1";"74,0";"75,0";"65,0";"14,4";"14,7";"13,8";"875,3";"875,6";"875,2";"0,3";"263,0";"3,2";"";""
"12/10/2025";"0600";"19,3";"19,3";"18,7";"75,0";"77,0";"74,0";"14,8";"14,9";"14,4";"874,9";"875,3";"874,9";"0,1";"331,0";"1,9";"";""
"12/10/2025";"0700";"19,4";"19,8";"19,2";"74,0";"75,0";"72,0";"14,5";"14,9";"14,5";"875,0";"875,1";"874,9";"0,2";"338,0";"1,7";"";""
"12/10/2025";"0800";"19,4";"19,7";"18,4";"73,0";"76,0";"71,0";"14,4";"14,5";"14,0";"875,3";"875,3";"875,0";"1,8";"294,0";"2,8";"";""
"12/10/2025";"0900";"18,9";"19,7";"18,9";"74,0";"74,0";"71,0";"14,2";"14,5";"14,1";"875,7";"875,7";"875,2";"0,1";"241,0";"2,8";"0,60";""
"12/10/2025";"1000";"20,9";"20,9";"18,6";"72,0";"78,0";"72,0";"15,7";"15,8";"14,2";"876,2";"876,2";"875,7";"0,5";"226,0";"1,1";"188,80";""
"12/10/2025";"1100";"23,8";"24,2";"20,9";"51,0";"72,0";"49,0";"13,1";"15,7";"12,9";"876,7";"876,7";"876,2";"2,2";"45,0";"4,1";"817,90";""
"12/10/2025";"1200";"23,5";"24,5";"23,4";"47,0";"51,0";"45,0";"11,5";"13,1";"11,2";"877,2";"877,2";"876,7";"2,3";"31,0";"5,6";"882,70";""
"12/10/2025";"1300";"26,8";"27,2";"23,5";"40,0";"48,0";"40,0";"12,1";"12,6";"11,6";"877,2";"877,3";"877,2";"1,8";"32,0";"5,5";"1427,10";""
"12/10/2025";"1400";"27,2";"28,6";"25,8";"36,0";"42,0";"34,0";"10,9";"12,2";"10,5";"876,9";"877,2";"876,9";"3,4";"320,0";"6,6";"2181,70";""
"12/10/2025";"1500";"28,3";"30,1";"26,2";"34,0";"39,0";"31,0";"11,0";"11,8";"10,4";"876,1";"877,0";"876,1";"3,4";"333,0";"8,5";"2811,20";""
"12/10/2025";"1600";"28,7";"29,4";"26,9";"32,0";"37,0";"32,0";"10,4";"11,4";"10,3";"875,1";"876,2";"875,1";"3,0";"57,0";"6,8";"1934,10";""
"12/10/2025";"1700";"23,9";"28,7";"23,7";"59,0";"59,0";"32,0";"15,4";"15,4";"10,3";"874,4";"875,1";"874,4";"3,3";"309,0";"7,4";"675,40";""
"12/10/2025";"1800";"22,1";"26,4";"22,1";"61,0";"62,0";"42,0";"14,2";"16,1";"11,9";"874,0";"874,4";"874,0";"3,6";"176,0";"8,2";"686,90";""
"12/10/2025";"1900";"20,0";"22,1";"20,0";"74,0";"74,0";"61,0";"15,2";"15,2";"13,4";"874,1";"874,2";"874,0";"3,1";"231,0";"8,2";"126,60";""
"12/10/2025";"2000";"19,2";"20,1";"18,5";"82,0";"83,0";"70,0";"16,0";"16,0";"13,9";"874,2";"874,4";"874,0";"2,2";"239,0";"7,0";"70,10";""
"12/10/2025";"2100";"18,1";"19,3";"18,0";"89,0";"89,0";"82,0";"16,2";"16,4";"15,9";"875,3";"875,5";"874,2";"4,4";"324,0";"9,0";"0,60";""
"12/10/2025";"2200";"18,2";"18,2";"17,9";"89,0";"89,0";"84,0";"16,3";"16,3";"15,4";"875,5";"875,5";"875,1";"0,5";"150,0";"9,0";"";""
"12/10/2025";"2300";"18,2";"18,3";"17,8";"90,0";"90,0";"89,0";"16,6";"16,6";"16,0";"875,5";"875,7";"875,4";"1,3";"139,0";"8,6";"";""
"13/10/2025";"0000";"17,7";"18,8";"17,7";"93,0";"93,0";"86,0";"16,6";"16,7";"16,3";"876,4";"876,4";"875,5";"2,3";"266,0";"4,0";"";""
"13/10/2025";"0100";"18,3";"18,4";"17,7";"91,0";"94,0";"91,0";"16,7";"17,2";"16,6";"876,5";"876,6";"876,4";"0,8";"238,0";"4,0";"";""
"13/10/2025";"0200";"17,3";"18,3";"17,3";"93,0";"93,0";"91,0";"16,1";"16,8";"16,0";"876,6";"876,6";"876,4";"0,5";"224,0";"3,1";"";""
"13/10/2025";"0300";"17,6";"17,7";"17,2";"92,0";"93,0";"92,0";"16,4";"16,4";"16,0";"876,2";"876,6";"876,2";"0,3";"166,0";"2,9";"";""
"13/10/2025";"0400";"17,3";"17,6";"16,6";"92,0";"94,0";"91,0";"15,9";"16,3";"15,5";"875,6";"876,2";"875,5";"1,5";"232,0";"3,0";"";""
"13/10/2025";"0500";"18,0";"18,2";"17,1";"88,0";"93,0";"86,0";"15,9";"16,1";"15,6";"875,3";"875,7";"875,3";"1,4";"209,0";"2,6";"";""
"13/10/2025";"0600";"17,4";"18,0";"17,4";"90,0";"90,0";"88,0";"15,8";"15,9";"15,6";"875,1";"875,3";"875,1";"0,0";"120,0";"2,7";"";""
"13/10/2025";"0700";"16,9";"17,4";"16,9";"93,0";"93,0";"90,0";"15,8";"15,9";"15,6";"875,3";"875,3";"875,0";"0,5";"246,0";"1,7";"";""
"13/10/2025";"0800";"16,9";"17,0";"16,8";"92,0";"93,0";"92,0";"15,7";"15,8";"15,6";"875,7";"875,7";"875,3";"0,0";"193,0";"1,4";"";""
"13/10/2025";"0900";"17,0";"17,1";"16,8";"92,0";"93,0";"92,0";"15,7";"15,8";"15,6";"875,9";"875,9";"875,6";"0,3";"303,0";"1,3";"1,20";""
"13/10/2025";"1000";"19,0";"19,0";"17,0";"85,0";"92,0";"84,0";"16,4";"16,4";"15,6";"876,6";"876,6";"875,9";"0,1";"206,0";"2,0";"130,50";""
"13/10/2025";"1100";"21,1";"21,6";"19,0";"70,0";"85,0";"70,0";"15,4";"17,2";"15,4";"877,4";"877,4";"876,5";"0,0";"131,0";"1,1";"833,80";""
"13/10/2025";"1200";"24,2";"24,2";"21,0";"56,0";"73,0";"55,0";"14,9";"16,5";"14,0";"877,7";"877,7";"877,4";"0,7";"144,0";"2,5";"1572,40";""
"13/10/2025";"1300";"25,3";"25,7";"24,3";"52,0";"57,0";"49,0";"14,8";"16,2";"13,4";"877,4";"877,7";"877,4";"2,4";"83,0";"5,3";"2897,40";""
"13/10/2025";"1400";"27,6";"27,6";"25,3";"43,0";"53,0";"41,0";"14,1";"15,6";"12,6";"876,8";"877,4";"876,8";"2,6";"72,0";"6,4";"3551,40";""
"13/10/2025";"1500";"23,2";"28,3";"23,0";"59,0";"59,0";"37,0";"14,7";"14,7";"11,8";"876,4";"876,8";"876,3";"5,3";"289,0";"9,1";"3094,90";""
"13/10/2025";"1600";"22,8";"23,5";"21,9";"60,0";"66,0";"55,0";"14,7";"16,2";"13,4";"875,7";"876,4";"875,7";"3,2";"327,0";"10,6";"838,50";""
"13/10/2025";"1700";"25,7";"26,3";"22,8";"47,0";"60,0";"45,0";"13,5";"14,8";"12,3";"874,4";"875,7";"874,4";"0,5";"132,0";"6,0";"1335,70";""
"13/10/2025";"1800";"26,5";"28,3";"25,7";"48,0";"54,0";"44,0";"14,6";"15,8";"13,8";"873,9";"874,4";"873,9";"3,5";"3,0";"5,9";"1712,60";""
"13/10/2025";"1900";"26,3";"27,2";"25,9";"41,0";"52,0";"41,0";"12,1";"15,5";"12,1";"873,6";"873,9";"873,6";"1,1";"39,0";"5,8";"1055,20";""
"13/10/2025";"2000";"25,6";"26,4";"25,6";"47,0";"50,0";"40,0";"13,4";"14,5";"11,8";"873,7";"873,7";"873,5";"1,7";"4,0";"3,4";"403,50";""
"13/10/2025";"2100";"24,0";"25,6";"24,0";"56,0";"56,0";"47,0";"14,7";"14,9";"14,0";"874,2";"874,2";"873,7";"1,9";"35,0";"3,4";"119,70";""
"13/10/2025";"2200";"21,4";"24,0";"21,4";"67,0";"67,0";"56,0";"15,1";"15,4";"14,7";"874,9";"874,9";"874,2";"4,1";"51,0";"7,5";"";""
"13/10/2025";"2300";"19,4";"21,4";"19,4";"77,0";"77,0";"67,0";"15,2";"15,2";"15,0";"875,7";"875,8";"874,9";"3,2";"45,0";"7,5";"";""
"14/10/2025";"0000";"19,6";"19,6";"19,3";"75,0";"77,0";"74,0";"15,0";"15,2";"14,9";"876,4";"876,4";"875,7";"1,8";"57,0";"6,3";"";""
"14/10/2025";"0100";"19,4";"19,6";"19,3";"77,0";"77,0";"75,0";"15,3";"15,3";"15,0";"876,8";"876,8";"876,4";"1,3";"255,0";"2,7";"";""
"14/10/2025";"0200";"18,5";"19,5";"18,4";"79,0";"80,0";"76,0";"14,9";"15,3";"14,7";"876,6";"876,8";"876,6";"0,6";"290,0";"2,7";"";""
"14/10/2025";"0300";"19,5";"19,8";"18,4";"76,0";"81,0";"74,0";"15,2";"15,3";"14,9";"876,6";"876,7";"876,6";"2,5";"266,0";"4,1";"";""
"14/10/2025";"0400";"18,7";"19,5";"18,6";"83,0";"84,0";"76,0";"15,9";"16,2";"15,3";"876,4";"876,9";"876,4";"0,8";"227,0";"4,1";"";""
"14/10/2025";"0500";"18,0";"18,7";"17,8";"89,0";"90,0";"83,0";"16,1";"16,2";"15,8";"876,1";"876,4";"876,1";"1,4";"276,0";"2,2";"";""
"14/10/2025";"0600";"18,1";"18,3";"18,0";"86,0";"89,0";"85,0";"15,8";"16,1";"15,7";"876,1";"876,1";"875,9";"1,1";"238,0";"3,2";"";""
"14/10/2025";"0700";"17,7";"18,3";"17,7";"90,0";"90,0";"83,0";"16,1";"16,1";"15,4";"876,7";"876,8";"876,1";"2,3";"54,0";"4,3";"";""
"14/10/2025";"0800";"17,3";"17,7";"17,3";"94,0";"94,0";"90,0";"16,4";"16,6";"16,1";"876,7";"876,8";"876,6";"1,7";"208,0";"4,3";"";""
"14/10/2025";"0900";"17,0";"17,3";"17,0";"94,0";"94,0";"94,0";"16,1";"16,4";"16,0";"876,9";"876,9";"876,6";"0,0";"15,0";"3,2";"1,50";""
"14/10/2025";"1000";"17,4";"17,5";"17,0";"95,0";"95,0";"94,0";"16,6";"16,6";"16,1";"877,1";"877,1";"876,9";"0,5";"293,0";"1,5";"41,00";""
"14/10/2025";"1100";"18,1";"18,5";"17,4";"93,0";"95,0";"93,0";"17,0";"17,5";"16,5";"877,5";"877,5";"877,1";"2,8";"50,0";"4,6";"478,70";""
"14/10/2025";"1200";"21,0";"21,0";"18,1";"86,0";"94,0";"86,0";"18,5";"18,7";"16,7";"878,1";"878,1";"877,5";"3,8";"40,0";"6,2";"1580,40";""
"14/10/2025";"1300";"21,0";"22,7";"20,9";"79,0";"86,0";"76,0";"17,1";"19,3";"17,1";"878,1";"878,2";"878,1";"3,6";"52,0";"7,0";"2934,40";""
"14/10/2025";"1400";"26,2";"26,3";"21,0";"56,0";"80,0";"54,0";"16,8";"18,5";"16,0";"877,7";"878,1";"877,7";"4,1";"43,0";"7,2";"3739,90";""
"14/10/2025";"1500";"27,0";"27,5";"24,7";"50,0";"60,0";"47,0";"15,6";"17,3";"14,9";"876,9";"877,7";"876,9";"3,2";"71,0";"7,2";"2990,10";""
"14/10/2025";"1600";"28,7";"30,1";"27,1";"44,0";"50,0";"41,0";"15,2";"16,4";"14,3";"876,0";"877,0";"876,0";"3,5";"41,0";"8,2";"3850,10";""
"14/10/2025";"1700";"19,8";"29,0";"19,8";"83,0";"83,0";"40,0";"16,8";"16,9";"13,8";"875,5";"876,1";"875,5";"2,9";"226,0";"9,0";"627,60";""
"14/10/2025";"1800";"19,7";"19,9";"18,9";"88,0";"89,0";"83,0";"17,7";"18,0";"16,7";"875,6";"875,6";"875,3";"1,6";"210,0";"6,3";"140,00";""
"14/10/2025";"1900";"21,2";"21,3";"19,6";"77,0";"88,0";"76,0";"17,0";"17,6";"16,7";"874,8";"875,6";"874,8";"1,2";"219,0";"4,9";"476,10";""
"14/10/2025";"2000";"";"";"";"";"";"";"";"";"";"";"";"";"";"";"";"";""
"14/10/2025";"2100";"21,3";"21,9";"21,3";"70,0";"79,0";"67,0";"15,5";"17,8";"15,5";"875,3";"875,3";"875,0";"0,1";"289,0";"1,7";"90,30";""
"14/10/2025";"2200";"21,1";"21,7";"20,9";"70,0";"75,0";"66,0";"15,5";"16,4";"14,9";"875,9";"875,9";"875,3";"0,3";"147,0";"2,8";"";""
"14/10/2025";"2300";"20,4";"21,3";"20,1";"76,0";"77,0";"68,0";"16,0";"16,2";"15,0";"877,1";"877,1";"875,8";"1,3";"62,0";"2,8";"";""
"15/10/2025";"0000";"19,6";"20,6";"19,6";"83,0";"83,0";"74,0";"16,6";"16,6";"15,8";"877,7";"877,7";"877,1";"3,4";"56,0";"5,5";"";""
"15/10/2025";"0100";"19,8";"19,9";"19,5";"79,0";"83,0";"79,0";"16,1";"16,6";"16,0";"878,2";"878,2";"877,7";"3,7";"53,0";"6,2";"";""
"15/10/2025";"0200";"19,4";"19,8";"19,3";"82,0";"83,0";"79,0";"16,2";"16,3";"16,1";"878,0";"878,3";"878,0";"3,2";"57,0";"7,2";"";""
"15/10/2025";"0300";"19,7";"19,7";"19,3";"81,0";"83,0";"81,0";"16,3";"16,3";"16,2";"877,4";"878,0";"877,4";"2,0";"53,0";"6,0";"";""
"15/10/2025";"0400";"19,2";"19,9";"19,1";"84,0";"85,0";"80,0";"16,4";"16,4";"16,2";"876,5";"877,4";"876,5";"0,6";"47,0";"4,5";"";""
"15/10/2025";"0500";"19,1";"19,5";"19,1";"84,0";"84,0";"80,0";"16,2";"16,4";"16,0";"876,0";"876,5";"876,0";"0,0";"294,0";"1,7";"";""
"15/10/2025";"0600";"19,5";"19,5";"19,1";"72,0";"84,0";"72,0";"14,3";"16,4";"14,3";"875,6";"876,0";"875,6";"0,8";"25,0";"2,2";"";""
"15/10/2025";"0700";"19,7";"20,3";"19,5";"75,0";"75,0";"67,0";"15,2";"15,2";"13,8";"876,1";"876,1";"875,5";"4,1";"52,0";"7,3";"";""
"15/10/2025";"0800";"18,7";"19,7";"18,6";"85,0";"85,0";"75,0";"16,1";"16,1";"15,3";"876,4";"876,4";"876,1";"1,9";"55,0";"7,3";"";""
"15/10/2025";"0900";"18,6";"18,9";"18,2";"85,0";"88,0";"83,0";"16,0";"16,3";"15,9";"876,8";"876,8";"876,4";"2,1";"48,0";"4,3";"3,60";""
"15/10/2025";"1000";"19,6";"19,6";"18,6";"82,0";"85,0";"78,0";"16,4";"16,4";"15,6";"877,7";"877,7";"876,8";"2,0";"68,0";"5,1";"154,40";""
"15/10/2025";"1100";"21,3";"21,3";"19,6";"73,0";"83,0";"73,0";"16,4";"16,6";"16,0";"878,1";"878,1";"877,7";"2,4";"44,0";"5,1";"693,70";""
"15/10/2025";"1200";"24,8";"24,8";"21,2";"60,0";"74,0";"60,0";"16,6";"17,1";"15,8";"878,3";"878,3";"878,1";"4,2";"53,0";"8,1";"1765,80";""
"15/10/2025";"1300";"26,9";"27,5";"24,7";"45,0";"61,0";"45,0";"14,0";"16,8";"14,0";"878,6";"878,6";"878,3";"3,8";"36,0";"8,1";"3026,10";""
"15/10/2025";"1400";"27,3";"27,8";"25,6";"41,0";"48,0";"38,0";"12,7";"14,1";"11,6";"878,3";"878,6";"878,3";"4,1";"53,0";"8,6";"2158,90";""
"15/10/2025";"1500";"27,5";"28,4";"27,1";"42,0";"44,0";"39,0";"13,6";"14,4";"12,5";"877,7";"878,3";"877,7";"4,0";"68,0";"7,7";"2760,40";""
"15/10/2025";"1600";"27,6";"28,7";"26,4";"41,0";"46,0";"36,0";"13,2";"14,6";"11,7";"876,9";"877,7";"876,9";"2,5";"75,0";"7,1";"2570,30";""
"15/10/2025";"1700";"22,3";"29,0";"22,3";"63,0";"64,0";"38,0";"14,8";"15,6";"12,7";"876,4";"876,9";"876,4";"3,4";"33,0";"8,0";"1308,80";""
"15/10/2025";"1800";"26,6";"26,9";"22,3";"42,0";"66,0";"42,0";"12,6";"15,9";"12,3";"875,6";"876,4";"875,6";"0,0";"58,0";"7,5";"1403,20";""
"15/10/2025";"1900";"26,3";"27,1";"25,9";"42,0";"49,0";"40,0";"12,5";"14,4";"12,1";"875,3";"875,6";"875,3";"3,0";"62,0";"6,0";"1110,80";""
"15/10/2025";"2000";"26,1";"26,5";"26,1";"45,0";"45,0";"41,0";"13,1";"13,2";"12,1";"875,5";"875,5";"875,2";"1,0";"94,0";"4,7";"487,10";""
"15/10/2025";"2100";"22,0";"26,1";"22,0";"70,0";"70,0";"45,0";"16,2";"16,2";"14,7";"875,6";"875,7";"875,4";"1,2";"261,0";"4,2";"144,70";""
"15/10/2025";"2200";"20,0";"22,0";"19,7";"75,0";"78,0";"70,0";"15,5";"16,2";"15,5";"875,8";"875,8";"875,5";"1,4";"296,0";"2,2";"";""
"15/10/2025";"2300";"21,0";"21,0";"19,8";"69,0";"76,0";"69,0";"15,1";"15,7";"15,1";"876,6";"876,6";"875,8";"1,1";"41,0";"2,9";"";""
"16/10/2025";"0000";"21,3";"21,5";"21,1";"69,0";"70,0";"66,0";"15,4";"15,5";"14,9";"877,0";"877,0";"876,6";"1,1";"46,0";"1,6";"";""
"16/10/2025";"0100";"20,7";"21,5";"20,4";"71,0";"73,0";"68,0";"15,3";"15,7";"15,2";"877,2";"877,3";"876,9";"1,3";"348,0";"1,8";"";""
"16/10/2025";"0200";"19,7";"21,1";"19,7";"79,0";"79,0";"70,0";"15,9";"16,2";"15,3";"877,1";"877,3";"877,1";"0,1";"25,0";"3,1";"";""
"16/10/2025";"0300";"20,2";"20,2";"18,9";"77,0";"84,0";"77,0";"16,1";"16,7";"15,8";"876,7";"877,1";"876,7";"0,8";"303,0";"1,7";"";""
"16/10/2025";"0400";"20,5";"20,6";"20,1";"74,0";"79,0";"73,0";"15,7";"16,3";"15,5";"876,1";"876,7";"876,1";"0,0";"13,0";"1,8";"";""
"16/10/2025";"0500";"18,9";"20,5";"18,8";"81,0";"82,0";"74,0";"15,6";"15,8";"15,2";"875,8";"876,2";"875,8";"0,0";"297,0";"0,0";"";""
"16/10/2025";"0600";"19,8";"20,1";"18,8";"68,0";"81,0";"68,0";"13,8";"15,4";"13,8";"875,5";"875,8";"875,5";"1,3";"59,0";"2,7";"";""
"16/10/2025";"0700";"19,9";"19,9";"19,0";"69,0";"74,0";"68,0";"14,0";"14,4";"13,7";"875,7";"875,7";"875,4";"0,3";"74,0";"2,0";"";""
"16/10/2025";"0800";"19,8";"20,4";"19,3";"78,0";"80,0";"68,0";"15,9";"16,0";"13,9";"876,5";"876,6";"875,7";"2,4";"89,0";"6,7";"";""
"16/10/2025";"0900";"19,8";"20,0";"19,5";"77,0";"80,0";"76,0";"15,7";"15,9";"15,6";"876,8";"876,8";"876,5";"1,2";"29,0";"5,0";"10,60";""
"16/10/2025";"1000";"22,2";"22,2";"19,8";"69,0";"77,0";"68,0";"16,2";"16,5";"15,7";"877,5";"877,5";"876,8";"1,8";"34,0";"5,0";"445,20";""
"16/10/2025";"1100";"23,2";"23,7";"22,3";"59,0";"69,0";"57,0";"14,9";"16,6";"14,5";"878,1";"878,2";"877,5";"4,8";"71,0";"8,4";"1266,80";""
"16/10/2025";"1200";"25,2";"25,3";"23,2";"47,0";"59,0";"47,0";"13,1";"15,7";"12,5";"878,1";"878,2";"878,1";"5,1";"72,0";"10,0";"2155,50";""
"16/10/2025";"1300";"27,0";"27,7";"24,8";"41,0";"49,0";"40,0";"12,8";"13,7";"12,5";"878,5";"878,5";"878,1";"3,4";"48,0";"9,4";"2936,90";""
"16/10/2025";"1400";"27,6";"28,3";"26,1";"40,0";"44,0";"39,0";"12,9";"14,3";"12,4";"878,3";"878,6";"878,2";"3,4";"55,0";"7,4";"3432,80";""
"16/10/2025";"1500";"29,1";"29,4";"27,5";"35,0";"41,0";"32,0";"11,8";"13,6";"10,4";"877,3";"878,3";"877,3";"3,8";"71,0";"9,4";"3681,50";""
"16/10/2025";"1600";"30,7";"30,7";"28,4";"33,0";"36,0";"32,0";"12,5";"12,6";"10,5";"876,2";"877,3";"876,2";"3,5";"54,0";"8,9";"3681,20";""
"16/10/2025";"1700";"29,6";"31,1";"28,1";"35,0";"37,0";"31,0";"12,3";"12,7";"11,3";"875,1";"876,2";"875,1";"3,8";"61,0";"8,0";"2430,30";""
"16/10/2025";"1800";"29,9";"31,0";"28,8";"29,0";"36,0";"28,0";"9,9";"12,5";"9,9";"874,5";"875,1";"874,5";"3,1";"86,0";"8,1";"2368,40";""
"16/10/2025";"1900";"29,9";"30,0";"28,7";"29,0";"31,0";"29,0";"9,7";"10,5";"9,2";"874,4";"874,6";"874,4";"2,9";"89,0";"7,9";"1432,10";""
"16/10/2025";"2000";"29,0";"30,0";"29,0";"30,0";"30,0";"28,0";"9,6";"9,9";"9,2";"874,5";"874,5";"874,3";"3,3";"106,0";"7,6";"1233,00";""
"16/10/2025";"2100";"27,2";"29,1";"27,2";"33,0";"33,0";"29,0";"9,5";"9,8";"9,3";"874,9";"874,9";"874,5";"2,3";"94,0";"6,9";"260,30";""
"16/10/2025";"2200";"22,7";"27,2";"22,1";"49,0";"51,0";"33,0";"11,4";"11,5";"9,4";"875,3";"875,3";"874,9";"0,0";"274,0";"4,9";"";""
"16/10/2025";"2300";"21,5";"22,7";"20,8";"52,0";"56,0";"48,0";"11,1";"11,6";"10,9";"875,6";"875,7";"875,3";"0,7";"2,0";"1,5";"";""
"17/10/2025";"0000";"21,3";"22,4";"21,0";"52,0";"54,0";"48,0";"11,2";"11,4";"10,9";"876,2";"876,2";"875,6";"0,8";"7,0";"1,9";"";""
"17/10/2025";"0100";"21,0";"21,8";"20,8";"52,0";"53,0";"50,0";"10,8";"11,2";"10,7";"876,4";"876,4";"876,1";"0,5";"21,0";"2,3";"";""
"17/10/2025";"0200";"20,6";"21,1";"20,1";"56,0";"57,0";"52,0";"11,4";"11,5";"10,8";"876,4";"876,6";"876,4";"1,0";"344,0";"1,6";"";""
"17/10/2025";"0300";"20,4";"21,1";"20,4";"56,0";"57,0";"53,0";"11,3";"11,5";"11,1";"876,0";"876,4";"875,9";"0,0";"46,0";"1,7";"";""
"17/10/2025";"0400";"21,9";"21,9";"19,9";"51,0";"59,0";"51,0";"11,2";"11,9";"11,0";"875,6";"876,0";"875,6";"1,0";"56,0";"2,5";"";""
"17/10/2025";"0500";"21,1";"22,0";"20,3";"59,0";"60,0";"50,0";"12,9";"12,9";"11,0";"875,2";"875,6";"875,2";"1,4";"317,0";"3,2";"";""
"17/10/2025";"0600";"21,9";"22,5";"21,0";"59,0";"66,0";"53,0";"13,5";"14,4";"12,2";"875,3";"875,3";"875,1";"2,8";"37,0";"4,5";"";""
"17/10/2025";"0700";"20,7";"21,9";"20,6";"66,0";"67,0";"59,0";"14,2";"14,5";"13,5";"875,5";"875,5";"875,3";"1,8";"46,0";"4,5";"";""
"17/10/2025";"0800";"20,3";"21,3";"20,3";"68,0";"68,0";"64,0";"14,2";"14,3";"13,8";"876,1";"876,1";"875,5";"1,1";"93,0";"3,8";"";""
"17/10/2025";"0900";"20,8";"21,3";"19,9";"61,0";"71,0";"59,0";"13,0";"14,6";"12,9";"876,5";"876,5";"876,1";"2,2";"62,0";"5,2";"6,20";""
"17/10/2025";"1000";"22,2";"22,2";"20,8";"59,0";"61,0";"58,0";"13,8";"13,8";"13,0";"877,1";"877,1";"876,5";"2,1";"72,0";"5,0";"302,30";""
"17/10/2025";"1100";"24,3";"24,9";"21,9";"48,0";"60,0";"47,0";"12,5";"14,2";"12,4";"877,4";"877,4";"877,1";"4,0";"60,0";"8,3";"1115,70";""
"17/10/2025";"1200";"25,4";"26,4";"23,9";"43,0";"50,0";"40,0";"11,8";"13,2";"11,1";"877,6";"877,6";"877,4";"4,7";"59,0";"8,8";"2052,50";""
"17/10/2025";"1300";"27,4";"28,0";"24,9";"37,0";"44,0";"37,0";"11,4";"12,4";"11,2";"877,6";"877,7";"877,5";"4,3";"60,0";"9,2";"2975,00";""
"17/10/2025";"1400";"29,9";"30,1";"26,8";"30,0";"39,0";"30,0";"10,4";"12,0";"10,4";"877,3";"877,6";"877,3";"4,5";"62,0";"9,2";"3601,80";""
"17/10/2025";"1500";"30,6";"30,7";"28,6";"29,0";"32,0";"29,0";"10,4";"11,0";"9,8";"876,7";"877,3";"876,6";"4,5";"38,0";"8,6";"3658,30";""
"17/10/2025";"1600";"30,1";"31,4";"28,7";"29,0";"31,0";"28,0";"10,2";"10,8";"9,5";"876,0";"876,7";"875,9";"3,5";"50,0";"9,4";"3600,70";""
"17/10/2025";"1700";"29,7";"31,4";"29,0";"29,0";"30,0";"26,0";"9,5";"10,5";"8,8";"875,2";"876,0";"875,2";"3,9";"49,0";"8,5";"3104,50";""
"17/10/2025";"1800";"29,7";"31,6";"28,8";"28,0";"30,0";"26,0";"9,5";"10,0";"8,5";"874,5";"875,2";"874,4";"4,2";"111,0";"8,1";"2681,40";""
"17/10/2025";"1900";"29,0";"30,9";"28,9";"30,0";"30,0";"26,0";"9,4";"10,1";"8,6";"874,4";"874,5";"874,3";"3,2";"83,0";"7,3";"1799,00";""
"17/10/2025";"2000";"28,6";"29,8";"28,5";"30,0";"31,0";"28,0";"9,3";"10,3";"8,9";"874,4";"874,4";"874,3";"3,3";"103,0";"6,3";"1018,90";""
"17/10/2025";"2100";"26,1";"29,0";"26,1";"36,0";"36,0";"30,0";"10,0";"10,0";"9,3";"874,3";"874,4";"874,3";"1,2";"77,0";"5,8";"332,40";""
"17/10/2025";"2200";"23,7";"26,1";"23,7";"45,0";"45,0";"36,0";"11,0";"11,0";"10,0";"874,8";"874,8";"874,3";"1,4";"360,0";"2,4";"";""
"17/10/2025";"2300";"22,2";"23,7";"21,9";"50,0";"51,0";"45,0";"11,3";"11,4";"10,9";"875,3";"875,3";"874,8";"1,6";"359,0";"2,3";"";""
"18/10/2025";"0000";"21,2";"22,2";"21,0";"55,0";"56,0";"50,0";"11,9";"12,0";"11,3";"876,1";"876,1";"875,3";"2,7";"321,0";"3,6";"";""
"18/10/2025";"0100";"20,7";"21,8";"20,4";"57,0";"58,0";"53,0";"11,8";"12,1";"11,6";"876,5";"876,6";"876,1";"0,3";"42,0";"3,6";"";""
"18/10/2025";"0200";"20,7";"21,3";"20,4";"55,0";"57,0";"54,0";"11,3";"11,7";"11,3";"876,0";"876,5";"875,9";"0,3";"359,0";"2,0";"";""
"18/10/2025";"0300";"21,5";"21,5";"19,5";"54,0";"60,0";"52,0";"11,7";"12,0";"11,0";"875,7";"876,0";"875,7";"2,0";"272,0";"3,7";"";""
"18/10/2025";"0400";"20,4";"21,9";"20,4";"61,0";"63,0";"52,0";"12,5";"13,2";"11,2";"875,1";"875,7";"875,1";"1,2";"258,0";"3,7";"";""
"18/10/2025";"0500";"20,4";"21,0";"20,3";"59,0";"63,0";"57,0";"12,0";"13,0";"11,9";"874,5";"875,1";"874,5";"0,7";"40,0";"2,0";"";""
"18/10/2025";"0600";"21,6";"21,7";"20,3";"54,0";"59,0";"54,0";"11,9";"12,5";"11,7";"874,5";"874,5";"874,4";"1,5";"46,0";"2,5";"";""
"18/10/2025";"0700";"21,9";"22,3";"21,6";"53,0";"54,0";"50,0";"11,9";"12,1";"11,3";"874,5";"874,6";"874,5";"1,3";"345,0";"2,9";"";""
"18/10/2025";"0800";"20,2";"21,9";"20,2";"59,0";"60,0";"53,0";"12,0";"12,5";"11,8";"874,9";"875,0";"874,5";"0,7";"334,0";"3,1";"";""
"18/10/2025";"0900";"20,5";"21,1";"20,0";"62,0";"66,0";"57,0";"12,9";"13,4";"11,9";"875,6";"875,6";"875,0";"1,1";"295,0";"2,6";"14,50";""
"18/10/2025";"1000";"23,5";"23,5";"20,3";"50,0";"65,0";"50,0";"12,6";"14,0";"12,6";"876,4";"876,4";"875,6";"0,0";"119,0";"2,6";"320,50";""
"18/10/2025";"1100";"27,0";"27,4";"23,5";"33,0";"50,0";"32,0";"9,3";"13,0";"9,3";"876,8";"876,8";"876,4";"2,5";"73,0";"3,9";"1215,30";""
"18/10/2025";"1200";"28,8";"28,8";"26,8";"31,0";"33,0";"31,0";"10,1";"10,1";"8,5";"877,0";"877,0";"876,8";"1,4";"106,0";"4,7";"2000,40";""
"18/10/2025";"1300";"29,2";"30,1";"27,6";"31,0";"32,0";"30,0";"10,3";"10,5";"8,9";"876,8";"877,0";"876,8";"2,6";"215,0";"5,1";"2652,90";""
"18/10/2025";"1400";"29,5";"31,4";"28,2";"30,0";"32,0";"28,0";"10,0";"10,9";"9,4";"876,6";"876,8";"876,5";"2,8";"283,0";"7,6";"2405,70";""
"18/10/2025";"1500";"28,8";"29,6";"28,1";"37,0";"38,0";"30,0";"12,7";"13,0";"10,2";"876,2";"876,6";"876,2";"1,8";"259,0";"7,6";"1167,60";""
"18/10/2025";"1600";"29,6";"30,8";"28,0";"32,0";"40,0";"32,0";"11,3";"13,7";"11,3";"875,3";"876,2";"875,3";"3,9";"258,0";"8,4";"2030,40";""
"18/10/2025";"1700";"26,2";"31,3";"26,1";"45,0";"45,0";"30,0";"13,3";"13,5";"11,0";"874,7";"875,3";"874,7";"2,8";"42,0";"8,4";"1543,40";""
"18/10/2025";"1800";"25,6";"26,2";"24,4";"56,0";"62,0";"43,0";"16,0";"16,6";"12,4";"873,8";"874,7";"873,8";"4,3";"335,0";"9,3";"504,90";""
"18/10/2025";"1900";"26,8";"26,8";"25,6";"49,0";"56,0";"49,0";"15,2";"16,1";"15,0";"873,6";"873,9";"873,6";"2,7";"346,0";"9,3";"569,00";""
"18/10/2025";"2000";"26,1";"27,5";"26,0";"48,0";"49,0";"44,0";"14,2";"15,2";"14,0";"873,8";"873,8";"873,5";"4,4";"278,0";"8,4";"587,90";""
"18/10/2025";"2100";"25,0";"26,1";"25,0";"53,0";"53,0";"48,0";"14,7";"14,7";"13,9";"874,7";"874,7";"873,8";"2,3";"251,0";"8,3";"77,80";""
"18/10/2025";"2200";"23,7";"25,0";"23,7";"59,0";"59,0";"53,0";"15,3";"15,3";"14,6";"875,5";"875,6";"874,7";"1,4";"222,0";"4,5";"";""
"18/10/2025";"2300";"21,7";"23,7";"21,5";"68,0";"68,0";"59,0";"15,4";"15,6";"15,3";"875,9";"875,9";"875,5";"2,1";"283,0";"3,1";"";""
"19/10/2025";"0000";"21,0";"21,7";"20,8";"69,0";"71,0";"68,0";"15,1";"15,5";"15,1";"876,1";"876,1";"875,8";"1,7";"285,0";"2,7";"";""
"19/10/2025";"0100";"20,9";"21,0";"20,1";"69,0";"72,0";"68,0";"15,0";"15,3";"14,7";"876,5";"876,5";"876,1";"0,8";"260,0";"2,3";"";""
"19/10/2025";"0200";"22,6";"22,8";"20,9";"59,0";"69,0";"59,0";"14,2";"15,1";"14,2";"876,1";"876,6";"876,1";"2,1";"278,0";"3,0";"";""
"19/10/2025";"0300";"21,6";"22,6";"21,1";"65,0";"67,0";"59,0";"14,7";"14,7";"14,1";"875,6";"876,1";"875,6";"1,1";"232,0";"3,0";"";""
"19/10/2025";"0400";"22,8";"22,8";"21,4";"59,0";"66,0";"59,0";"14,5";"14,9";"14,5";"874,9";"875,5";"874,9";"1,5";"279,0";"3,5";"";""
"19/10/2025";"0500";"22,9";"22,9";"22,2";"62,0";"64,0";"59,0";"15,1";"15,1";"14,5";"874,9";"874,9";"874,7";"2,4";"262,0";"5,0";"";""
"19/10/2025";"0600";"21,3";"23,1";"21,3";"76,0";"76,0";"61,0";"16,9";"16,9";"15,1";"875,1";"875,1";"874,8";"5,9";"260,0";"10,7";"";""
"19/10/2025";"0700";"19,5";"21,3";"19,5";"86,0";"86,0";"76,0";"17,1";"17,1";"17,0";"875,5";"875,5";"875,1";"5,0";"231,0";"10,7";"";""
"19/10/2025";"0800";"18,8";"19,5";"18,8";"88,0";"88,0";"86,0";"16,7";"17,2";"16,7";"875,9";"876,0";"875,5";"4,2";"204,0";"9,4";"";""
"19/10/2025";"0900";"18,4";"18,8";"18,4";"85,0";"88,0";"85,0";"15,9";"16,8";"15,9";"876,1";"876,1";"875,8";"2,4";"226,0";"7,6";"19,30";""
"19/10/2025";"1000";"18,8";"18,8";"18,4";"84,0";"85,0";"83,0";"16,0";"16,0";"15,8";"876,4";"876,4";"876,1";"1,2";"260,0";"4,1";"93,50";""
"19/10/2025";"1100";"20,7";"20,7";"18,8";"75,0";"84,0";"74,0";"16,0";"16,3";"15,9";"876,6";"876,6";"876,3";"0,7";"276,0";"2,3";"499,90";""
"19/10/2025";"1200";"25,2";"25,2";"20,7";"55,0";"75,0";"55,0";"15,6";"16,3";"14,8";"876,3";"876,6";"876,3";"0,9";"253,0";"2,4";"1751,50";""
"19/10/2025";"1300";"28,0";"28,1";"24,6";"45,0";"55,0";"45,0";"14,9";"15,7";"14,4";"876,0";"876,3";"876,0";"2,6";"252,0";"6,0";"2392,70";""
"19/10/2025";"1400";"30,0";"30,4";"27,7";"39,0";"45,0";"38,0";"14,4";"15,4";"14,0";"875,6";"876,0";"875,6";"3,3";"296,0";"7,3";"3163,30";""
"19/10/2025";"1500";"29,5";"30,3";"28,0";"42,0";"43,0";"38,0";"15,2";"15,3";"13,7";"875,1";"875,6";"875,1";"4,2";"273,0";"8,8";"2785,70";""
"19/10/2025";"1600";"30,0";"30,8";"28,4";"38,0";"43,0";"36,0";"14,3";"15,4";"13,5";"874,2";"875,1";"874,2";"5,0";"290,0";"9,9";"3224,60";""
"19/10/2025";"1700";"29,8";"31,1";"29,6";"37,0";"39,0";"35,0";"13,6";"14,7";"13,2";"873,3";"874,2";"873,2";"5,3";"280,0";"11,9";"3308,90";""
"19/10/2025";"1800";"29,5";"30,9";"29,3";"37,0";"39,0";"33,0";"13,2";"14,0";"11,9";"872,9";"873,3";"872,8";"5,4";"265,0";"11,8";"2526,00";""
"19/10/2025";"1900";"24,5";"29,9";"24,5";"55,0";"56,0";"37,0";"14,9";"15,6";"13,3";"873,3";"873,4";"872,7";"4,9";"37,0";"10,9";"1049,20";""
"19/10/2025";"2000";"21,1";"24,8";"21,1";"81,0";"82,0";"55,0";"17,6";"18,1";"14,7";"872,9";"873,4";"872,9";"2,6";"53,0";"8,6";"381,70";""
"19/10/2025";"2100";"21,3";"21,9";"21,0";"84,0";"84,0";"77,0";"18,5";"18,9";"17,3";"873,8";"873,8";"872,9";"1,3";"334,0";"3,8";"81,10";""
"19/10/2025";"2200";"21,4";"21,5";"20,0";"74,0";"84,0";"71,0";"16,6";"18,3";"15,8";"874,9";"874,9";"873,8";"2,6";"268,0";"6,0";"";""
"19/10/2025";"2300";"17,9";"21,4";"17,8";"93,0";"94,0";"74,0";"16,7";"17,7";"16,5";"876,0";"876,0";"874,9";"2,7";"300,0";"7,9";"0,40";""
"20/10/2025";"0000";"18,1";"18,3";"17,8";"95,0";"95,0";"93,0";"17,3";"17,5";"16,7";"875,9";"876,0";"875,8";"1,1";"67,0";"6,0";"";""
"20/10/2025";"0100";"18,1";"18,3";"18,0";"94,0";"95,0";"94,0";"17,1";"17,5";"17,0";"876,8";"876,8";"875,9";"0,9";"49,0";"3,1";"";""
"20/10/2025";"0200";"18,1";"18,6";"18,1";"96,0";"96,0";"94,0";"17,4";"17,7";"17,1";"877,4";"877,4";"876,7";"2,8";"272,0";"7,1";"0,70";""
"20/10/2025";"0300";"18,0";"18,2";"18,0";"96,0";"96,0";"96,0";"17,4";"17,6";"17,4";"877,0";"877,4";"877,0";"1,6";"49,0";"5,4";"";""
"20/10/2025";"0400";"17,9";"18,1";"17,9";"96,0";"96,0";"96,0";"17,3";"17,4";"17,3";"876,8";"877,0";"876,8";"1,3";"39,0";"3,3";"";""
"20/10/2025";"0500";"17,8";"18,0";"17,8";"96,0";"96,0";"96,0";"17,2";"17,3";"17,2";"876,0";"876,8";"876,0";"1,7";"38,0";"3,7";"";""
"20/10/2025";"0600";"17,8";"17,9";"17,4";"96,0";"96,0";"96,0";"17,2";"17,3";"16,8";"875,4";"876,0";"875,4";"1,4";"229,0";"2,9";"";""
"20/10/2025";"0700";"17,0";"17,8";"16,8";"94,0";"96,0";"94,0";"16,1";"17,2";"15,9";"875,4";"875,4";"875,2";"0,5";"31,0";"6,0";"";""
"20/10/2025";"0800";"17,0";"17,5";"16,7";"94,0";"94,0";"93,0";"16,0";"16,6";"15,5";"876,1";"876,1";"875,4";"0,1";"210,0";"3,0";"";""
"20/10/2025";"0900";"16,8";"17,0";"16,5";"95,0";"95,0";"94,0";"15,9";"16,0";"15,6";"876,5";"876,5";"876,1";"1,2";"252,0";"1,6";"2,10";""
"20/10/2025";"1000";"17,5";"17,5";"16,7";"95,0";"95,0";"94,0";"16,6";"16,6";"15,9";"876,9";"876,9";"876,5";"0,0";"360,0";"1,6";"83,30";""
"20/10/2025";"1100";"18,3";"18,4";"17,3";"92,0";"95,0";"92,0";"17,1";"17,2";"16,3";"877,5";"877,5";"876,9";"0,0";"265,0";"0,7";"206,30";""
"20/10/2025";"1200";"19,1";"19,1";"18,2";"88,0";"93,0";"88,0";"17,0";"17,4";"16,4";"877,8";"877,8";"877,5";"0,0";"280,0";"2,1";"344,60";""
"20/10/2025";"1300";"18,6";"19,5";"18,6";"91,0";"92,0";"85,0";"17,1";"17,7";"16,5";"877,9";"878,0";"877,7";"1,9";"54,0";"4,3";"617,70";""
"20/10/2025";"1400";"19,6";"19,6";"18,5";"85,0";"93,0";"85,0";"17,0";"17,9";"16,9";"877,8";"877,9";"877,7";"2,1";"49,0";"4,2";"816,60";""
"20/10/2025";"1500";"20,4";"20,4";"19,5";"80,0";"89,0";"79,0";"16,9";"18,0";"16,5";"877,6";"877,8";"877,5";"2,2";"50,0";"4,2";"873,30";""
"20/10/2025";"1600";"19,6";"20,6";"19,5";"87,0";"88,0";"74,0";"17,5";"17,7";"15,7";"877,1";"877,6";"877,0";"3,4";"35,0";"5,4";"984,40";""
"20/10/2025";"1700";"20,0";"20,4";"19,4";"87,0";"89,0";"84,0";"17,8";"18,1";"17,0";"876,5";"877,1";"876,4";"3,3";"43,0";"5,9";"1210,60";""
"20/10/2025";"1800";"19,7";"21,0";"19,6";"82,0";"87,0";"80,0";"16,5";"18,1";"16,3";"875,4";"876,5";"875,4";"4,1";"41,0";"6,7";"1313,50";""
"20/10/2025";"1900";"21,7";"21,9";"19,7";"77,0";"84,0";"77,0";"17,5";"18,2";"16,6";"874,8";"875,4";"874,7";"3,5";"61,0";"6,5";"1708,50";""
"20/10/2025";"2000";"19,4";"23,0";"19,4";"87,0";"87,0";"72,0";"17,3";"18,4";"17,0";"875,2";"875,3";"874,7";"3,4";"46,0";"7,4";"1054,70";""
"20/10/2025";"2100";"18,6";"19,4";"18,6";"92,0";"92,0";"87,0";"17,2";"17,5";"17,2";"875,9";"875,9";"875,2";"3,2";"54,0";"5,5";"170,70";""
"20/10/2025";"2200";"18,4";"18,6";"18,2";"89,0";"93,0";"89,0";"16,6";"17,4";"16,6";"876,6";"876,6";"875,9";"2,1";"42,0";"5,2";"";""
"20/10/2025";"2300";"18,2";"18,4";"18,1";"92,0";"92,0";"89,0";"16,8";"16,8";"16,5";"877,3";"877,3";"876,6";"2,1";"59,0";"5,0";"";""
"21/10/2025";"0000";"18,0";"18,2";"17,8";"93,0";"94,0";"92,0";"16,9";"17,0";"16,7";"878,3";"878,3";"877,2";"2,9";"60,0";"5,7";"";""
"21/10/2025";"0100";"18,0";"18,2";"18,0";"93,0";"93,0";"91,0";"16,8";"16,9";"16,6";"878,7";"878,8";"878,3";"2,9";"62,0";"6,3";"";""
"21/10/2025";"0200";"17,0";"18,0";"17,0";"96,0";"96,0";"93,0";"16,3";"16,9";"16,3";"878,8";"878,9";"878,6";"4,3";"86,0";"9,2";"";""
"21/10/2025";"0300";"16,8";"17,0";"16,7";"96,0";"96,0";"96,0";"16,2";"16,4";"16,1";"878,6";"878,8";"878,5";"2,6";"64,0";"9,2";"";""
"21/10/2025";"0400";"16,4";"16,9";"16,4";"94,0";"96,0";"94,0";"15,5";"16,2";"15,5";"878,2";"878,6";"878,2";"0,2";"84,0";"7,2";"";""
"21/10/2025";"0500";"15,7";"16,4";"15,7";"96,0";"96,0";"94,0";"15,1";"15,5";"15,1";"877,4";"878,3";"877,3";"4,5";"72,0";"8,7";"";""
"21/10/2025";"0600";"15,7";"15,8";"15,6";"97,0";"97,0";"96,0";"15,2";"15,2";"15,0";"877,2";"877,4";"876,9";"3,3";"63,0";"8,6";"";""
"21/10/2025";"0700";"15,4";"15,8";"15,3";"97,0";"97,0";"97,0";"14,9";"15,3";"14,8";"877,7";"877,8";"877,2";"2,6";"88,0";"6,9";"0,80";""
"21/10/2025";"0800";"15,3";"15,4";"15,2";"97,0";"97,0";"97,0";"14,9";"14,9";"14,7";"878,0";"878,1";"877,7";"0,1";"81,0";"6,6";"";""
"21/10/2025";"0900";"15,0";"15,4";"15,0";"97,0";"97,0";"97,0";"14,5";"14,9";"14,5";"878,4";"878,4";"878,0";"0,7";"87,0";"7,4";"2,70";""
"21/10/2025";"1000";"15,3";"15,3";"15,0";"97,0";"97,0";"97,0";"14,8";"14,8";"14,5";"878,8";"878,9";"878,4";"3,4";"85,0";"9,5";"80,20";""
"21/10/2025";"1100";"15,3";"15,6";"15,2";"97,0";"97,0";"97,0";"14,8";"15,1";"14,7";"879,6";"879,6";"878,8";"0,9";"74,0";"9,5";"249,70";""
"21/10/2025";"1200";"15,4";"15,8";"15,2";"96,0";"97,0";"96,0";"14,8";"15,3";"14,6";"879,8";"879,9";"879,6";"4,5";"84,0";"9,0";"761,60";""
"21/10/2025";"1300";"15,7";"16,0";"15,3";"94,0";"97,0";"94,0";"14,8";"15,3";"14,6";"880,0";"880,3";"879,8";"5,3";"82,0";"10,0";"1088,40";""
"21/10/2025";"1400";"16,7";"17,1";"15,6";"90,0";"95,0";"90,0";"15,1";"15,8";"14,8";"879,7";"880,1";"879,7";"4,8";"74,0";"10,0";"1740,60";""
"21/10/2025";"1500";"17,0";"17,4";"16,3";"87,0";"91,0";"84,0";"14,7";"15,5";"14,0";"879,5";"879,9";"879,5";"5,2";"84,0";"10,0";"2082,30";""
"21/10/2025";"1600";"16,0";"17,6";"15,5";"88,0";"91,0";"84,0";"14,1";"15,1";"13,9";"879,1";"879,5";"879,1";"5,8";"91,0";"11,4";"1700,30";""
"21/10/2025";"1700";"15,8";"17,1";"15,6";"93,0";"94,0";"84,0";"14,7";"15,1";"13,9";"878,5";"879,1";"878,5";"2,6";"85,0";"9,7";"1333,60";""
"21/10/2025";"1800";"15,8";"16,3";"15,5";"90,0";"93,0";"88,0";"14,1";"15,1";"13,9";"878,4";"878,5";"878,4";"0,0";"89,0";"9,7";"858,10";""
"21/10/2025";"1900";"15,4";"16,0";"15,3";"92,0";"92,0";"89,0";"14,1";"14,4";"13,9";"877,9";"878,4";"877,9";"4,5";"91,0";"9,0";"526,90";""
"21/10/2025";"2000";"15,6";"15,9";"15,4";"90,0";"92,0";"88,0";"14,0";"14,4";"13,8";"877,8";"877,9";"877,6";"2,3";"75,0";"8,5";"394,00";""
"21/10/2025";"2100";"15,4";"15,8";"15,4";"90,0";"91,0";"89,0";"13,8";"14,1";"13,8";"878,1";"878,1";"877,8";"0,0";"74,0";"8,0";"155,00";""
"21/10/2025";"2200";"15,2";"15,4";"15,2";"92,0";"93,0";"90,0";"14,0";"14,0";"13,8";"878,7";"878,7";"878,1";"0,4";"70,0";"8,1";"1,30";""
"21/10/2025";"2300";"15,4";"15,5";"15,2";"91,0";"92,0";"90,0";"14,0";"14,0";"13,8";"879,3";"879,3";"878,7";"1,6";"74,0";"8,4";"";""
"22/10/2025";"0000";"15,9";"15,9";"15,3";"86,0";"92,0";"86,0";"13,6";"14,0";"13,6";"879,7";"879,7";"879,3";"0,3";"73,0";"7,2";"";""
"22/10/2025";"0100";"15,8";"16,0";"15,8";"85,0";"87,0";"84,0";"13,3";"13,6";"13,2";"880,0";"880,0";"879,7";"4,1";"83,0";"10,0";"";""
"22/10/2025";"0200";"15,5";"15,8";"15,5";"88,0";"88,0";"85,0";"13,5";"13,5";"13,3";"880,1";"880,2";"880,0";"1,3";"82,0";"10,0";"";""
"22/10/2025";"0300";"15,4";"15,6";"15,4";"87,0";"88,0";"86,0";"13,3";"13,5";"13,2";"879,4";"880,1";"879,4";"3,5";"74,0";"10,9";"";""
"22/10/2025";"0400";"14,9";"15,4";"14,9";"88,0";"88,0";"86,0";"12,9";"13,3";"12,8";"879,1";"879,5";"879,1";"1,2";"81,0";"9,8";"";""
"22/10/2025";"0500";"14,5";"14,9";"14,4";"87,0";"88,0";"87,0";"12,4";"13,0";"12,4";"878,7";"879,1";"878,7";"1,0";"76,0";"11,2";"";""
"22/10/2025";"0600";"14,4";"14,5";"14,4";"87,0";"88,0";"87,0";"12,2";"12,4";"12,2";"878,5";"878,8";"878,5";"4,0";"81,0";"10,7";"";""
"22/10/2025";"0700";"14,0";"14,4";"14,0";"87,0";"87,0";"86,0";"12,0";"12,3";"11,9";"878,3";"878,5";"878,3";"4,2";"73,0";"10,5";"";""
"22/10/2025";"0800";"13,8";"14,0";"13,7";"87,0";"88,0";"86,0";"11,7";"12,0";"11,6";"878,7";"878,7";"878,3";"2,0";"73,0";"10,8";"";""
"22/10/2025";"0900";"13,7";"13,8";"13,6";"87,0";"88,0";"87,0";"11,6";"11,7";"11,5";"879,3";"879,3";"878,7";"5,7";"67,0";"11,3";"12,20";""
"22/10/2025";"1000";"14,2";"14,2";"13,6";"85,0";"87,0";"84,0";"11,6";"11,8";"11,3";"880,0";"880,0";"879,2";"4,0";"73,0";"11,3";"294,50";""
"22/10/2025";"1100";"14,9";"15,5";"14,2";"80,0";"85,0";"78,0";"11,4";"12,0";"11,2";"880,8";"880,8";"880,0";"3,1";"71,0";"11,0";"893,50";""
"22/10/2025";"1200";"16,6";"16,6";"14,9";"75,0";"80,0";"73,0";"12,2";"12,4";"11,2";"881,3";"881,4";"880,8";"3,9";"67,0";"12,7";"1576,90";""
"22/10/2025";"1300";"18,0";"18,5";"15,9";"69,0";"76,0";"68,0";"12,2";"12,7";"11,4";"881,5";"881,5";"881,3";"3,8";"89,0";"10,9";"2637,60";""
"22/10/2025";"1400";"19,0";"19,7";"17,7";"66,0";"70,0";"63,0";"12,5";"13,3";"11,9";"881,5";"881,6";"881,4";"4,6";"92,0";"10,0";"3225,10";""
"22/10/2025";"1500";"20,6";"21,6";"19,0";"61,0";"66,0";"59,0";"12,7";"13,6";"12,0";"881,2";"881,5";"881,2";"1,4";"79,0";"9,7";"3679,00";""
"22/10/2025";"1600";"";"";"";"";"";"";"";"";"";"";"";"";"";"";"";"";""
"22/10/2025";"1700";"";"";"";"";"";"";"";"";"";"";"";"";"";"";"";"";""
"22/10/2025";"1800";"";"";"";"";"";"";"";"";"";"";"";"";"";"";"";"";""
"22/10/2025";"1900";"";"";"";"";"";"";"";"";"";"";"";"";"";"";"";"";""
"22/10/2025";"2000";"";"";"";"";"";"";"";"";"";"";"";"";"";"";"";"";""
"22/10/2025";"2100";"21,0";"22,5";"21,0";"60,0";"60,0";"55,0";"12,9";"13,3";"12,8";"879,1";"879,2";"878,9";"0,0";"99,0";"0,0";"342,40";""
"22/10/2025";"2200";"19,2";"21,0";"19,2";"67,0";"67,0";"60,0";"12,9";"13,1";"12,8";"879,5";"879,5";"879,1";"0,0";"60,0";"0,0";"8,10";""
"22/10/2025";"2300";"17,3";"19,2";"17,3";"74,0";"74,0";"67,0";"12,7";"12,9";"12,7";"879,8";"879,8";"879,5";"0,0";"48,0";"0,0";"";""
"23/10/2025";"0000";"15,9";"17,3";"15,8";"81,0";"82,0";"74,0";"12,7";"13,0";"12,7";"880,1";"880,1";"879,8";"0,0";"27,0";"0,0";"";""
"23/10/2025";"0100";"18,1";"18,1";"15,6";"72,0";"82,0";"72,0";"12,9";"13,0";"12,5";"880,4";"880,4";"880,1";"0,0";"35,0";"0,0";"";""
"23/10/2025";"0200";"16,9";"18,2";"16,6";"78,0";"79,0";"71,0";"13,0";"13,0";"12,7";"880,3";"880,4";"880,3";"0,0";"73,0";"0,0";"";""
"23/10/2025";"0300";"18,1";"18,5";"16,9";"71,0";"78,0";"69,0";"12,6";"13,1";"12,6";"879,8";"880,3";"879,8";"1,4";"72,0";"9,5";"";""
"23/10/2025";"0400";"17,2";"18,2";"17,1";"75,0";"75,0";"70,0";"12,7";"12,7";"12,5";"879,6";"879,8";"879,5";"1,4";"64,0";"10,0";"";""
"23/10/2025";"0500";"16,3";"17,2";"16,2";"79,0";"80,0";"75,0";"12,7";"12,9";"12,6";"879,1";"879,6";"879,1";"0,9";"72,0";"9,6";"";""
"23/10/2025";"0600";"15,8";"16,4";"15,8";"81,0";"81,0";"79,0";"12,5";"12,7";"12,5";"878,6";"879,1";"878,6";"4,8";"87,0";"8,4";"";""
"23/10/2025";"0700";"15,4";"15,9";"15,4";"84,0";"84,0";"81,0";"12,6";"12,6";"12,5";"878,7";"878,8";"878,6";"2,1";"70,0";"9,4";"";""
"23/10/2025";"0800";"15,1";"15,4";"15,1";"84,0";"84,0";"83,0";"12,4";"12,6";"12,4";"879,3";"879,3";"878,7";"3,9";"73,0";"8,8";"";""
"23/10/2025";"0900";"14,6";"15,1";"14,6";"85,0";"85,0";"84,0";"12,1";"12,4";"12,1";"879,7";"879,7";"879,3";"3,2";"83,0";"9,3";"12,30";""
"23/10/2025";"1000";"14,8";"14,8";"14,5";"84,0";"85,0";"84,0";"12,1";"12,3";"12,0";"880,5";"880,5";"879,7";"4,7";"78,0";"8,4";"235,50";""
"23/10/2025";"1100";"16,1";"16,1";"14,7";"80,0";"84,0";"80,0";"12,6";"12,6";"12,0";"881,3";"881,3";"880,5";"4,7";"78,0";"9,4";"604,10";""
"23/10/2025";"1200";"18,6";"18,9";"16,1";"66,0";"80,0";"66,0";"12,2";"13,0";"11,9";"881,5";"881,5";"881,3";"0,8";"87,0";"9,5";"1966,10";""
"23/10/2025";"1300";"20,3";"20,8";"17,8";"60,0";"69,0";"60,0";"12,4";"13,1";"11,7";"881,3";"881,5";"881,3";"2,1";"73,0";"10,0";"2939,10";""
"23/10/2025";"1400";"21,9";"22,3";"19,7";"55,0";"62,0";"54,0";"12,3";"13,2";"11,9";"880,7";"881,3";"880,6";"5,2";"83,0";"10,3";"3616,60";""
"23/10/2025";"1500";"22,4";"22,8";"20,9";"52,0";"57,0";"50,0";"12,1";"12,7";"11,4";"880,1";"880,7";"880,1";"4,9";"100,0";"10,7";"3856,30";""
"23/10/2025";"1600";"23,7";"24,2";"22,2";"46,0";"52,0";"46,0";"11,5";"12,5";"11,2";"879,3";"880,1";"879,2";"0,0";"107,0";"9,5";"3897,70";""
"23/10/2025";"1700";"23,0";"25,1";"22,6";"48,0";"51,0";"44,0";"11,5";"12,8";"11,1";"878,3";"879,3";"878,3";"2,1";"98,0";"9,7";"3410,60";""
"23/10/2025";"1800";"23,8";"24,5";"22,6";"48,0";"51,0";"45,0";"12,0";"12,8";"11,4";"877,8";"878,3";"877,7";"4,2";"87,0";"9,7";"1773,00";""
"23/10/2025";"1900";"23,9";"24,8";"23,3";"46,0";"49,0";"44,0";"11,5";"12,2";"11,1";"877,8";"877,9";"877,6";"1,5";"79,0";"7,9";"1537,10";""
"23/10/2025";"2000";"23,1";"24,1";"22,9";"47,0";"49,0";"46,0";"11,3";"12,1";"11,1";"878,0";"878,0";"877,7";"3,7";"86,0";"7,1";"777,30";""
"23/10/2025";"2100";"22,1";"23,3";"22,1";"50,0";"50,0";"47,0";"11,2";"11,5";"11,0";"878,2";"878,2";"878,0";"0,3";"85,0";"7,3";"286,00";""
"23/10/2025";"2200";"21,3";"22,1";"21,2";"54,0";"55,0";"50,0";"11,7";"11,7";"11,2";"878,7";"878,7";"878,2";"0,0";"86,0";"5,4";"";""
"23/10/2025";"2300";"20,8";"21,5";"20,8";"56,0";"57,0";"54,0";"11,6";"12,1";"11,3";"879,1";"879,1";"878,7";"0,0";"75,0";"0,0";"";""
"24/10/2025";"0000";"20,6";"20,8";"20,3";"55,0";"58,0";"55,0";"11,2";"11,8";"11,2";"879,7";"879,7";"879,1";"0,0";"59,0";"0,0";"";""
"24/10/2025";"0100";"19,3";"20,6";"19,0";"60,0";"60,0";"55,0";"11,3";"11,3";"10,9";"880,0";"880,0";"879,7";"0,0";"56,0";"0,0";"";""
"24/10/2025";"0200";"20,4";"20,7";"19,2";"55,0";"60,0";"54,0";"11,1";"11,3";"11,1";"879,7";"880,1";"879,7";"0,0";"88,0";"4,3";"";""
"24/10/2025";"0300";"19,4";"20,4";"19,3";"60,0";"60,0";"55,0";"11,4";"11,4";"11,1";"879,2";"879,7";"879,2";"2,9";"86,0";"7,9";"";""
"24/10/2025";"0400";"18,6";"19,4";"18,6";"64,0";"64,0";"60,0";"11,7";"11,7";"11,4";"878,7";"879,2";"878,7";"0,0";"77,0";"8,2";"";""
"24/10/2025";"0500";"17,9";"18,6";"17,8";"68,0";"68,0";"64,0";"11,9";"12,0";"11,6";"878,4";"878,7";"878,4";"0,1";"75,0";"7,9";"";""
"24/10/2025";"0600";"17,2";"17,9";"17,2";"72,0";"72,0";"68,0";"12,2";"12,3";"11,9";"878,2";"878,4";"878,2";"5,3";"81,0";"10,2";"";""
"24/10/2025";"0700";"16,5";"17,3";"16,5";"76,0";"76,0";"72,0";"12,2";"12,3";"12,2";"878,2";"878,2";"878,1";"4,5";"83,0";"10,2";"";""
"24/10/2025";"0800";"16,3";"16,5";"15,9";"77,0";"79,0";"76,0";"12,3";"12,3";"12,2";"878,6";"878,6";"878,2";"5,1";"85,0";"9,3";"";""
"24/10/2025";"0900";"15,7";"16,3";"15,5";"81,0";"82,0";"77,0";"12,4";"12,4";"12,2";"879,2";"879,2";"878,6";"1,0";"70,0";"9,3";"7,40";""
"24/10/2025";"1000";"16,6";"16,9";"15,7";"77,0";"81,0";"76,0";"12,6";"12,8";"12,4";"880,0";"880,0";"879,2";"6,0";"78,0";"10,6";"187,80";""
"24/10/2025";"1100";"17,3";"17,3";"16,5";"77,0";"79,0";"77,0";"13,2";"13,3";"12,6";"880,6";"880,6";"880,0";"5,3";"81,0";"11,1";"678,10";""
"24/10/2025";"1200";"19,6";"19,8";"17,1";"70,0";"78,0";"69,0";"13,9";"14,3";"13,0";"881,2";"881,2";"880,6";"0,0";"75,0";"10,5";"1537,50";""
"24/10/2025";"1300";"20,2";"20,2";"18,7";"67,0";"72,0";"67,0";"14,0";"14,2";"13,0";"881,3";"881,3";"881,1";"1,0";"86,0";"10,1";"1768,10";""
"24/10/2025";"1400";"21,7";"22,3";"20,0";"62,0";"67,0";"59,0";"14,0";"14,4";"13,3";"880,7";"881,3";"880,7";"1,2";"70,0";"9,7";"3079,40";""
"24/10/2025";"1500";"23,2";"23,7";"21,3";"54,0";"62,0";"53,0";"13,5";"14,5";"13,1";"880,1";"880,7";"880,1";"5,4";"78,0";"9,6";"3884,70";""
"24/10/2025";"1600";"24,6";"25,3";"22,4";"49,0";"55,0";"47,0";"13,1";"13,9";"12,1";"879,0";"880,1";"879,0";"2,7";"81,0";"10,5";"3827,10";""
"24/10/2025";"1700";"25,6";"26,1";"23,9";"45,0";"51,0";"43,0";"12,7";"13,8";"11,6";"878,1";"879,0";"878,1";"3,2";"88,0";"8,2";"2988,50";""
"24/10/2025";"1800";"26,5";"26,8";"24,6";"41,0";"46,0";"40,0";"12,1";"12,8";"11,5";"877,5";"878,1";"877,5";"2,2";"68,0";"8,0";"2843,80";""
"24/10/2025";"1900";"26,0";"26,8";"24,8";"41,0";"43,0";"39,0";"11,7";"12,2";"10,8";"877,0";"877,5";"877,0";"0,0";"72,0";"8,2";"2003,50";""
"24/10/2025";"2000";"24,9";"26,2";"24,8";"41,0";"42,0";"38,0";"10,8";"11,5";"10,3";"877,0";"877,1";"876,9";"0,4";"92,0";"7,4";"1161,30";""
"24/10/2025";"2100";"23,6";"25,0";"23,6";"45,0";"46,0";"41,0";"11,1";"11,2";"10,6";"877,2";"877,2";"877,0";"0,0";"98,0";"7,5";"320,20";""
"24/10/2025";"2200";"21,8";"23,6";"21,8";"52,0";"52,0";"45,0";"11,5";"11,6";"11,1";"877,5";"877,5";"877,2";"1,4";"104,0";"4,0";"";""
"24/10/2025";"2300";"17,8";"21,8";"17,7";"69,0";"69,0";"52,0";"12,1";"12,2";"11,5";"877,9";"877,9";"877,5";"0,0";"151,0";"2,7";"";""
"25/10/2025";"0000";"17,0";"18,6";"17,0";"71,0";"71,0";"65,0";"11,7";"12,2";"11,6";"878,2";"878,2";"877,9";"0,0";"171,0";"2,7";"";""
"25/10/2025";"0100";"18,6";"18,6";"16,5";"65,0";"74,0";"65,0";"11,9";"12,0";"11,5";"878,5";"878,5";"878,2";"0,0";"85,0";"0,3";"";""
"25/10/2025";"0200";"20,3";"20,7";"18,6";"56,0";"65,0";"54,0";"11,1";"12,0";"11,1";"878,2";"878,5";"878,2";"3,7";"67,0";"7,5";"";""
"25/10/2025";"0300";"19,6";"20,3";"19,4";"59,0";"59,0";"56,0";"11,2";"11,2";"11,1";"877,6";"878,2";"877,6";"0,0";"62,0";"6,8";"";""
"25/10/2025";"0400";"18,8";"19,7";"18,8";"62,0";"62,0";"58,0";"11,3";"11,3";"11,2";"876,9";"877,6";"876,9";"0,0";"64,0";"6,8";"";""
"25/10/2025";"0500";"18,3";"18,9";"18,3";"64,0";"64,0";"61,0";"11,5";"11,5";"11,3";"876,6";"876,9";"876,6";"0,0";"76,0";"5,1";"";""
"25/10/2025";"0600";"17,7";"18,4";"17,6";"67,0";"68,0";"64,0";"11,6";"11,6";"11,5";"876,5";"876,7";"876,5";"3,2";"66,0";"5,2";"";""
"25/10/2025";"0700";"17,6";"17,7";"16,5";"68,0";"73,0";"67,0";"11,7";"11,9";"11,5";"876,7";"876,7";"876,5";"0,0";"86,0";"7,8";"";""
"25/10/2025";"0800";"16,6";"17,7";"16,6";"74,0";"74,0";"68,0";"12,0";"12,1";"11,6";"877,1";"877,1";"876,7";"4,8";"87,0";"10,3";"";""
"25/10/2025";"0900";"15,6";"16,7";"15,6";"81,0";"81,0";"74,0";"12,3";"12,3";"12,1";"877,3";"877,3";"877,1";"2,4";"63,0";"9,0";"10,30";""
"25/10/2025";"1000";"17,3";"17,3";"15,6";"76,0";"81,0";"76,0";"13,1";"13,1";"12,3";"878,0";"878,0";"877,3";"4,3";"69,0";"7,1";"390,70";""
"25/10/2025";"1100";"19,3";"19,9";"17,3";"69,0";"77,0";"68,0";"13,6";"14,2";"13,1";"878,5";"878,5";"878,0";"4,4";"55,0";"9,2";"1466,60";""
"25/10/2025";"1200";"21,5";"21,9";"19,3";"63,0";"70,0";"61,0";"14,1";"14,4";"13,6";"878,9";"878,9";"878,5";"2,1";"57,0";"8,9";"2314,30";""
"25/10/2025";"1300";"23,2";"23,6";"21,1";"56,0";"63,0";"54,0";"14,0";"14,3";"13,3";"879,0";"879,1";"878,9";"4,4";"56,0";"9,0";"3086,40";""
"25/10/2025";"1400";"24,4";"25,5";"22,8";"51,0";"57,0";"49,0";"13,6";"14,6";"13,3";"879,1";"879,2";"879,0";"4,0";"45,0";"8,0";"3539,50";""
"25/10/2025";"1500";"25,7";"26,6";"24,4";"45,0";"51,0";"44,0";"13,0";"14,5";"13,0";"878,7";"879,1";"878,6";"4,5";"44,0";"8,1";"3737,40";""
"25/10/2025";"1600";"25,3";"25,7";"24,5";"47,0";"48,0";"45,0";"13,0";"13,4";"12,2";"877,8";"878,7";"877,8";"0,0";"42,0";"8,1";"1320,20";""
"25/10/2025";"1700";"26,9";"28,1";"25,2";"39,0";"47,0";"37,0";"12,0";"13,4";"11,2";"876,9";"877,8";"876,9";"0,4";"41,0";"4,6";"1991,30";""
"25/10/2025";"1800";"25,8";"29,0";"25,8";"41,0";"41,0";"33,0";"11,4";"12,8";"10,0";"876,5";"876,9";"876,5";"0,0";"111,0";"7,2";"2358,50";""
"25/10/2025";"1900";"26,0";"26,1";"25,7";"38,0";"41,0";"36,0";"10,6";"11,6";"9,6";"876,3";"876,5";"876,3";"0,0";"110,0";"0,0";"486,40";""
"25/10/2025";"2000";"25,3";"26,2";"25,3";"38,0";"39,0";"36,0";"10,2";"11,2";"9,5";"876,4";"876,4";"876,2";"0,0";"65,0";"0,0";"337,40";""
"25/10/2025";"2100";"23,6";"25,3";"23,6";"47,0";"47,0";"39,0";"11,5";"12,1";"10,2";"876,5";"876,6";"876,4";"0,0";"20,0";"0,0";"102,40";""
"25/10/2025";"2200";"20,4";"23,6";"20,2";"61,0";"62,0";"46,0";"12,7";"12,7";"11,1";"877,1";"877,1";"876,5";"0,0";"275,0";"0,0";"";""
"25/10/2025";"2300";"21,4";"21,4";"19,7";"58,0";"65,0";"58,0";"12,7";"13,1";"12,3";"877,5";"877,5";"877,1";"0,0";"313,0";"0,0";"";""
"26/10/2025";"0000";"21,6";"21,6";"20,8";"57,0";"65,0";"56,0";"12,6";"14,0";"12,6";"877,9";"877,9";"877,5";"0,0";"316,0";"0,0";"";""
"26/10/2025";"0100";"21,1";"21,6";"20,6";"60,0";"65,0";"56,0";"13,1";"13,8";"12,6";"878,3";"878,3";"877,9";"0,0";"331,0";"0,0";"";""
"26/10/2025";"0200";"21,1";"21,2";"20,4";"57,0";"62,0";"57,0";"12,2";"13,1";"11,9";"877,9";"878,3";"877,9";"0,0";"48,0";"0,0";"";""
"26/10/2025";"0300";"21,7";"21,9";"19,8";"52,0";"65,0";"51,0";"11,5";"13,2";"11,3";"877,2";"877,9";"877,2";"0,0";"13,0";"0,0";"";""
"26/10/2025";"0400";"21,9";"22,5";"21,1";"49,0";"55,0";"46,0";"10,5";"12,2";"10,1";"876,7";"877,2";"876,7";"0,0";"49,0";"0,0";"";""
"26/10/2025";"0500";"20,6";"22,4";"20,6";"53,0";"53,0";"46,0";"10,7";"10,7";"10,2";"876,0";"876,7";"876,0";"0,0";"60,0";"5,1";"";""
"26/10/2025";"0600";"19,7";"20,6";"19,7";"57,0";"57,0";"53,0";"11,0";"11,0";"10,6";"875,7";"876,0";"875,6";"0,0";"36,0";"0,0";"";""
"26/10/2025";"0700";"19,3";"19,7";"18,9";"59,0";"60,0";"57,0";"11,0";"11,1";"10,7";"875,8";"875,8";"875,6";"0,0";"53,0";"0,0";"";""
"26/10/2025";"0800";"17,0";"19,3";"16,9";"69,0";"69,0";"59,0";"11,3";"11,5";"11,0";"876,2";"876,2";"875,8";"0,0";"60,0";"0,0";"";""
"26/10/2025";"0900";"19,5";"19,5";"17,0";"60,0";"69,0";"60,0";"11,6";"11,8";"11,3";"876,7";"876,7";"876,2";"0,0";"44,0";"0,0";"16,60";""
"26/10/2025";"1000";"21,4";"21,4";"19,5";"57,0";"60,0";"54,0";"12,4";"12,4";"11,4";"877,2";"877,2";"876,7";"2,6";"77,0";"5,2";"437,50";""
"26/10/2025";"1100";"23,4";"23,9";"21,4";"48,0";"57,0";"47,0";"11,8";"12,5";"11,5";"877,6";"877,7";"877,2";"4,7";"66,0";"9,1";"1423,50";""
"26/10/2025";"1200";"24,8";"25,1";"23,5";"45,0";"48,0";"43,0";"12,2";"12,6";"11,4";"877,8";"877,8";"877,6";"4,4";"57,0";"9,4";"2299,90";""
"26/10/2025";"1300";"26,2";"26,5";"24,9";"41,0";"46,0";"41,0";"12,0";"12,6";"11,7";"877,6";"877,9";"877,6";"4,7";"65,0";"8,9";"3019,50";""
"26/10/2025";"1400";"26,8";"27,4";"25,9";"41,0";"43,0";"38,0";"12,3";"12,9";"11,4";"877,4";"877,6";"877,4";"3,4";"77,0";"10,1";"3505,70";""
"26/10/2025";"1500";"28,5";"28,6";"26,9";"36,0";"41,0";"34,0";"11,7";"12,9";"10,3";"876,9";"877,5";"876,9";"0,0";"71,0";"8,5";"3823,40";""
"26/10/2025";"1600";"26,6";"29,2";"26,5";"39,0";"39,0";"33,0";"11,4";"12,0";"10,3";"876,0";"876,9";"875,9";"3,2";"82,0";"8,1";"2030,80";""
"26/10/2025";"1700";"28,8";"28,8";"26,5";"34,0";"39,0";"34,0";"11,6";"12,3";"10,3";"875,1";"875,9";"875,1";"2,0";"62,0";"8,0";"1611,20";""
"26/10/2025";"1800";"28,6";"29,6";"27,8";"31,0";"35,0";"31,0";"9,9";"12,0";"9,9";"874,4";"875,1";"874,4";"1,8";"37,0";"7,7";"2495,40";""
"26/10/2025";"1900";"29,0";"30,3";"28,5";"31,0";"32,0";"29,0";"10,0";"10,8";"9,4";"873,9";"874,4";"873,9";"0,0";"42,0";"7,2";"2280,90";""
"26/10/2025";"2000";"27,4";"29,5";"27,4";"33,0";"33,0";"30,0";"9,6";"10,6";"8,9";"874,0";"874,0";"873,8";"0,0";"73,0";"7,0";"1088,10";""
"26/10/2025";"2100";"25,5";"27,4";"25,5";"37,0";"38,0";"32,0";"9,9";"10,0";"9,0";"874,2";"874,2";"874,0";"0,0";"77,0";"0,0";"203,10";""
"26/10/2025";"2200";"22,0";"25,7";"22,0";"51,0";"51,0";"37,0";"11,5";"11,5";"9,9";"875,0";"875,0";"874,2";"0,0";"59,0";"0,0";"3,20";""
"26/10/2025";"2300";"20,5";"22,3";"20,5";"57,0";"57,0";"50,0";"11,6";"11,8";"11,4";"875,5";"875,5";"875,0";"0,0";"344,0";"0,0";"";""
"27/10/2025";"0000";"19,5";"20,8";"19,3";"61,0";"61,0";"56,0";"11,8";"11,9";"11,6";"876,1";"876,1";"875,5";"0,0";"51,0";"0,0";"";""
"27/10/2025";"0100";"19,1";"19,9";"19,0";"64,0";"64,0";"60,0";"12,0";"12,1";"11,8";"876,6";"876,6";"876,1";"0,0";"5,0";"0,0";"";""
"27/10/2025";"0200";"19,4";"20,3";"18,9";"62,0";"66,0";"59,0";"11,9";"12,5";"11,7";"876,7";"876,8";"876,6";"0,0";"57,0";"0,0";"";""
"27/10/2025";"0300";"21,9";"22,4";"19,4";"53,0";"62,0";"49,0";"11,9";"11,9";"11,2";"876,5";"876,7";"876,5";"0,0";"39,0";"0,0";"";""
"27/10/2025";"0400";"21,3";"22,0";"21,2";"56,0";"57,0";"53,0";"12,1";"12,4";"11,9";"876,1";"876,6";"876,1";"0,0";"25,0";"0,0";"";""
"27/10/2025";"0500";"21,7";"22,0";"21,3";"53,0";"56,0";"52,0";"11,8";"12,2";"11,7";"875,7";"876,1";"875,7";"0,0";"42,0";"0,0";"";""
"27/10/2025";"0600";"20,3";"21,8";"19,7";"59,0";"61,0";"53,0";"12,0";"12,1";"11,7";"875,4";"875,7";"875,4";"0,0";"28,0";"0,0";"";""
"27/10/2025";"0700";"19,3";"20,7";"19,1";"64,0";"65,0";"57,0";"12,4";"12,4";"11,8";"875,5";"875,5";"875,3";"0,0";"59,0";"0,0";"";""
"27/10/2025";"0800";"20,8";"21,4";"19,3";"56,0";"65,0";"54,0";"11,8";"13,1";"11,7";"876,0";"876,0";"875,5";"3,6";"49,0";"7,0";"";""
"27/10/2025";"0900";"20,7";"20,9";"20,4";"58,0";"59,0";"56,0";"12,2";"12,2";"11,8";"876,4";"876,5";"876,0";"3,4";"53,0";"7,6";"22,40";""
"27/10/2025";"1000";"21,6";"21,9";"20,7";"51,0";"58,0";"51,0";"11,2";"12,3";"11,0";"877,1";"877,1";"876,4";"4,8";"52,0";"9,7";"381,70";""
"27/10/2025";"1100";"23,8";"23,9";"21,5";"47,0";"52,0";"46,0";"11,6";"12,3";"11,0";"877,8";"877,8";"877,1";"4,3";"50,0";"9,7";"816,60";""
"27/10/2025";"1200";"24,0";"25,5";"23,6";"45,0";"47,0";"40,0";"11,3";"12,5";"10,5";"878,3";"878,3";"877,8";"3,7";"50,0";"10,5";"1803,10";""
"27/10/2025";"1300";"26,2";"26,2";"23,7";"40,0";"46,0";"40,0";"11,7";"12,0";"10,9";"878,5";"878,6";"878,3";"4,9";"64,0";"8,8";"1911,20";""
"27/10/2025";"1400";"27,4";"28,1";"25,7";"35,0";"41,0";"33,0";"10,5";"11,9";"10,0";"878,1";"878,5";"878,1";"5,6";"71,0";"12,6";"3744,10";""
"27/10/2025";"1500";"27,6";"29,4";"27,4";"34,0";"35,0";"32,0";"10,1";"11,4";"10,0";"877,6";"878,2";"877,5";"4,6";"50,0";"10,4";"3908,80";""
"27/10/2025";"1600";"29,5";"29,5";"26,9";"31,0";"36,0";"30,0";"10,5";"11,1";"9,7";"876,8";"877,6";"876,8";"4,0";"68,0";"9,5";"3104,30";""
"27/10/2025";"1700";"30,3";"30,7";"28,9";"29,0";"32,0";"28,0";"10,3";"11,0";"9,5";"875,8";"876,8";"875,8";"3,3";"61,0";"8,4";"3599,90";""
"27/10/2025";"1800";"29,3";"31,0";"28,1";"30,0";"32,0";"27,0";"9,8";"10,8";"8,7";"875,4";"875,8";"875,3";"3,4";"103,0";"8,4";"2695,90";""
"27/10/2025";"1900";"29,2";"30,0";"28,6";"29,0";"31,0";"28,0";"9,5";"10,3";"8,7";"875,2";"875,4";"875,2";"2,9";"95,0";"8,2";"2147,30";""
"27/10/2025";"2000";"28,3";"29,5";"27,8";"29,0";"30,0";"28,0";"8,6";"9,7";"8,5";"875,3";"875,3";"875,1";"2,6";"94,0";"7,1";"1093,40";""
"27/10/2025";"2100";"26,5";"28,4";"26,5";"34,0";"34,0";"29,0";"9,3";"9,3";"8,5";"875,7";"875,7";"875,2";"1,5";"86,0";"6,0";"356,60";""
"27/10/2025";"2200";"21,7";"26,5";"21,7";"51,0";"51,0";"34,0";"11,0";"11,1";"9,4";"875,8";"875,8";"875,7";"0,0";"47,0";"2,9";"";""
"27/10/2025";"2300";"21,0";"22,1";"21,0";"52,0";"54,0";"48,0";"10,7";"11,5";"10,6";"875,8";"875,8";"875,7";"0,0";"27,0";"2,9";"";""
"28/10/2025";"0000";"19,7";"21,1";"19,7";"57,0";"57,0";"51,0";"11,0";"11,2";"10,6";"876,3";"876,3";"875,8";"0,0";"355,0";"0,0";"";""
"28/10/2025";"0100";"19,6";"20,2";"19,0";"57,0";"59,0";"55,0";"10,8";"11,3";"10,8";"877,0";"877,0";"876,3";"0,0";"13,0";"0,0";"";""
"28/10/2025";"0200";"21,6";"21,6";"19,3";"45,0";"58,0";"45,0";"9,2";"11,0";"9,1";"877,1";"877,2";"877,0";"0,0";"31,0";"2,2";"";""
"28/10/2025";"0300";"18,8";"21,8";"18,8";"54,0";"54,0";"42,0";"9,3";"9,3";"8,2";"876,9";"877,2";"876,8";"0,1";"36,0";"3,1";"";""
"28/10/2025";"0400";"17,8";"19,1";"17,3";"56,0";"60,0";"51,0";"8,8";"9,8";"8,6";"876,6";"876,9";"876,6";"0,0";"57,0";"1,8";"";""
"28/10/2025";"0500";"21,0";"21,4";"17,3";"43,0";"59,0";"42,0";"7,9";"9,2";"7,7";"876,1";"876,6";"876,1";"1,4";"53,0";"4,0";"";""
"28/10/2025";"0600";"20,4";"21,2";"19,7";"45,0";"47,0";"42,0";"8,1";"8,3";"7,8";"875,9";"876,1";"875,9";"1,9";"56,0";"3,7";"";""
"28/10/2025";"0700";"19,9";"20,7";"19,9";"46,0";"46,0";"44,0";"8,0";"8,1";"7,8";"876,5";"876,5";"875,9";"2,4";"56,0";"4,4";"";""
"28/10/2025";"0800";"20,1";"20,4";"19,5";"46,0";"48,0";"45,0";"8,2";"8,2";"8,0";"877,0";"877,0";"876,5";"3,1";"51,0";"5,7";"";""
"28/10/2025";"0900";"20,3";"20,3";"19,6";"48,0";"49,0";"46,0";"8,9";"8,9";"8,2";"877,3";"877,3";"877,0";"3,6";"52,0";"6,5";"14,00";""
"28/10/2025";"1000";"21,7";"21,7";"20,3";"49,0";"50,0";"48,0";"10,4";"10,4";"8,9";"878,1";"878,2";"877,3";"3,3";"65,0";"7,4";"431,40";""
"28/10/2025";"1100";"23,9";"23,9";"21,7";"43,0";"49,0";"43,0";"10,6";"10,8";"9,9";"878,4";"878,4";"878,0";"4,7";"66,0";"9,7";"1482,30";""
"28/10/2025";"1200";"25,3";"25,5";"23,5";"41,0";"44,0";"39,0";"11,0";"11,6";"10,1";"878,9";"878,9";"878,4";"5,3";"60,0";"10,8";"2369,80";""
"28/10/2025";"1300";"26,9";"26,9";"24,9";"37,0";"41,0";"36,0";"10,9";"11,5";"10,3";"878,9";"879,0";"878,8";"4,6";"62,0";"10,3";"3069,80";""
"28/10/2025";"1400";"27,8";"27,8";"26,3";"36,0";"38,0";"35,0";"11,3";"11,5";"10,3";"878,6";"878,9";"878,6";"4,4";"61,0";"9,7";"3555,90";""
"28/10/2025";"1500";"29,5";"29,5";"27,3";"33,0";"36,0";"30,0";"11,4";"11,4";"9,5";"878,3";"878,7";"878,2";"4,3";"78,0";"10,0";"3785,10";""
"28/10/2025";"1600";"28,9";"29,9";"28,0";"26,0";"33,0";"26,0";"7,7";"11,0";"7,7";"877,5";"878,3";"877,5";"1,1";"92,0";"10,3";"3766,30";""
"28/10/2025";"1700";"28,3";"30,1";"28,3";"27,0";"30,0";"26,0";"7,7";"9,7";"7,7";"876,8";"877,6";"876,7";"3,6";"104,0";"9,7";"3476,80";""
"28/10/2025";"1800";"28,4";"29,8";"28,1";"29,0";"31,0";"27,0";"8,5";"10,4";"7,9";"876,3";"876,8";"876,3";"2,3";"94,0";"8,8";"2534,50";""
"28/10/2025";"1900";"27,7";"30,2";"27,7";"32,0";"32,0";"28,0";"9,4";"10,3";"8,5";"876,4";"876,5";"876,3";"0,0";"70,0";"6,5";"1315,20";""
"28/10/2025";"2000";"28,1";"29,3";"27,7";"29,0";"32,0";"28,0";"8,5";"10,1";"8,4";"876,5";"876,5";"876,4";"0,0";"107,0";"2,9";"1017,90";""
"28/10/2025";"2100";"27,0";"28,4";"27,0";"32,0";"32,0";"28,0";"8,7";"8,8";"8,1";"876,5";"876,6";"876,5";"0,0";"123,0";"3,6";"375,70";""
"28/10/2025";"2200";"23,1";"27,0";"23,1";"44,0";"45,0";"32,0";"10,3";"10,5";"8,7";"877,0";"877,0";"876,5";"0,0";"129,0";"0,0";"";""
"28/10/2025";"2300";"21,9";"23,1";"21,3";"51,0";"53,0";"44,0";"11,2";"11,7";"10,4";"877,6";"877,6";"877,0";"0,0";"69,0";"0,0";"";""
"29/10/2025";"0000";"20,2";"22,3";"19,7";"57,0";"59,0";"50,0";"11,5";"11,6";"11,0";"878,1";"878,1";"877,6";"0,0";"53,0";"0,0";"";""
"29/10/2025";"0100";"19,4";"21,2";"19,4";"59,0";"59,0";"52,0";"11,2";"11,5";"10,8";"878,6";"878,6";"878,1";"0,0";"55,0";"0,0";"";""
"29/10/2025";"0200";"19,2";"20,4";"18,9";"61,0";"62,0";"57,0";"11,6";"11,8";"11,1";"878,5";"878,6";"878,5";"0,0";"1,0";"0,0";"";""
"29/10/2025";"0300";"18,2";"20,0";"17,7";"65,0";"67,0";"59,0";"11,4";"11,8";"11,0";"878,0";"878,5";"878,0";"0,0";"29,0";"0,0";"";""
"29/10/2025";"0400";"17,9";"18,2";"17,6";"66,0";"67,0";"64,0";"11,3";"11,5";"11,1";"877,6";"878,0";"877,5";"0,0";"105,0";"0,0";"";""
"29/10/2025";"0500";"19,8";"19,8";"17,4";"56,0";"67,0";"56,0";"10,7";"11,3";"10,7";"877,2";"877,6";"877,2";"0,0";"80,0";"0,0";"";""
"29/10/2025";"0600";"20,0";"20,5";"19,1";"53,0";"57,0";"52,0";"10,1";"10,7";"10,0";"877,0";"877,2";"877,0";"0,0";"48,0";"0,0";"";""
"29/10/2025";"0700";"19,3";"20,5";"19,2";"56,0";"57,0";"52,0";"10,2";"10,7";"10,0";"877,3";"877,3";"877,0";"0,0";"51,0";"0,0";"";""
"29/10/2025";"0800";"19,0";"19,6";"19,0";"59,0";"59,0";"55,0";"10,8";"11,0";"10,2";"877,7";"877,7";"877,2";"0,0";"64,0";"0,0";"";""
"29/10/2025";"0900";"20,7";"20,7";"18,5";"54,0";"61,0";"54,0";"11,0";"11,1";"10,8";"878,2";"878,2";"877,7";"0,0";"47,0";"0,0";"13,50";""
"29/10/2025";"1000";"22,7";"22,7";"20,7";"49,0";"54,0";"49,0";"11,5";"11,9";"11,0";"878,8";"878,9";"878,2";"0,3";"55,0";"5,8";"452,20";""
"29/10/2025";"1100";"25,6";"25,6";"22,7";"44,0";"49,0";"43,0";"12,3";"12,3";"11,2";"879,2";"879,2";"878,8";"1,5";"58,0";"7,9";"1487,30";""
"29/10/2025";"1200";"26,8";"26,8";"25,0";"40,0";"44,0";"40,0";"12,1";"12,3";"11,3";"879,4";"879,5";"879,2";"4,6";"52,0";"9,2";"2370,50";""
"29/10/2025";"1300";"27,6";"28,1";"26,6";"36,0";"40,0";"36,0";"11,3";"12,5";"11,1";"879,3";"879,5";"879,3";"3,6";"68,0";"8,4";"3074,20";""
"29/10/2025";"1400";"29,1";"29,6";"27,6";"29,0";"37,0";"29,0";"9,1";"11,8";"9,1";"879,0";"879,3";"878,9";"3,4";"73,0";"7,8";"3548,10";""
"29/10/2025";"1500";"29,3";"30,5";"28,1";"28,0";"32,0";"27,0";"9,1";"10,4";"8,6";"878,1";"879,0";"878,0";"2,6";"106,0";"6,3";"3814,20";""
"29/10/2025";"1600";"30,9";"31,4";"28,8";"27,0";"31,0";"27,0";"9,9";"10,8";"8,8";"877,4";"878,1";"877,4";"2,0";"308,0";"5,5";"2084,20";""
"29/10/2025";"1700";"29,1";"32,7";"28,9";"29,0";"31,0";"26,0";"9,4";"11,3";"8,8";"876,7";"877,4";"876,7";"2,1";"65,0";"6,4";"1530,70";""
"29/10/2025";"1800";"30,0";"31,2";"29,0";"27,0";"30,0";"26,0";"9,3";"11,0";"8,5";"876,1";"876,7";"876,1";"1,6";"174,0";"4,3";"1278,40";""
"29/10/2025";"1900";"28,5";"31,4";"28,5";"30,0";"30,0";"25,0";"9,0";"9,7";"8,7";"875,7";"876,1";"875,7";"2,0";"46,0";"5,4";"1265,20";""
"29/10/2025";"2000";"28,0";"29,0";"27,8";"31,0";"32,0";"29,0";"9,1";"9,9";"8,7";"875,6";"875,7";"875,5";"1,6";"37,0";"4,0";"431,10";""
"29/10/2025";"2100";"24,5";"28,0";"24,5";"43,0";"43,0";"31,0";"10,9";"11,0";"8,9";"876,0";"876,0";"875,6";"0,9";"338,0";"2,6";"139,20";""
"29/10/2025";"2200";"22,1";"24,5";"22,0";"49,0";"51,0";"41,0";"10,9";"11,7";"10,4";"876,6";"876,6";"876,0";"1,2";"276,0";"2,3";"";""
"29/10/2025";"2300";"21,8";"23,2";"21,8";"50,0";"53,0";"45,0";"10,9";"12,0";"10,5";"877,1";"877,1";"876,6";"1,3";"279,0";"2,2";"";""
"30/10/2025";"0000";"22,6";"22,9";"21,3";"48,0";"54,0";"47,0";"11,0";"11,9";"10,5";"877,6";"877,6";"877,1";"1,8";"305,0";"2,3";"";""
"30/10/2025";"0100";"21,0";"23,1";"20,3";"52,0";"56,0";"45,0";"10,7";"11,3";"10,5";"877,7";"877,7";"877,5";"0,0";"38,0";"2,6";"";""
"30/10/2025";"0200";"20,8";"21,2";"20,1";"54,0";"58,0";"50,0";"11,1";"11,7";"10,3";"877,4";"877,7";"877,4";"0,0";"296,0";"0,8";"";""
"30/10/2025";"0300";"19,9";"21,8";"19,9";"63,0";"63,0";"52,0";"12,6";"12,9";"10,7";"876,8";"877,4";"876,8";"0,0";"305,0";"0,0";"";""
"30/10/2025";"0400";"22,3";"22,5";"19,7";"50,0";"63,0";"48,0";"11,3";"12,5";"10,7";"876,2";"876,8";"876,2";"0,0";"287,0";"0,0";"";""
"30/10/2025";"0500";"22,0";"22,5";"21,6";"53,0";"55,0";"49,0";"11,9";"12,1";"11,1";"875,8";"876,2";"875,8";"0,0";"354,0";"0,0";"";""
"30/10/2025";"0600";"21,2";"22,1";"21,1";"58,0";"60,0";"50,0";"12,6";"13,0";"11,1";"875,5";"875,8";"875,5";"0,0";"95,0";"0,0";"";""
"30/10/2025";"0700";"20,4";"21,4";"20,2";"53,0";"62,0";"52,0";"10,6";"12,8";"10,6";"875,7";"875,7";"875,5";"0,0";"30,0";"1,3";"";""
"30/10/2025";"0800";"20,0";"21,4";"19,7";"56,0";"58,0";"49,0";"11,0";"11,1";"10,2";"876,2";"876,2";"875,7";"1,6";"350,0";"2,2";"";""
"30/10/2025";"0900";"20,6";"20,6";"19,2";"55,0";"64,0";"55,0";"11,2";"12,2";"11,0";"876,7";"876,7";"876,2";"1,0";"19,0";"1,9";"22,80";""
"30/10/2025";"1000";"25,5";"25,5";"20,6";"44,0";"58,0";"44,0";"12,5";"12,6";"11,0";"877,3";"877,3";"876,7";"0,7";"59,0";"1,8";"495,50";""
"30/10/2025";"1100";"28,2";"28,4";"25,5";"31,0";"44,0";"30,0";"9,7";"11,7";"9,2";"877,9";"877,9";"877,3";"3,5";"57,0";"6,1";"1404,60";""
"30/10/2025";"1200";"27,8";"28,4";"26,2";"31,0";"36,0";"30,0";"9,3";"10,4";"8,9";"878,2";"878,2";"877,9";"4,3";"59,0";"8,5";"2107,20";""
"30/10/2025";"1300";"29,7";"30,1";"27,8";"30,0";"34,0";"29,0";"10,4";"10,9";"9,4";"878,2";"878,3";"878,2";"3,3";"49,0";"7,3";"2991,20";""
"30/10/2025";"1400";"30,5";"30,7";"28,5";"28,0";"32,0";"28,0";"9,9";"11,1";"9,4";"877,8";"878,3";"877,8";"4,0";"53,0";"9,1";"3461,40";""
"30/10/2025";"1500";"31,2";"32,0";"29,9";"27,0";"29,0";"25,0";"9,8";"10,9";"8,9";"877,1";"877,8";"877,1";"2,8";"42,0";"8,3";"3734,30";""
"30/10/2025";"1600";"32,0";"32,7";"29,8";"26,0";"29,0";"24,0";"10,2";"10,8";"8,6";"876,1";"877,1";"876,1";"2,4";"7,0";"7,8";"3738,20";""
"30/10/2025";"1700";"31,0";"32,9";"30,1";"24,0";"27,0";"23,0";"8,3";"10,7";"8,3";"875,2";"876,1";"875,2";"2,2";"96,0";"6,9";"3223,10";""
"30/10/2025";"1800";"30,3";"32,6";"30,0";"27,0";"28,0";"24,0";"9,1";"10,2";"8,6";"874,5";"875,2";"874,5";"0,9";"25,0";"6,6";"1339,10";""
"30/10/2025";"1900";"30,0";"32,3";"30,0";"26,0";"28,0";"24,0";"8,6";"10,2";"8,6";"874,2";"874,5";"874,2";"2,1";"316,0";"5,2";"1769,60";""
"30/10/2025";"2000";"28,6";"30,6";"28,6";"32,0";"33,0";"26,0";"10,3";"11,0";"8,9";"874,4";"874,4";"874,2";"0,8";"312,0";"4,3";"484,20";""
"30/10/2025";"2100";"25,5";"28,6";"25,5";"46,0";"46,0";"32,0";"12,9";"13,4";"10,2";"875,1";"875,1";"874,4";"1,0";"353,0";"1,7";"97,70";""
"30/10/2025";"2200";"23,8";"25,5";"23,5";"48,0";"49,0";"42,0";"12,2";"12,7";"11,5";"875,8";"875,8";"875,1";"0,0";"301,0";"1,3";"";""
"30/10/2025";"2300";"23,7";"24,5";"23,0";"50,0";"52,0";"48,0";"12,7";"13,4";"12,0";"876,2";"876,2";"875,8";"0,5";"279,0";"3,7";"";""
"31/10/2025";"0000";"23,4";"23,7";"22,7";"54,0";"55,0";"50,0";"13,7";"13,8";"12,7";"876,8";"876,8";"876,3";"0,0";"184,0";"2,5";"";""
"31/10/2025";"0100";"23,3";"23,6";"22,9";"57,0";"59,0";"55,0";"14,3";"14,7";"13,7";"877,0";"877,0";"876,8";"0,0";"317,0";"0,0";"";""
"31/10/2025";"0200";"23,2";"24,2";"22,8";"57,0";"58,0";"53,0";"14,3";"14,4";"13,8";"877,0";"877,3";"877,0";"1,7";"227,0";"4,2";"";""
"31/10/2025";"0300";"21,9";"23,3";"21,7";"67,0";"67,0";"57,0";"15,4";"15,4";"14,3";"876,6";"877,0";"876,6";"2,2";"252,0";"4,2";"";""
"31/10/2025";"0400";"20,4";"21,9";"19,8";"76,0";"77,0";"67,0";"15,9";"15,9";"15,4";"876,1";"876,6";"876,1";"0,5";"222,0";"4,0";"";""
"31/10/2025";"0500";"22,2";"22,2";"20,3";"66,0";"76,0";"66,0";"15,5";"16,3";"15,5";"875,7";"876,1";"875,7";"1,3";"129,0";"3,7";"";""
"31/10/2025";"0600";"19,4";"22,3";"19,4";"87,0";"87,0";"65,0";"17,2";"17,4";"15,3";"875,8";"876,1";"875,7";"0,0";"223,0";"2,4";"";""
"31/10/2025";"0700";"19,1";"19,9";"19,0";"87,0";"90,0";"84,0";"16,9";"17,7";"16,7";"876,0";"876,0";"875,8";"0,0";"337,0";"0,0";"";""
"31/10/2025";"0800";"20,1";"20,3";"19,1";"78,0";"89,0";"78,0";"16,1";"17,6";"16,1";"876,3";"876,5";"876,0";"0,0";"122,0";"0,0";"";""
"31/10/2025";"0900";"20,2";"20,4";"19,1";"75,0";"82,0";"74,0";"15,6";"16,4";"15,5";"876,7";"876,9";"876,2";"1,7";"122,0";"3,7";"15,40";""
"31/10/2025";"1000";"20,6";"20,6";"20,0";"74,0";"77,0";"73,0";"15,8";"15,9";"15,4";"877,5";"877,5";"876,7";"2,2";"112,0";"5,3";"193,80";""
"31/10/2025";"1100";"21,6";"21,6";"20,6";"68,0";"75,0";"67,0";"15,4";"16,0";"15,1";"878,1";"878,1";"877,5";"2,2";"101,0";"5,4";"452,30";""
"31/10/2025";"1200";"22,3";"22,6";"21,6";"67,0";"69,0";"64,0";"15,9";"16,0";"15,1";"878,4";"878,4";"878,1";"2,4";"68,0";"5,5";"787,90";""
"31/10/2025";"1300";"24,1";"24,1";"22,3";"62,0";"68,0";"61,0";"16,3";"16,8";"15,4";"878,4";"878,5";"878,3";"3,5";"63,0";"6,2";"1430,80";""
"31/10/2025";"1400";"23,9";"24,4";"23,6";"63,0";"64,0";"58,0";"16,5";"16,8";"15,5";"878,3";"878,4";"878,2";"2,9";"60,0";"6,2";"1515,80";""
"31/10/2025";"1500";"24,8";"25,1";"23,7";"56,0";"63,0";"55,0";"15,4";"16,6";"15,1";"877,6";"878,2";"877,6";"3,2";"67,0";"7,4";"1744,00";""
"31/10/2025";"1600";"26,3";"27,5";"24,7";"51,0";"57,0";"48,0";"15,2";"16,7";"14,7";"876,6";"877,6";"876,6";"2,0";"60,0";"5,5";"3323,80";""
"31/10/2025";"1700";"25,2";"26,9";"25,1";"54,0";"57,0";"50,0";"15,3";"15,9";"15,0";"875,8";"876,6";"875,8";"1,2";"30,0";"5,1";"1146,50";""
"31/10/2025";"1800";"26,5";"27,3";"25,0";"51,0";"59,0";"49,0";"15,6";"16,9";"15,1";"875,0";"875,8";"875,0";"2,1";"200,0";"4,0";"1955,40";""
"31/10/2025";"1900";"27,2";"28,1";"26,0";"45,0";"53,0";"44,0";"14,3";"16,2";"14,0";"874,6";"875,0";"874,6";"1,6";"208,0";"4,0";"1362,90";""
"31/10/2025";"2000";"26,8";"27,8";"26,7";"48,0";"50,0";"45,0";"14,9";"15,9";"14,1";"874,7";"874,7";"874,5";"1,5";"245,0";"3,5";"1001,80";""
"31/10/2025";"2100";"24,9";"27,0";"24,9";"57,0";"57,0";"46,0";"15,8";"15,9";"14,2";"875,1";"875,1";"874,7";"1,1";"53,0";"2,9";"136,60";""
"31/10/2025";"2200";"23,5";"24,9";"23,5";"64,0";"65,0";"57,0";"16,3";"16,6";"15,8";"875,8";"875,8";"875,1";"2,3";"140,0";"6,8";"";""
"31/10/2025";"2300";"23,4";"23,6";"22,9";"62,0";"65,0";"62,0";"15,6";"16,4";"15,6";"876,3";"876,3";"875,8";"1,3";"103,0";"4,9";"";""
"01/11/2025";"0000";"22,7";"23,4";"22,5";"65,0";"65,0";"61,0";"15,6";"15,7";"15,5";"877,2";"877,2";"876,3";"1,5";"70,0";"3,6";"";""
"01/11/2025";"0100";"21,4";"22,6";"21,4";"74,0";"74,0";"64,0";"16,5";"16,5";"15,5";"877,4";"877,6";"877,2";"2,6";"40,0";"5,3";"";""
"01/11/2025";"0200";"20,4";"21,4";"20,4";"79,0";"79,0";"74,0";"16,6";"16,7";"16,5";"877,4";"877,5";"877,4";"2,2";"49,0";"5,2";"";""
"01/11/2025";"0300";"20,3";"20,5";"19,9";"78,0";"81,0";"78,0";"16,4";"16,6";"16,4";"876,8";"877,4";"876,8";"1,6";"37,0";"4,5";"";""
"01/11/2025";"0400";"20,2";"20,4";"20,0";"79,0";"79,0";"78,0";"16,3";"16,4";"16,3";"876,1";"876,8";"876,1";"2,0";"56,0";"4,3";"";""
"01/11/2025";"0500";"20,0";"20,2";"19,6";"80,0";"82,0";"79,0";"16,4";"16,5";"16,2";"875,7";"876,1";"875,7";"1,9";"45,0";"4,5";"";""
"01/11/2025";"0600";"20,0";"20,2";"20,0";"79,0";"80,0";"79,0";"16,4";"16,5";"16,3";"875,5";"875,8";"875,5";"3,1";"40,0";"5,6";"";""
"01/11/2025";"0700";"19,8";"20,0";"19,6";"80,0";"81,0";"79,0";"16,3";"16,4";"16,3";"875,7";"875,7";"875,4";"2,1";"33,0";"5,6";"";""
"01/11/2025";"0800";"20,5";"20,5";"19,8";"76,0";"80,0";"76,0";"16,1";"16,3";"16,1";"876,4";"876,4";"875,7";"1,6";"28,0";"4,4";"";""
"01/11/2025";"0900";"19,8";"20,9";"19,7";"81,0";"82,0";"73,0";"16,5";"16,6";"15,9";"877,1";"877,1";"876,4";"1,9";"23,0";"5,1";"";""
"01/11/2025";"1000";"20,3";"20,6";"19,8";"79,0";"81,0";"76,0";"16,6";"16,6";"16,2";"877,8";"877,8";"877,2";"1,0";"53,0";"4,7";"80,10";""
"01/11/2025";"1100";"21,3";"21,3";"20,3";"77,0";"80,0";"76,0";"17,0";"17,2";"16,5";"878,1";"878,2";"877,8";"1,9";"76,0";"3,6";"336,20";""
"01/11/2025";"1200";"23,2";"23,4";"21,3";"67,0";"78,0";"66,0";"16,8";"17,4";"16,3";"878,7";"878,7";"878,1";"3,2";"56,0";"6,5";"1113,90";""
"01/11/2025";"1300";"22,9";"23,7";"22,8";"70,0";"71,0";"67,0";"17,2";"17,5";"16,8";"878,9";"879,0";"878,7";"2,7";"63,0";"5,9";"1037,50";""
"01/11/2025";"1400";"24,5";"24,8";"22,8";"62,0";"71,0";"62,0";"16,8";"17,6";"16,8";"878,6";"879,0";"878,6";"3,5";"50,0";"7,0";"1346,50";""
"01/11/2025";"1500";"26,5";"26,7";"24,3";"54,0";"64,0";"53,0";"16,4";"17,6";"16,3";"878,0";"878,6";"878,0";"3,5";"47,0";"7,0";"2309,30";""
"01/11/2025";"1600";"26,5";"28,5";"26,1";"53,0";"55,0";"46,0";"16,3";"17,2";"15,4";"876,9";"878,0";"876,9";"3,3";"74,0";"6,6";"2996,00";""
"01/11/2025";"1700";"26,0";"28,5";"25,8";"53,0";"56,0";"47,0";"15,6";"17,0";"14,7";"875,9";"876,9";"875,8";"2,1";"68,0";"7,4";"1695,90";""
"01/11/2025";"1800";"25,7";"26,1";"25,4";"53,0";"55,0";"51,0";"15,4";"15,9";"14,8";"875,2";"875,9";"875,2";"2,6";"60,0";"6,2";"569,70";""
"01/11/2025";"1900";"25,8";"25,9";"25,5";"52,0";"54,0";"51,0";"15,1";"15,6";"15,0";"874,8";"875,2";"874,8";"2,4";"46,0";"5,0";"701,60";""
"01/11/2025";"2000";"25,3";"25,8";"25,3";"55,0";"55,0";"51,0";"15,6";"15,6";"15,0";"875,3";"875,3";"874,8";"1,3";"51,0";"5,0";"519,00";""
"01/11/2025";"2100";"23,9";"25,3";"23,9";"59,0";"60,0";"55,0";"15,4";"15,7";"15,4";"875,5";"875,5";"875,3";"1,0";"33,0";"2,6";"149,60";""
"01/11/2025";"2200";"22,3";"23,9";"22,2";"66,0";"66,0";"59,0";"15,6";"15,6";"15,4";"875,8";"875,9";"875,5";"1,2";"65,0";"2,6";"";""
"01/11/2025";"2300";"20,5";"22,7";"20,4";"74,0";"75,0";"64,0";"15,8";"15,9";"15,5";"876,3";"876,3";"875,8";"0,1";"251,0";"2,3";"";""
"02/11/2025";"0000";"21,6";"21,6";"20,5";"69,0";"75,0";"69,0";"15,7";"16,0";"15,7";"877,3";"877,3";"876,3";"0,5";"32,0";"1,9";"";""
"02/11/2025";"0100";"20,0";"21,6";"19,9";"74,0";"76,0";"69,0";"15,3";"15,8";"15,3";"877,5";"877,5";"877,3";"1,0";"337,0";"2,9";"";""
"02/11/2025";"0200";"20,5";"20,8";"20,0";"70,0";"74,0";"69,0";"14,7";"15,3";"14,7";"877,6";"877,7";"877,5";"1,6";"344,0";"2,8";"";""
"02/11/2025";"0300";"18,5";"21,6";"18,5";"80,0";"80,0";"67,0";"15,0";"15,2";"14,7";"876,8";"877,6";"876,8";"0,0";"289,0";"3,4";"";""
"02/11/2025";"0400";"18,2";"18,8";"18,0";"84,0";"84,0";"80,0";"15,4";"15,6";"15,0";"876,0";"876,8";"876,0";"0,0";"224,0";"0,0";"";""
"02/11/2025";"0500";"17,5";"18,2";"17,5";"87,0";"87,0";"83,0";"15,2";"15,6";"15,1";"875,3";"876,0";"875,3";"0,0";"253,0";"0,0";"";""
"02/11/2025";"0600";"17,3";"17,8";"17,1";"87,0";"90,0";"87,0";"15,1";"15,7";"15,1";"874,8";"875,3";"874,7";"0,0";"295,0";"0,0";"";""
"02/11/2025";"0700";"18,1";"18,7";"17,1";"83,0";"89,0";"82,0";"15,2";"15,8";"15,2";"874,7";"874,8";"874,5";"0,0";"31,0";"0,0";"";""
"02/11/2025";"0800";"17,7";"18,5";"17,2";"85,0";"88,0";"83,0";"15,1";"15,8";"15,0";"875,4";"875,4";"874,7";"0,0";"89,0";"0,0";"";""
"02/11/2025";"0900";"18,3";"18,3";"17,3";"85,0";"88,0";"85,0";"15,8";"15,9";"14,9";"876,1";"876,1";"875,4";"0,0";"89,0";"0,0";"13,20";""
"02/11/2025";"1000";"22,7";"22,7";"18,2";"68,0";"87,0";"67,0";"16,4";"17,3";"15,7";"877,3";"877,3";"876,1";"0,0";"219,0";"0,0";"459,70";""
"02/11/2025";"1100";"24,0";"24,2";"22,7";"61,0";"68,0";"60,0";"16,0";"16,5";"15,7";"877,8";"877,8";"877,3";"0,5";"114,0";"3,3";"922,70";""
"02/11/2025";"1200";"25,1";"25,4";"23,8";"59,0";"62,0";"56,0";"16,4";"16,7";"15,5";"878,2";"878,2";"877,8";"2,0";"70,0";"5,1";"1192,40";""
"02/11/2025";"1300";"26,5";"26,5";"24,9";"52,0";"59,0";"50,0";"15,8";"16,5";"14,8";"877,9";"878,2";"877,9";"2,8";"52,0";"6,5";"1872,40";""
"02/11/2025";"1400";"27,5";"29,2";"26,1";"44,0";"53,0";"42,0";"14,3";"16,2";"14,3";"877,5";"878,0";"877,5";"2,9";"77,0";"7,3";"3160,40";""
"02/11/2025";"1500";"28,9";"29,7";"26,9";"43,0";"49,0";"41,0";"15,0";"16,1";"13,9";"876,9";"877,6";"876,9";"2,4";"42,0";"7,8";"3405,60";""
"02/11/2025";"1600";"27,1";"29,2";"27,1";"45,0";"50,0";"41,0";"14,3";"16,1";"14,1";"875,7";"876,9";"875,7";"2,0";"48,0";"5,4";"1266,30";""
"02/11/2025";"1700";"27,2";"29,2";"27,1";"52,0";"52,0";"39,0";"16,4";"16,8";"13,8";"874,7";"875,7";"874,7";"3,2";"313,0";"5,8";"1556,10";""
"02/11/2025";"1800";"23,4";"27,2";"23,3";"77,0";"78,0";"52,0";"19,2";"19,2";"16,7";"874,3";"874,8";"874,3";"1,7";"282,0";"5,8";"199,70";""
"02/11/2025";"1900";"24,0";"24,1";"22,5";"76,0";"82,0";"72,0";"19,4";"20,1";"18,3";"873,5";"874,3";"873,5";"0,1";"238,0";"3,9";"431,40";""
"02/11/2025";"2000";"25,4";"25,4";"23,9";"63,0";"80,0";"62,0";"17,7";"20,3";"17,4";"873,4";"873,6";"873,4";"0,3";"273,0";"1,8";"421,50";""
"02/11/2025";"2100";"24,1";"25,5";"24,1";"68,0";"69,0";"60,0";"17,9";"18,9";"17,1";"873,8";"873,8";"873,3";"1,6";"307,0";"3,9";"202,20";""
"02/11/2025";"2200";"23,3";"24,3";"23,2";"70,0";"71,0";"68,0";"17,4";"18,0";"17,4";"874,5";"874,5";"873,8";"1,5";"338,0";"4,6";"1,60";""
"02/11/2025";"2300";"23,1";"23,3";"22,8";"72,0";"73,0";"70,0";"17,7";"17,9";"17,5";"874,9";"874,9";"874,5";"0,9";"360,0";"5,4";"";""
"03/11/2025";"0000";"22,4";"23,4";"21,5";"73,0";"77,0";"71,0";"17,4";"18,0";"17,3";"875,6";"875,6";"874,9";"1,6";"306,0";"4,5";"";""
"03/11/2025";"0100";"21,7";"22,5";"21,1";"73,0";"77,0";"72,0";"16,7";"17,5";"16,6";"876,0";"876,0";"875,6";"0,1";"320,0";"4,5";"";""
"03/11/2025";"0200";"21,1";"22,1";"20,4";"78,0";"79,0";"72,0";"17,1";"17,3";"16,6";"875,8";"876,1";"875,8";"0,0";"151,0";"1,7";"";""
"03/11/2025";"0300";"20,8";"21,3";"20,3";"78,0";"79,0";"75,0";"16,8";"16,9";"16,3";"875,4";"875,9";"875,4";"0,4";"266,0";"2,8";"";""
"03/11/2025";"0400";"22,1";"22,1";"20,6";"75,0";"79,0";"75,0";"17,6";"17,7";"16,7";"875,0";"875,4";"875,0";"0,9";"298,0";"3,8";"";""
"03/11/2025";"0500";"22,0";"22,5";"21,7";"76,0";"77,0";"73,0";"17,6";"17,6";"17,2";"874,3";"875,0";"874,3";"2,4";"301,0";"6,4";"";""
"03/11/2025";"0600";"21,9";"22,1";"21,5";"78,0";"78,0";"76,0";"17,9";"17,9";"17,5";"874,3";"874,3";"874,1";"3,8";"291,0";"7,5";"";""
"03/11/2025";"0700";"21,2";"21,9";"21,2";"82,0";"82,0";"78,0";"18,0";"18,0";"17,8";"874,7";"874,7";"874,3";"0,2";"244,0";"6,8";"";""
"03/11/2025";"0800";"21,0";"21,2";"20,7";"84,0";"85,0";"82,0";"18,2";"18,2";"18,0";"875,1";"875,1";"874,6";"1,5";"263,0";"3,6";"";""
"03/11/2025";"0900";"20,6";"21,0";"20,6";"86,0";"87,0";"84,0";"18,3";"18,3";"18,1";"876,0";"876,0";"875,1";"0,0";"274,0";"2,8";"";""
"03/11/2025";"1000";"20,9";"21,0";"20,6";"82,0";"87,0";"82,0";"17,8";"18,5";"17,7";"877,0";"877,0";"876,0";"2,2";"36,0";"4,1";"34,90";""
"03/11/2025";"1100";"19,8";"20,9";"19,8";"92,0";"92,0";"82,0";"18,5";"18,5";"17,6";"877,5";"877,5";"877,0";"3,4";"38,0";"6,3";"100,10";""
"03/11/2025";"1200";"19,6";"19,8";"19,6";"95,0";"95,0";"92,0";"18,7";"19,0";"18,5";"878,2";"878,2";"877,5";"3,3";"60,0";"5,8";"108,40";""
"03/11/2025";"1300";"18,9";"19,6";"18,9";"96,0";"96,0";"95,0";"18,2";"18,7";"18,2";"878,6";"878,6";"878,2";"2,5";"65,0";"5,8";"92,10";""
"03/11/2025";"1400";"17,6";"19,0";"17,6";"95,0";"96,0";"94,0";"16,8";"18,3";"16,8";"879,1";"879,1";"878,3";"4,3";"152,0";"9,0";"47,20";""
"03/11/2025";"1500";"17,1";"17,6";"17,1";"97,0";"97,0";"95,0";"16,6";"16,8";"16,5";"879,3";"880,4";"879,1";"3,3";"176,0";"9,0";"39,40";""
"03/11/2025";"1600";"17,3";"17,3";"17,0";"97,0";"97,0";"96,0";"16,7";"16,7";"16,5";"878,7";"879,6";"878,7";"0,0";"89,0";"8,3";"156,40";""
"03/11/2025";"1700";"17,4";"17,5";"17,3";"96,0";"97,0";"96,0";"16,9";"16,9";"16,7";"877,4";"878,7";"877,4";"0,0";"60,0";"6,0";"273,40";""
"03/11/2025";"1800";"17,7";"17,7";"17,3";"97,0";"97,0";"96,0";"17,2";"17,2";"16,8";"875,6";"877,4";"875,6";"0,0";"54,0";"7,6";"447,80";""
"03/11/2025";"1900";"18,7";"19,1";"17,6";"94,0";"97,0";"94,0";"17,8";"18,3";"17,0";"874,5";"875,6";"874,5";"0,0";"48,0";"1,4";"1041,30";""
"03/11/2025";"2000";"19,5";"19,9";"18,6";"86,0";"94,0";"86,0";"17,1";"18,0";"17,0";"874,6";"874,6";"874,2";"0,0";"40,0";"0,0";"1109,80";""
"03/11/2025";"2100";"17,7";"19,5";"17,7";"93,0";"93,0";"85,0";"16,6";"17,4";"16,2";"876,0";"876,0";"874,6";"0,1";"44,0";"5,8";"281,80";""
"03/11/2025";"2200";"17,7";"17,7";"17,6";"95,0";"95,0";"93,0";"16,9";"16,9";"16,6";"876,7";"876,7";"876,0";"0,0";"240,0";"5,0";"";""
"03/11/2025";"2300";"17,8";"18,0";"17,7";"90,0";"95,0";"90,0";"16,2";"17,1";"16,2";"876,2";"876,8";"876,1";"0,0";"284,0";"0,0";"";""
"04/11/2025";"0000";"16,9";"18,0";"16,8";"92,0";"92,0";"90,0";"15,5";"16,5";"15,4";"876,5";"876,6";"876,0";"0,0";"96,0";"0,0";"";""
"04/11/2025";"0100";"16,6";"17,1";"16,1";"89,0";"93,0";"85,0";"14,8";"15,5";"14,5";"877,0";"877,0";"876,5";"0,0";"360,0";"0,0";"";""
"04/11/2025";"0200";"17,1";"17,4";"16,6";"88,0";"89,0";"84,0";"15,2";"15,2";"14,6";"876,5";"877,0";"876,5";"0,0";"251,0";"0,0";"";""
"04/11/2025";"0300";"18,0";"18,0";"17,1";"84,0";"88,0";"84,0";"15,3";"15,7";"15,0";"876,1";"876,5";"876,1";"0,0";"268,0";"0,0";"";""
"04/11/2025";"0400";"18,0";"18,2";"17,7";"85,0";"87,0";"83,0";"15,4";"15,8";"15,2";"876,2";"876,3";"876,1";"0,0";"30,0";"0,0";"";""
"04/11/2025";"0500";"17,6";"18,2";"17,5";"90,0";"90,0";"85,0";"15,9";"16,1";"15,4";"875,5";"876,2";"875,5";"0,0";"237,0";"0,0";"";""
"04/11/2025";"0600";"17,6";"18,0";"17,6";"89,0";"90,0";"87,0";"15,8";"16,3";"15,7";"875,2";"875,5";"875,2";"0,0";"186,0";"0,0";"";""
"04/11/2025";"0700";"19,6";"19,8";"17,6";"80,0";"90,0";"79,0";"16,1";"16,5";"15,9";"875,5";"875,5";"875,2";"0,0";"266,0";"0,0";"";""
"04/11/2025";"0800";"18,6";"19,6";"18,6";"86,0";"86,0";"80,0";"16,2";"16,3";"16,0";"876,1";"876,1";"875,5";"0,0";"181,0";"0,0";"";""
"04/11/2025";"0900";"19,4";"19,5";"18,6";"81,0";"87,0";"80,0";"16,1";"16,3";"16,0";"876,6";"876,6";"876,1";"0,0";"282,0";"0,0";"8,20";""
"04/11/2025";"1000";"19,4";"19,5";"19,1";"85,0";"85,0";"80,0";"16,8";"16,8";"16,0";"877,7";"877,7";"876,7";"0,0";"219,0";"0,0";"79,90";""
"04/11/2025";"1100";"20,9";"20,9";"19,3";"75,0";"85,0";"75,0";"16,3";"16,9";"16,2";"878,4";"878,4";"877,7";"0,0";"277,0";"1,2";"465,20";""
"04/11/2025";"1200";"22,8";"22,8";"20,9";"71,0";"76,0";"71,0";"17,3";"17,4";"16,4";"878,8";"878,8";"878,4";"1,5";"254,0";"4,9";"909,80";""
"04/11/2025";"1300";"23,9";"24,2";"22,7";"66,0";"71,0";"61,0";"17,0";"17,4";"15,9";"878,9";"879,0";"878,8";"3,4";"290,0";"6,6";"1555,50";""
"04/11/2025";"1400";"25,7";"26,9";"23,8";"58,0";"66,0";"55,0";"16,8";"17,8";"16,1";"878,6";"878,9";"878,5";"3,3";"273,0";"6,9";"2699,70";""
"04/11/2025";"1500";"26,6";"27,3";"25,7";"53,0";"59,0";"50,0";"16,2";"17,2";"15,3";"878,1";"878,6";"878,1";"3,7";"282,0";"6,9";"2729,40";""
"04/11/2025";"1600";"26,3";"28,5";"26,1";"54,0";"56,0";"47,0";"16,3";"17,0";"15,3";"877,0";"878,1";"877,0";"1,9";"284,0";"6,9";"2263,30";""
"04/11/2025";"1700";"25,1";"27,4";"24,8";"69,0";"69,0";"52,0";"19,1";"19,1";"16,0";"876,2";"877,0";"876,2";"1,6";"22,0";"8,1";"1116,00";""
"04/11/2025";"1800";"22,9";"25,8";"22,4";"79,0";"80,0";"64,0";"19,2";"20,0";"17,9";"876,2";"876,4";"876,1";"1,8";"68,0";"5,4";"1102,20";""
"04/11/2025";"1900";"21,8";"22,9";"21,8";"86,0";"86,0";"79,0";"19,4";"19,7";"19,0";"876,2";"876,2";"876,0";"2,8";"45,0";"5,4";"388,20";""
"04/11/2025";"2000";"20,8";"21,9";"20,8";"90,0";"92,0";"85,0";"19,0";"19,7";"19,0";"876,7";"876,7";"876,1";"2,3";"114,0";"5,1";"140,60";""
"04/11/2025";"2100";"20,8";"21,0";"20,6";"85,0";"90,0";"83,0";"18,1";"19,0";"17,8";"877,2";"877,2";"876,6";"0,5";"193,0";"3,9";"53,10";""
"04/11/2025";"2200";"19,8";"20,8";"19,8";"90,0";"90,0";"85,0";"18,1";"18,3";"17,6";"877,4";"877,5";"877,2";"1,0";"306,0";"2,6";"";""
"04/11/2025";"2300";"19,7";"19,8";"19,6";"92,0";"92,0";"90,0";"18,4";"18,5";"18,1";"877,4";"877,7";"877,4";"0,0";"101,0";"1,5";"";""
"05/11/2025";"0000";"18,4";"19,9";"18,3";"94,0";"94,0";"91,0";"17,3";"18,6";"17,2";"877,7";"877,7";"877,3";"0,0";"268,0";"0,0";"";""
"05/11/2025";"0100";"19,9";"19,9";"18,3";"90,0";"94,0";"90,0";"18,3";"18,3";"17,2";"878,8";"878,8";"877,7";"0,0";"293,0";"0,0";"";""
"05/11/2025";"0200";"19,1";"20,0";"19,0";"91,0";"91,0";"89,0";"17,5";"18,2";"17,5";"878,5";"878,8";"878,5";"0,0";"283,0";"0,0";"";""
"05/11/2025";"0300";"19,0";"19,2";"18,5";"90,0";"93,0";"90,0";"17,4";"17,7";"17,1";"877,8";"878,5";"877,8";"0,0";"269,0";"0,0";"";""
"05/11/2025";"0400";"19,7";"19,7";"18,6";"89,0";"91,0";"88,0";"17,8";"17,8";"17,1";"877,3";"877,8";"877,3";"1,7";"320,0";"2,7";"";""
"05/11/2025";"0500";"19,1";"19,8";"19,1";"92,0";"92,0";"88,0";"17,9";"17,9";"17,6";"876,8";"877,3";"876,8";"0,0";"237,0";"2,2";"";""
"05/11/2025";"0600";"18,7";"19,4";"18,7";"92,0";"93,0";"90,0";"17,4";"17,9";"17,4";"876,4";"876,8";"876,4";"0,0";"289,0";"0,0";"";""
"05/11/2025";"0700";"18,6";"19,1";"18,6";"91,0";"92,0";"90,0";"17,2";"17,7";"17,1";"876,8";"876,8";"876,3";"0,0";"303,0";"0,0";"";""
"05/11/2025";"0800";"18,9";"18,9";"18,4";"92,0";"93,0";"91,0";"17,5";"17,5";"17,0";"877,1";"877,1";"876,7";"0,0";"290,0";"0,0";"";""
"05/11/2025";"0900";"19,3";"19,4";"18,8";"91,0";"92,0";"90,0";"17,8";"17,9";"17,3";"877,6";"877,6";"877,1";"0,6";"250,0";"1,7";"7,30";""
"05/11/2025";"1000";"20,7";"20,7";"19,3";"88,0";"91,0";"88,0";"18,7";"18,7";"17,9";"878,5";"878,5";"877,6";"0,0";"270,0";"2,1";"112,60";""
"05/11/2025";"1100";"21,9";"21,9";"20,7";"84,0";"88,0";"83,0";"19,0";"19,0";"18,6";"879,0";"879,0";"878,5";"0,0";"266,0";"0,0";"273,70";""
"05/11/2025";"1200";"22,9";"22,9";"21,9";"75,0";"84,0";"75,0";"18,1";"19,1";"18,1";"879,1";"879,2";"878,9";"0,0";"183,0";"0,0";"517,60";""
"05/11/2025";"1300";"24,9";"25,2";"22,9";"66,0";"76,0";"64,0";"18,0";"19,0";"17,8";"878,7";"879,1";"878,7";"0,0";"210,0";"0,0";"1289,40";""
"05/11/2025";"1400";"26,5";"26,8";"24,5";"55,0";"67,0";"54,0";"16,7";"18,5";"16,3";"878,3";"878,7";"878,3";"1,3";"173,0";"3,1";"2448,10";""
"05/11/2025";"1500";"27,4";"28,0";"26,2";"48,0";"55,0";"47,0";"15,4";"17,0";"15,2";"878,0";"878,3";"878,0";"0,0";"131,0";"3,5";"3281,00";""
"05/11/2025";"1600";"26,9";"29,5";"26,9";"56,0";"56,0";"39,0";"17,3";"17,5";"14,2";"877,1";"878,0";"877,1";"0,0";"93,0";"4,7";"2707,10";""
"05/11/2025";"1700";"21,3";"26,9";"21,1";"83,0";"84,0";"54,0";"18,3";"19,3";"16,3";"876,7";"877,1";"876,4";"4,3";"330,0";"9,6";"534,60";""
"05/11/2025";"1800";"22,0";"22,0";"20,8";"84,0";"87,0";"78,0";"19,3";"19,3";"17,2";"876,0";"877,0";"876,0";"0,0";"10,0";"9,6";"527,70";""
"05/11/2025";"1900";"20,9";"22,2";"20,8";"82,0";"85,0";"75,0";"17,7";"19,3";"16,8";"875,8";"876,4";"875,8";"0,5";"240,0";"7,8";"272,40";""
"05/11/2025";"2000";"20,4";"20,9";"20,3";"83,0";"85,0";"80,0";"17,5";"17,9";"16,9";"875,6";"875,8";"875,1";"0,0";"293,0";"2,6";"117,50";""
"05/11/2025";"2100";"20,9";"21,0";"20,4";"83,0";"86,0";"80,0";"17,9";"18,0";"17,4";"875,8";"875,8";"875,6";"0,0";"56,0";"2,6";"66,70";""
"05/11/2025";"2200";"20,9";"20,9";"20,1";"79,0";"87,0";"79,0";"17,2";"18,2";"17,1";"876,3";"876,3";"875,8";"0,0";"238,0";"0,0";"0,30";""
"05/11/2025";"2300";"21,1";"21,1";"20,1";"78,0";"83,0";"78,0";"17,2";"17,3";"17,1";"876,7";"876,8";"876,3";"0,0";"265,0";"0,0";"";""
"06/11/2025";"0000";"20,3";"21,1";"20,0";"83,0";"84,0";"78,0";"17,4";"17,4";"17,0";"877,6";"877,6";"876,7";"0,0";"244,0";"0,0";"";""
"06/11/2025";"0100";"20,4";"21,1";"20,2";"83,0";"84,0";"80,0";"17,4";"17,6";"17,2";"878,2";"878,3";"877,5";"0,0";"225,0";"0,0";"";""
"06/11/2025";"0200";"19,7";"20,5";"19,7";"86,0";"86,0";"83,0";"17,3";"17,5";"17,2";"878,1";"878,2";"878,1";"0,0";"230,0";"0,0";"";""
"06/11/2025";"0300";"20,6";"20,7";"19,4";"83,0";"88,0";"82,0";"17,6";"17,7";"17,2";"877,2";"878,1";"877,2";"0,0";"249,0";"4,2";"";""
"06/11/2025";"0400";"19,4";"20,6";"19,4";"89,0";"89,0";"83,0";"17,5";"17,7";"17,3";"876,5";"877,2";"876,5";"0,0";"236,0";"0,0";"";""
"06/11/2025";"0500";"18,9";"19,4";"18,4";"91,0";"92,0";"89,0";"17,4";"17,6";"16,8";"875,7";"876,5";"875,7";"0,0";"258,0";"0,0";"";""
"06/11/2025";"0600";"19,2";"19,6";"18,9";"90,0";"91,0";"89,0";"17,5";"17,8";"17,3";"875,4";"875,9";"875,3";"0,0";"244,0";"0,0";"";""
"06/11/2025";"0700";"18,5";"19,2";"18,5";"92,0";"93,0";"90,0";"17,2";"17,6";"17,2";"875,2";"875,4";"874,8";"0,0";"303,0";"0,0";"";""
"06/11/2025";"0800";"18,3";"18,6";"17,9";"94,0";"94,0";"92,0";"17,3";"17,3";"16,9";"875,1";"875,3";"875,0";"0,0";"32,0";"0,0";"";""
"06/11/2025";"0900";"18,3";"18,4";"17,7";"94,0";"94,0";"93,0";"17,4";"17,4";"16,7";"875,2";"875,2";"875,0";"0,0";"48,0";"0,0";"18,20";""
"06/11/2025";"1000";"20,9";"20,9";"18,3";"86,0";"94,0";"86,0";"18,5";"18,7";"17,4";"876,1";"876,1";"875,2";"0,0";"44,0";"0,0";"429,00";""
"06/11/2025";"1100";"22,9";"22,9";"20,9";"74,0";"87,0";"72,0";"17,9";"19,4";"17,4";"877,2";"877,2";"876,1";"0,3";"59,0";"6,9";"1580,60";""
"06/11/2025";"1200";"23,3";"23,7";"22,6";"71,0";"78,0";"69,0";"17,8";"18,9";"17,5";"877,9";"877,9";"877,2";"0,0";"67,0";"6,9";"2051,00";""
"06/11/2025";"1300";"23,6";"24,9";"22,4";"68,0";"75,0";"66,0";"17,5";"18,9";"17,4";"878,1";"878,1";"877,8";"4,7";"55,0";"8,4";"2246,40";""
"06/11/2025";"1400";"24,9";"25,9";"23,0";"58,0";"72,0";"56,0";"15,9";"18,2";"15,6";"877,9";"878,1";"877,9";"4,4";"92,0";"8,5";"2762,20";""
"06/11/2025";"1500";"27,5";"27,6";"24,7";"53,0";"60,0";"53,0";"17,0";"18,0";"15,7";"876,9";"877,9";"876,9";"3,5";"59,0";"8,4";"3795,20";""
"06/11/2025";"1600";"27,5";"28,6";"26,4";"50,0";"57,0";"48,0";"16,0";"17,5";"15,4";"875,8";"876,9";"875,8";"1,5";"21,0";"7,7";"3718,40";""
"06/11/2025";"1700";"29,0";"29,4";"27,1";"43,0";"52,0";"43,0";"15,3";"17,2";"14,9";"874,4";"875,8";"874,4";"1,8";"64,0";"5,6";"3182,80";""
"06/11/2025";"1800";"28,9";"29,2";"27,7";"45,0";"49,0";"43,0";"15,8";"16,6";"14,9";"873,2";"874,4";"873,2";"1,9";"100,0";"5,3";"2213,40";""
"06/11/2025";"1900";"28,5";"29,7";"27,6";"46,0";"51,0";"44,0";"15,6";"16,6";"15,3";"873,0";"873,3";"873,0";"1,7";"36,0";"5,8";"1483,30";""
"06/11/2025";"2000";"26,1";"28,5";"26,1";"58,0";"59,0";"45,0";"17,3";"17,6";"15,3";"873,0";"873,1";"872,9";"2,4";"290,0";"5,0";"314,30";""
"06/11/2025";"2100";"24,0";"26,1";"24,0";"69,0";"69,0";"58,0";"18,1";"18,1";"17,2";"873,8";"873,8";"873,0";"2,6";"277,0";"5,1";"115,40";""
"06/11/2025";"2200";"22,5";"24,0";"22,5";"76,0";"76,0";"68,0";"18,0";"18,2";"17,4";"874,1";"874,1";"873,7";"1,1";"15,0";"5,4";"1,10";""
"06/11/2025";"2300";"22,0";"22,5";"21,6";"80,0";"81,0";"76,0";"18,4";"18,7";"17,9";"874,8";"874,8";"873,9";"0,0";"102,0";"2,6";"";""
"07/11/2025";"0000";"22,6";"22,7";"22,0";"79,0";"80,0";"78,0";"18,8";"18,9";"18,4";"875,4";"875,4";"874,8";"1,5";"217,0";"5,0";"";""
"07/11/2025";"0100";"21,3";"22,6";"21,1";"83,0";"88,0";"79,0";"18,3";"19,2";"18,3";"875,7";"875,9";"875,4";"2,1";"352,0";"4,7";"";""
"07/11/2025";"0200";"20,1";"21,4";"19,9";"89,0";"89,0";"83,0";"18,2";"18,4";"17,8";"875,8";"876,0";"875,7";"1,7";"329,0";"3,8";"";""
"07/11/2025";"0300";"20,5";"20,9";"20,0";"84,0";"89,0";"84,0";"17,8";"18,4";"17,8";"875,3";"875,8";"875,3";"0,3";"59,0";"5,5";"";""
"07/11/2025";"0400";"20,1";"20,6";"19,7";"87,0";"88,0";"84,0";"17,9";"18,3";"17,5";"874,6";"875,3";"874,6";"0,6";"196,0";"4,0";"";""
"07/11/2025";"0500";"19,7";"20,1";"18,9";"92,0";"92,0";"87,0";"18,3";"18,3";"17,4";"874,1";"874,6";"874,1";"0,0";"273,0";"1,4";"";""
"07/11/2025";"0600";"19,2";"19,8";"19,1";"93,0";"93,0";"91,0";"18,1";"18,4";"17,7";"873,7";"874,1";"873,7";"0,0";"239,0";"0,0";"";""
"07/11/2025";"0700";"19,3";"19,5";"19,1";"94,0";"94,0";"93,0";"18,3";"18,5";"18,0";"873,8";"873,8";"873,6";"0,0";"205,0";"0,0";"";""
"07/11/2025";"0800";"18,8";"19,3";"18,8";"94,0";"95,0";"94,0";"17,9";"18,4";"17,9";"874,1";"874,1";"873,7";"0,0";"214,0";"0,0";"";""
"07/11/2025";"0900";"19,6";"19,6";"18,8";"94,0";"95,0";"94,0";"18,6";"18,7";"17,9";"874,6";"874,6";"874,1";"0,0";"173,0";"0,0";"32,80";""
"07/11/2025";"1000";"22,2";"22,3";"19,6";"80,0";"94,0";"79,0";"18,6";"19,8";"18,4";"875,2";"875,2";"874,6";"2,2";"287,0";"4,7";"632,00";""
"07/11/2025";"1100";"24,1";"24,3";"22,2";"62,0";"81,0";"59,0";"16,3";"18,9";"15,6";"876,1";"876,1";"875,2";"2,8";"308,0";"5,7";"1500,80";""
"07/11/2025";"1200";"25,2";"25,8";"24,1";"57,0";"62,0";"55,0";"16,0";"17,1";"15,6";"876,6";"876,6";"876,1";"1,7";"267,0";"5,5";"2124,00";""
"07/11/2025";"1300";"23,2";"25,4";"23,2";"73,0";"73,0";"57,0";"18,1";"18,1";"16,0";"876,6";"876,7";"876,6";"3,0";"266,0";"6,1";"859,10";""
"07/11/2025";"1400";"22,3";"23,2";"21,5";"77,0";"85,0";"73,0";"18,1";"19,1";"17,8";"876,3";"876,7";"876,3";"1,9";"157,0";"5,9";"350,00";""
"07/11/2025";"1500";"22,2";"23,8";"22,1";"85,0";"85,0";"70,0";"19,5";"19,8";"17,7";"875,7";"876,3";"875,7";"0,8";"298,0";"4,9";"1093,70";""
"07/11/2025";"1600";"18,3";"22,5";"18,1";"92,0";"92,0";"85,0";"17,0";"20,7";"16,6";"874,9";"876,2";"874,9";"3,5";"283,0";"9,7";"496,20";""
"07/11/2025";"1700";"21,0";"21,6";"18,3";"87,0";"92,0";"85,0";"18,7";"19,4";"17,1";"874,5";"874,9";"874,5";"0,8";"123,0";"6,9";"947,10";""
"07/11/2025";"1800";"23,0";"23,1";"21,0";"78,0";"89,0";"75,0";"18,9";"19,8";"18,3";"872,9";"874,5";"872,9";"3,2";"300,0";"6,7";"810,80";""
"07/11/2025";"1900";"22,6";"23,1";"22,6";"71,0";"78,0";"69,0";"17,1";"19,0";"16,8";"872,9";"873,1";"872,5";"4,4";"296,0";"10,5";"958,00";""
"07/11/2025";"2000";"22,5";"22,9";"22,5";"76,0";"77,0";"71,0";"18,1";"18,2";"17,1";"873,5";"873,5";"872,8";"2,9";"306,0";"9,8";"665,80";""
"07/11/2025";"2100";"21,4";"22,5";"21,4";"81,0";"81,0";"75,0";"18,0";"18,1";"17,8";"873,2";"874,1";"873,2";"4,3";"302,0";"7,8";"190,00";""
"07/11/2025";"2200";"20,5";"21,4";"20,5";"83,0";"84,0";"80,0";"17,5";"18,1";"17,5";"874,2";"874,2";"873,2";"2,0";"353,0";"8,9";"4,50";""
"07/11/2025";"2300";"20,5";"20,7";"20,3";"79,0";"83,0";"79,0";"16,7";"17,6";"16,7";"874,3";"874,4";"874,2";"2,5";"288,0";"6,3";"";""
"08/11/2025";"0000";"20,7";"20,7";"20,3";"83,0";"83,0";"79,0";"17,6";"17,7";"16,8";"875,3";"875,3";"874,3";"2,2";"303,0";"6,5";"";""
"08/11/2025";"0100";"20,1";"20,8";"20,1";"85,0";"85,0";"82,0";"17,5";"17,7";"17,4";"875,6";"875,6";"875,3";"0,2";"287,0";"5,0";"";""
"08/11/2025";"0200";"20,0";"20,2";"19,7";"86,0";"87,0";"84,0";"17,6";"17,7";"17,1";"875,8";"875,9";"875,6";"2,1";"304,0";"3,7";"";""
"08/11/2025";"0300";"20,1";"20,1";"19,6";"86,0";"87,0";"85,0";"17,6";"17,7";"17,4";"875,0";"875,8";"875,0";"2,2";"295,0";"4,2";"";""
"08/11/2025";"0400";"19,6";"20,2";"19,4";"89,0";"89,0";"85,0";"17,7";"17,7";"17,4";"874,1";"875,0";"874,1";"0,7";"289,0";"4,2";"";""
"08/11/2025";"0500";"19,7";"19,8";"19,6";"89,0";"89,0";"89,0";"17,9";"17,9";"17,7";"873,5";"874,1";"873,5";"0,3";"278,0";"4,6";"";""
"08/11/2025";"0600";"19,8";"19,9";"19,7";"89,0";"90,0";"89,0";"18,0";"18,1";"17,9";"873,2";"873,7";"873,2";"3,1";"274,0";"6,4";"";""
"08/11/2025";"0700";"19,6";"19,8";"19,6";"88,0";"90,0";"88,0";"17,6";"17,9";"17,6";"873,5";"873,5";"873,2";"0,8";"277,0";"6,7";"";""
"08/11/2025";"0800";"19,9";"20,1";"19,6";"87,0";"88,0";"85,0";"17,6";"17,7";"17,3";"874,4";"874,4";"873,5";"0,0";"286,0";"7,9";"";""
"08/11/2025";"0900";"20,1";"20,2";"19,9";"86,0";"88,0";"85,0";"17,7";"17,9";"17,5";"875,0";"875,0";"874,4";"3,5";"286,0";"8,2";"15,90";""
"08/11/2025";"1000";"20,6";"20,6";"20,1";"83,0";"86,0";"82,0";"17,6";"17,8";"17,5";"875,8";"875,8";"875,0";"0,7";"285,0";"8,6";"256,40";""
"08/11/2025";"1100";"21,3";"21,4";"20,6";"79,0";"83,0";"78,0";"17,5";"17,8";"17,3";"876,6";"876,6";"875,8";"3,0";"289,0";"8,3";"569,30";""
"08/11/2025";"1200";"21,8";"22,0";"21,1";"76,0";"80,0";"75,0";"17,4";"17,7";"17,3";"876,9";"876,9";"876,6";"4,4";"280,0";"9,4";"944,00";""
"08/11/2025";"1300";"22,5";"22,6";"21,6";"74,0";"77,0";"73,0";"17,7";"17,9";"17,2";"877,0";"877,2";"876,9";"4,3";"283,0";"9,7";"1315,20";""
"08/11/2025";"1400";"22,3";"22,6";"22,1";"75,0";"75,0";"72,0";"17,5";"17,8";"17,2";"877,0";"877,1";"877,0";"4,4";"273,0";"9,5";"1113,20";""
"08/11/2025";"1500";"23,6";"23,7";"22,1";"70,0";"76,0";"68,0";"17,7";"17,8";"17,2";"876,7";"877,1";"876,7";"3,6";"275,0";"8,9";"1141,80";""
"08/11/2025";"1600";"25,0";"25,4";"23,6";"61,0";"69,0";"58,0";"16,8";"18,2";"16,4";"875,7";"876,7";"875,7";"5,2";"282,0";"10,5";"2121,60";""
"08/11/2025";"1700";"26,9";"26,9";"24,5";"56,0";"65,0";"56,0";"17,5";"18,5";"16,5";"874,3";"875,7";"874,3";"4,0";"285,0";"10,5";"2717,10";""
"08/11/2025";"1800";"25,6";"27,2";"25,5";"56,0";"58,0";"53,0";"16,3";"17,5";"15,7";"873,9";"874,3";"873,9";"4,7";"260,0";"9,0";"2251,50";""
"08/11/2025";"1900";"21,9";"26,4";"21,9";"75,0";"75,0";"55,0";"17,3";"17,3";"16,2";"874,3";"874,3";"873,5";"7,1";"291,0";"14,2";"1443,40";""
"08/11/2025";"2000";"21,3";"22,1";"21,3";"71,0";"75,0";"67,0";"15,8";"17,4";"15,2";"874,5";"874,5";"874,0";"4,6";"293,0";"14,2";"397,70";""
"08/11/2025";"2100";"19,1";"21,3";"19,1";"91,0";"91,0";"71,0";"17,6";"17,6";"15,8";"874,7";"874,8";"874,5";"1,7";"281,0";"8,5";"49,80";""
"08/11/2025";"2200";"18,5";"19,1";"18,5";"91,0";"92,0";"91,0";"17,1";"17,7";"17,1";"875,3";"875,3";"874,7";"0,1";"277,0";"3,5";"0,60";""
"08/11/2025";"2300";"19,2";"19,2";"18,4";"93,0";"94,0";"91,0";"18,1";"18,1";"17,0";"875,9";"875,9";"875,2";"0,0";"198,0";"1,0";"";""
"09/11/2025";"0000";"19,3";"19,4";"19,1";"93,0";"94,0";"93,0";"18,2";"18,3";"18,0";"876,5";"876,5";"875,9";"0,7";"255,0";"1,6";"";""
"09/11/2025";"0100";"19,4";"19,5";"19,2";"92,0";"93,0";"91,0";"18,1";"18,3";"17,8";"876,9";"876,9";"876,5";"0,6";"263,0";"1,6";"";""
"09/11/2025";"0200";"19,3";"19,9";"19,3";"88,0";"92,0";"86,0";"17,3";"18,3";"17,2";"876,6";"876,9";"876,4";"0,8";"276,0";"2,1";"";""
"09/11/2025";"0300";"19,6";"20,4";"19,3";"87,0";"88,0";"79,0";"17,3";"17,5";"16,6";"876,3";"876,6";"876,3";"1,2";"269,0";"2,5";"";""
"09/11/2025";"0400";"20,4";"20,4";"19,4";"82,0";"88,0";"82,0";"17,2";"17,4";"17,0";"875,8";"876,3";"875,8";"0,7";"300,0";"2,4";"";""
"09/11/2025";"0500";"20,3";"20,4";"19,8";"83,0";"87,0";"82,0";"17,3";"17,7";"17,2";"875,6";"875,8";"875,6";"1,4";"257,0";"2,3";"";""
"09/11/2025";"0600";"20,2";"20,5";"20,0";"84,0";"86,0";"82,0";"17,4";"17,5";"17,2";"875,4";"875,6";"875,4";"0,0";"255,0";"1,9";"";""
"09/11/2025";"0700";"20,1";"20,4";"20,1";"86,0";"86,0";"83,0";"17,6";"17,6";"17,3";"875,9";"875,9";"875,4";"2,6";"226,0";"4,8";"";""
"09/11/2025";"0800";"19,1";"20,1";"19,1";"94,0";"94,0";"86,0";"18,1";"18,2";"17,6";"876,3";"876,3";"875,9";"1,8";"209,0";"4,8";"";""
"09/11/2025";"0900";"19,2";"19,2";"19,0";"93,0";"94,0";"93,0";"18,0";"18,2";"18,0";"876,7";"876,7";"876,3";"2,2";"276,0";"3,8";"5,90";""
"09/11/2025";"1000";"18,9";"19,5";"18,7";"94,0";"94,0";"89,0";"17,8";"18,0";"17,4";"877,1";"877,1";"876,6";"0,0";"274,0";"6,9";"112,90";""
"09/11/2025";"1100";"19,8";"19,8";"18,9";"89,0";"94,0";"89,0";"17,9";"18,4";"17,7";"877,3";"877,3";"877,0";"0,0";"251,0";"0,0";"466,20";""
"09/11/2025";"1200";"22,0";"22,0";"19,8";"78,0";"89,0";"76,0";"18,0";"18,4";"17,4";"877,8";"877,8";"877,3";"0,0";"254,0";"0,0";"1102,90";""
"09/11/2025";"1300";"23,1";"23,1";"22,0";"71,0";"79,0";"70,0";"17,6";"18,3";"17,2";"878,0";"878,0";"877,8";"0,0";"262,0";"0,0";"1222,60";""
"09/11/2025";"1400";"25,9";"25,9";"22,9";"60,0";"71,0";"59,0";"17,5";"18,2";"16,6";"877,6";"878,0";"877,6";"0,0";"220,0";"0,0";"2104,60";""
"09/11/2025";"1500";"27,7";"27,8";"25,9";"50,0";"61,0";"48,0";"16,4";"18,0";"15,4";"876,7";"877,6";"876,7";"0,1";"266,0";"6,0";"3324,40";""
"09/11/2025";"1600";"28,3";"28,8";"26,7";"50,0";"53,0";"45,0";"16,8";"17,2";"15,3";"876,2";"876,7";"876,2";"4,3";"287,0";"10,2";"3469,30";""
"09/11/2025";"1700";"28,5";"28,9";"27,0";"45,0";"53,0";"45,0";"15,5";"17,7";"15,3";"875,6";"876,2";"875,6";"1,4";"268,0";"10,4";"3510,60";""
"09/11/2025";"1800";"28,7";"28,9";"27,7";"45,0";"50,0";"41,0";"15,5";"16,9";"14,4";"875,1";"875,6";"875,0";"4,0";"264,0";"8,5";"3062,10";""
"09/11/2025";"1900";"27,4";"29,1";"27,0";"53,0";"54,0";"44,0";"17,0";"17,0";"14,8";"874,8";"875,1";"874,8";"3,6";"272,0";"8,5";"1922,60";""
"09/11/2025";"2000";"25,6";"27,4";"25,6";"59,0";"59,0";"52,0";"16,9";"17,3";"16,1";"874,7";"874,8";"874,6";"2,5";"266,0";"7,0";"585,60";""
"09/11/2025";"2100";"23,3";"25,7";"23,3";"72,0";"72,0";"58,0";"18,0";"18,0";"16,8";"875,4";"875,4";"874,7";"2,8";"182,0";"5,8";"145,30";""
"09/11/2025";"2200";"22,5";"23,3";"22,5";"76,0";"77,0";"72,0";"18,1";"18,6";"18,0";"875,9";"875,9";"875,4";"0,0";"268,0";"4,8";"1,40";""
"09/11/2025";"2300";"21,1";"22,5";"21,1";"89,0";"90,0";"76,0";"19,1";"19,5";"18,1";"876,6";"876,6";"875,9";"0,5";"279,0";"1,9";"";""
"10/11/2025";"0000";"21,0";"21,6";"20,7";"89,0";"90,0";"86,0";"19,1";"19,4";"18,8";"877,1";"877,1";"876,6";"0,0";"246,0";"1,3";"";""
"10/11/2025";"0100";"20,4";"21,1";"20,3";"89,0";"90,0";"88,0";"18,5";"19,1";"18,5";"877,1";"877,1";"877,0";"1,4";"278,0";"2,6";"";""
"10/11/2025";"0200";"19,2";"20,4";"18,9";"92,0";"92,0";"89,0";"17,8";"18,5";"17,6";"877,0";"877,2";"876,9";"1,0";"267,0";"2,6";"";""
"10/11/2025";"0300";"19,4";"19,7";"18,9";"88,0";"92,0";"87,0";"17,3";"17,8";"17,3";"876,4";"877,0";"876,4";"1,3";"265,0";"2,3";"";""
"10/11/2025";"0400";"19,7";"19,7";"19,0";"86,0";"91,0";"86,0";"17,3";"17,7";"17,3";"876,2";"876,4";"876,2";"0,0";"275,0";"1,9";"";""
"10/11/2025";"0500";"18,9";"19,7";"18,9";"87,0";"87,0";"85,0";"16,7";"17,2";"16,7";"875,9";"876,3";"875,9";"0,0";"232,0";"0,0";"";""
"10/11/2025";"0600";"18,6";"19,4";"18,2";"90,0";"91,0";"87,0";"16,9";"17,2";"16,5";"875,5";"875,9";"875,5";"0,0";"265,0";"0,0";"";""
"10/11/2025";"0700";"18,1";"18,7";"17,9";"91,0";"92,0";"89,0";"16,7";"17,2";"16,3";"875,7";"875,7";"875,5";"0,0";"59,0";"0,0";"";""
"10/11/2025";"0800";"19,1";"19,5";"18,0";"89,0";"92,0";"87,0";"17,3";"17,6";"16,6";"876,2";"876,2";"875,7";"0,0";"178,0";"0,0";"";""
"10/11/2025";"0900";"20,5";"20,8";"19,1";"85,0";"89,0";"84,0";"17,9";"18,1";"17,1";"876,6";"876,6";"876,2";"0,0";"77,0";"0,0";"24,30";""
"10/11/2025";"1000";"22,1";"22,2";"20,5";"80,0";"86,0";"80,0";"18,5";"19,0";"17,9";"877,3";"877,3";"876,6";"1,4";"88,0";"5,2";"565,60";""
"10/11/2025";"1100";"23,0";"23,2";"22,0";"76,0";"83,0";"76,0";"18,6";"19,3";"18,3";"877,9";"878,0";"877,3";"3,0";"93,0";"6,8";"711,70";""
"10/11/2025";"1200";"23,5";"23,8";"22,9";"74,0";"77,0";"73,0";"18,6";"19,2";"18,1";"878,1";"878,2";"877,9";"4,3";"95,0";"8,9";"1080,40";""
"10/11/2025";"1300";"25,4";"25,7";"23,5";"66,0";"75,0";"65,0";"18,4";"19,3";"18,0";"878,0";"878,1";"877,9";"3,7";"81,0";"8,4";"2144,80";""
"10/11/2025";"1400";"26,5";"27,7";"24,8";"63,0";"68,0";"57,0";"19,0";"19,9";"17,7";"877,6";"878,0";"877,5";"2,9";"78,0";"8,8";"3295,70";""
"10/11/2025";"1500";"26,0";"28,2";"26,0";"66,0";"66,0";"57,0";"19,1";"20,0";"18,4";"877,3";"877,7";"877,3";"2,9";"89,0";"7,8";"2782,20";""
"10/11/2025";"1600";"27,4";"28,5";"26,0";"58,0";"66,0";"56,0";"18,5";"19,8";"18,0";"876,1";"877,3";"876,0";"3,6";"56,0";"7,7";"3826,90";""
"10/11/2025";"1700";"25,8";"28,8";"25,2";"61,0";"62,0";"55,0";"17,7";"19,7";"16,7";"875,4";"876,1";"875,4";"3,2";"324,0";"7,4";"1894,50";""
"10/11/2025";"1800";"26,4";"27,5";"25,0";"58,0";"62,0";"56,0";"17,5";"18,4";"16,1";"874,8";"875,4";"874,8";"1,1";"31,0";"7,3";"1248,70";""
"10/11/2025";"1900";"17,4";"26,4";"17,4";"95,0";"95,0";"57,0";"16,6";"20,0";"16,5";"875,5";"875,6";"874,3";"4,7";"48,0";"15,9";"188,80";""
"10/11/2025";"2000";"19,4";"19,4";"17,4";"95,0";"96,0";"95,0";"18,6";"18,7";"16,6";"875,3";"875,5";"874,6";"0,2";"155,0";"9,0";"37,60";""
"10/11/2025";"2100";"19,5";"19,8";"19,2";"94,0";"95,0";"94,0";"18,5";"19,0";"18,4";"875,7";"875,9";"875,3";"0,1";"57,0";"2,1";"21,70";""
"10/11/2025";"2200";"19,1";"19,6";"19,1";"93,0";"94,0";"93,0";"18,0";"18,5";"18,0";"876,1";"876,1";"875,7";"0,0";"41,0";"3,1";"";""
"10/11/2025";"2300";"19,2";"19,6";"19,1";"92,0";"93,0";"91,0";"17,9";"18,3";"17,8";"875,8";"876,1";"875,8";"0,0";"42,0";"3,2";"";""
"11/11/2025";"0000";"19,3";"19,5";"19,1";"91,0";"93,0";"91,0";"17,9";"18,2";"17,9";"876,3";"876,3";"875,8";"0,0";"57,0";"0,0";"";""
"11/11/2025";"0100";"19,4";"19,5";"19,0";"91,0";"94,0";"91,0";"17,9";"18,1";"17,7";"876,7";"876,7";"876,3";"0,0";"46,0";"0,0";"";""
"11/11/2025";"0200";"19,7";"20,3";"19,4";"88,0";"91,0";"85,0";"17,7";"17,9";"17,6";"876,9";"877,0";"876,7";"1,0";"33,0";"3,8";"";""
"11/11/2025";"0300";"20,2";"20,2";"19,7";"84,0";"88,0";"84,0";"17,5";"17,7";"17,5";"876,6";"877,0";"876,5";"0,0";"34,0";"2,5";"";""
"11/11/2025";"0400";"20,0";"20,2";"19,5";"86,0";"88,0";"84,0";"17,6";"17,6";"17,4";"876,2";"876,5";"876,2";"0,0";"32,0";"0,0";"";""
"11/11/2025";"0500";"20,2";"20,2";"19,9";"87,0";"87,0";"85,0";"17,9";"17,9";"17,7";"875,8";"876,2";"875,8";"0,0";"39,0";"0,0";"";""
"11/11/2025";"0600";"19,3";"20,3";"19,2";"91,0";"91,0";"86,0";"17,8";"17,9";"17,6";"875,7";"875,9";"875,7";"0,0";"58,0";"4,0";"";""
"11/11/2025";"0700";"19,1";"19,4";"19,1";"92,0";"92,0";"90,0";"17,8";"17,8";"17,6";"875,9";"875,9";"875,6";"0,0";"72,0";"0,0";"";""
"11/11/2025";"0800";"19,3";"19,4";"19,0";"91,0";"93,0";"91,0";"17,8";"18,0";"17,7";"876,4";"876,4";"875,8";"0,0";"72,0";"0,0";"";""
"11/11/2025";"0900";"19,0";"19,3";"18,9";"95,0";"95,0";"91,0";"18,1";"18,1";"17,8";"877,2";"877,2";"876,4";"0,0";"52,0";"4,9";"14,20";""
"11/11/2025";"1000";"19,6";"19,7";"19,0";"96,0";"96,0";"95,0";"18,9";"19,0";"18,1";"878,1";"878,1";"877,2";"0,0";"63,0";"0,0";"211,10";""
"11/11/2025";"1100";"20,0";"20,3";"19,6";"92,0";"96,0";"92,0";"18,7";"19,2";"18,7";"878,6";"878,6";"878,1";"0,0";"67,0";"0,0";"386,30";""
"11/11/2025";"1200";"22,6";"22,8";"20,0";"81,0";"93,0";"79,0";"19,2";"19,9";"18,6";"878,8";"878,9";"878,6";"0,0";"71,0";"0,0";"1312,10";""
"11/11/2025";"1300";"22,5";"22,7";"21,4";"81,0";"85,0";"78,0";"19,1";"19,3";"18,0";"878,8";"879,0";"878,8";"0,0";"62,0";"0,0";"1135,30";""
"11/11/2025";"1400";"24,1";"25,3";"22,5";"72,0";"83,0";"67,0";"18,8";"19,9";"17,6";"878,4";"878,8";"878,4";"2,4";"67,0";"5,2";"3103,80";""
"11/11/2025";"1500";"25,4";"25,8";"23,6";"65,0";"76,0";"63,0";"18,3";"19,7";"17,2";"877,6";"878,4";"877,6";"3,9";"53,0";"7,7";"3214,10";""
"11/11/2025";"1600";"25,8";"26,0";"24,8";"67,0";"70,0";"64,0";"19,1";"19,4";"17,9";"876,9";"877,6";"876,9";"2,6";"70,0";"7,7";"2618,30";""
"11/11/2025";"1700";"25,4";"26,8";"24,8";"67,0";"69,0";"62,0";"18,8";"19,8";"18,0";"876,3";"876,9";"876,3";"2,5";"50,0";"7,1";"2482,70";""
"11/11/2025";"1800";"24,7";"25,8";"24,2";"69,0";"71,0";"64,0";"18,7";"19,3";"18,1";"876,0";"876,3";"876,0";"2,4";"52,0";"7,1";"1333,00";""
"11/11/2025";"1900";"24,5";"24,9";"24,4";"67,0";"69,0";"66,0";"18,0";"18,5";"18,0";"875,8";"876,0";"875,8";"0,6";"66,0";"4,6";"804,50";""
"11/11/2025";"2000";"24,2";"24,5";"24,1";"69,0";"72,0";"67,0";"18,1";"18,7";"17,9";"875,6";"875,8";"875,5";"0,7";"75,0";"3,2";"438,10";""
"11/11/2025";"2100";"23,1";"24,2";"23,1";"75,0";"75,0";"69,0";"18,3";"18,6";"18,2";"875,6";"875,7";"875,5";"0,6";"56,0";"2,4";"244,90";""
"11/11/2025";"2200";"22,0";"23,0";"21,8";"78,0";"79,0";"75,0";"17,9";"18,3";"17,9";"876,5";"876,5";"875,6";"0,3";"36,0";"2,7";"0,50";""
"11/11/2025";"2300";"19,5";"22,0";"19,4";"89,0";"89,0";"78,0";"17,7";"18,1";"17,6";"876,9";"876,9";"876,4";"0,0";"115,0";"1,8";"";""
"12/11/2025";"0000";"20,8";"20,8";"19,3";"88,0";"90,0";"84,0";"18,8";"18,8";"17,3";"877,6";"877,7";"876,9";"1,5";"93,0";"7,3";"";""
"12/11/2025";"0100";"19,1";"21,1";"18,9";"95,0";"95,0";"87,0";"18,2";"18,8";"17,3";"877,9";"878,1";"877,6";"2,0";"62,0";"8,7";"";""
"12/11/2025";"0200";"18,9";"19,1";"18,7";"95,0";"95,0";"95,0";"18,1";"18,2";"17,9";"877,9";"878,1";"877,7";"0,2";"99,0";"4,9";"";""
"12/11/2025";"0300";"18,8";"18,9";"18,7";"94,0";"95,0";"94,0";"17,8";"18,0";"17,8";"877,2";"877,9";"877,2";"0,0";"83,0";"2,1";"";""
"12/11/2025";"0400";"18,7";"18,8";"18,4";"93,0";"95,0";"93,0";"17,5";"17,8";"17,4";"876,6";"877,2";"876,6";"0,2";"92,0";"3,8";"";""
"12/11/2025";"0500";"19,4";"19,4";"18,4";"90,0";"94,0";"90,0";"17,7";"17,8";"17,2";"876,4";"876,6";"876,4";"2,7";"44,0";"5,8";"";""
"12/11/2025";"0600";"18,9";"19,5";"18,9";"91,0";"91,0";"88,0";"17,4";"17,7";"17,3";"876,5";"876,5";"876,2";"1,0";"63,0";"6,2";"";""
"12/11/2025";"0700";"18,5";"19,0";"18,5";"93,0";"93,0";"90,0";"17,3";"17,4";"17,2";"876,7";"876,7";"876,4";"0,0";"82,0";"4,1";"";""
"12/11/2025";"0800";"18,6";"18,7";"18,4";"92,0";"93,0";"92,0";"17,3";"17,4";"17,3";"877,0";"877,0";"876,6";"2,6";"68,0";"4,8";"";""
"12/11/2025";"0900";"18,2";"18,8";"18,2";"90,0";"93,0";"89,0";"16,5";"17,3";"16,5";"877,6";"877,6";"877,0";"3,6";"79,0";"7,8";"39,70";""
"12/11/2025";"1000";"19,1";"19,2";"18,2";"91,0";"91,0";"89,0";"17,6";"17,6";"16,5";"878,4";"878,4";"877,6";"3,8";"79,0";"7,3";"596,80";""
"12/11/2025";"1100";"20,3";"20,6";"19,2";"84,0";"91,0";"83,0";"17,5";"18,3";"17,3";"878,9";"878,9";"878,4";"1,4";"55,0";"8,3";"1294,50";""
"12/11/2025";"1200";"22,2";"22,2";"20,3";"78,0";"85,0";"77,0";"18,2";"18,6";"17,4";"879,1";"879,1";"878,8";"4,4";"63,0";"8,4";"2481,20";""
"12/11/2025";"1300";"23,9";"23,9";"22,1";"71,0";"79,0";"71,0";"18,3";"18,9";"17,9";"879,0";"879,1";"878,9";"4,3";"68,0";"8,6";"3197,60";""
"12/11/2025";"1400";"25,0";"25,4";"23,9";"67,0";"72,0";"63,0";"18,3";"19,1";"17,3";"879,0";"879,1";"878,9";"3,5";"65,0";"9,3";"3610,90";""
"12/11/2025";"1500";"25,2";"26,4";"24,5";"61,0";"67,0";"59,0";"17,2";"19,0";"17,1";"878,7";"879,0";"878,6";"3,3";"68,0";"7,1";"3397,70";""
"12/11/2025";"1600";"26,8";"27,6";"24,8";"51,0";"64,0";"50,0";"15,6";"18,4";"15,6";"878,1";"878,7";"878,1";"3,2";"67,0";"6,8";"3966,50";""
"12/11/2025";"1700";"27,5";"28,0";"26,2";"51,0";"58,0";"49,0";"16,5";"17,7";"15,6";"877,2";"878,1";"877,2";"2,3";"58,0";"7,4";"3499,50";""
"12/11/2025";"1800";"27,6";"28,3";"26,4";"52,0";"54,0";"45,0";"16,8";"17,3";"14,8";"876,3";"877,2";"876,3";"2,8";"73,0";"6,7";"2785,00";""
"12/11/2025";"1900";"27,3";"27,6";"25,9";"42,0";"54,0";"41,0";"13,3";"17,2";"12,8";"875,7";"876,3";"875,6";"3,1";"76,0";"5,9";"1654,20";""
"12/11/2025";"2000";"25,1";"27,5";"25,0";"50,0";"51,0";"41,0";"14,0";"14,1";"12,6";"875,6";"875,7";"875,6";"2,5";"77,0";"6,5";"936,30";""
"12/11/2025";"2100";"24,0";"25,1";"24,0";"55,0";"55,0";"50,0";"14,5";"14,7";"13,7";"875,5";"875,8";"875,5";"1,4";"107,0";"5,1";"214,80";""
"12/11/2025";"2200";"20,8";"24,0";"20,8";"71,0";"71,0";"55,0";"15,3";"15,5";"14,6";"875,5";"875,5";"875,4";"0,8";"33,0";"2,4";"6,00";""
"12/11/2025";"2300";"20,0";"21,0";"19,9";"74,0";"75,0";"69,0";"15,2";"15,4";"15,1";"875,9";"875,9";"875,4";"0,8";"10,0";"2,3";"";""
"13/11/2025";"0000";"18,5";"20,0";"18,5";"82,0";"82,0";"74,0";"15,4";"15,5";"15,2";"876,4";"876,4";"875,9";"0,3";"332,0";"1,5";"";""
"13/11/2025";"0100";"18,3";"19,0";"18,3";"82,0";"83,0";"80,0";"15,2";"15,6";"15,2";"876,6";"876,6";"876,4";"0,0";"332,0";"1,0";"";""
"13/11/2025";"0200";"19,5";"19,5";"17,8";"82,0";"86,0";"82,0";"16,3";"16,3";"15,2";"877,0";"877,0";"876,6";"0,0";"351,0";"1,5";"";""
"13/11/2025";"0300";"19,7";"20,0";"19,0";"78,0";"83,0";"77,0";"15,7";"16,6";"15,5";"876,8";"877,0";"876,8";"1,3";"91,0";"2,3";"";""
"13/11/2025";"0400";"20,2";"20,8";"19,4";"71,0";"79,0";"71,0";"14,7";"16,1";"14,7";"876,3";"876,8";"876,3";"2,4";"108,0";"4,2";"";""
"13/11/2025";"0500";"18,5";"20,2";"18,3";"75,0";"75,0";"70,0";"13,9";"14,7";"13,8";"875,9";"876,3";"875,8";"1,3";"37,0";"4,8";"";""
"13/11/2025";"0600";"19,0";"19,8";"18,4";"75,0";"76,0";"70,0";"14,4";"14,6";"13,9";"875,9";"875,9";"875,8";"2,2";"61,0";"4,2";"";""
"13/11/2025";"0700";"18,6";"19,3";"18,6";"75,0";"75,0";"72,0";"14,1";"14,4";"14,0";"876,1";"876,1";"875,9";"3,4";"65,0";"5,4";"";""
"13/11/2025";"0800";"17,2";"18,6";"17,1";"85,0";"85,0";"75,0";"14,6";"14,6";"14,1";"876,8";"876,8";"876,1";"2,5";"58,0";"6,3";"";""
"13/11/2025";"0900";"18,0";"18,0";"17,1";"82,0";"85,0";"82,0";"14,8";"14,9";"14,6";"877,4";"877,4";"876,8";"3,1";"60,0";"5,7";"26,10";""
"13/11/2025";"1000";"20,0";"20,0";"18,0";"74,0";"82,0";"74,0";"15,3";"15,6";"14,9";"878,1";"878,1";"877,4";"3,7";"56,0";"6,1";"573,80";""
"13/11/2025";"1100";"22,0";"22,2";"20,0";"66,0";"75,0";"64,0";"15,4";"15,7";"14,9";"878,7";"878,7";"878,1";"4,9";"65,0";"8,3";"1582,30";""
"13/11/2025";"1200";"23,8";"24,1";"22,0";"61,0";"67,0";"60,0";"15,8";"16,3";"15,0";"879,1";"879,1";"878,7";"4,5";"39,0";"9,2";"2387,10";""
"13/11/2025";"1300";"24,5";"25,1";"23,5";"60,0";"64,0";"58,0";"16,2";"17,2";"15,8";"879,0";"879,2";"878,9";"4,4";"55,0";"8,1";"3169,10";""
"13/11/2025";"1400";"26,4";"26,4";"24,5";"56,0";"61,0";"56,0";"17,0";"17,4";"15,9";"878,5";"879,0";"878,5";"4,0";"57,0";"8,2";"3633,80";""
"13/11/2025";"1500";"26,6";"26,7";"24,4";"54,0";"64,0";"52,0";"16,6";"17,6";"15,7";"878,0";"878,5";"878,0";"3,0";"71,0";"7,9";"3266,60";""
"13/11/2025";"1600";"26,4";"27,6";"25,6";"48,0";"57,0";"44,0";"14,5";"17,0";"13,4";"877,3";"878,0";"877,3";"3,8";"57,0";"8,2";"3893,10";""
"13/11/2025";"1700";"27,5";"28,2";"25,8";"38,0";"51,0";"37,0";"12,0";"15,2";"12,0";"876,5";"877,3";"876,5";"2,3";"125,0";"6,8";"2943,20";""
"13/11/2025";"1800";"28,3";"28,8";"26,2";"38,0";"43,0";"38,0";"12,8";"14,3";"11,6";"875,8";"876,5";"875,8";"3,2";"71,0";"7,2";"2899,30";"0,0"
"13/11/2025";"1900";"27,1";"28,3";"27,0";"34,0";"40,0";"32,0";"9,9";"13,0";"9,5";"875,7";"875,8";"875,6";"3,6";"127,0";"8,0";"2355,00";"0,0"
"13/11/2025";"2000";"27,0";"27,8";"26,9";"30,0";"36,0";"29,0";"7,9";"10,7";"7,6";"875,5";"875,7";"875,5";"2,1";"147,0";"7,5";"1425,30";"0,0"
"13/11/2025";"2100";"25,5";"27,0";"25,5";"34,0";"34,0";"29,0";"8,6";"8,6";"7,3";"875,8";"875,8";"875,5";"2,2";"122,0";"5,7";"450,30";"0,0"
"13/11/2025";"2200";"21,3";"25,5";"21,3";"54,0";"54,0";"34,0";"11,6";"11,6";"8,5";"876,5";"876,5";"875,8";"0,5";"62,0";"3,6";"1,30";"0,0"
"13/11/2025";"2300";"19,6";"21,3";"19,6";"65,0";"65,0";"54,0";"12,9";"12,9";"11,6";"877,1";"877,1";"876,5";"0,1";"54,0";"1,9";"";"0,0"
"14/11/2025";"0000";"19,3";"19,9";"19,1";"66,0";"68,0";"64,0";"12,8";"13,0";"12,5";"877,8";"877,8";"877,1";"0,1";"62,0";"1,3";"";"0,0"
"14/11/2025";"0100";"19,0";"19,6";"18,3";"65,0";"70,0";"63,0";"12,2";"13,0";"12,2";"878,1";"878,1";"877,7";"0,0";"36,0";"1,2";"";"0,0"
"14/11/2025";"0200";"21,8";"23,2";"19,0";"48,0";"65,0";"42,0";"10,2";"12,1";"9,7";"877,9";"878,2";"877,9";"2,0";"107,0";"6,5";"";"0,0"
"14/11/2025";"0300";"20,6";"21,9";"20,1";"55,0";"56,0";"48,0";"11,2";"11,3";"10,2";"877,5";"877,9";"877,5";"1,3";"46,0";"4,4";"";"0,0"
"14/11/2025";"0400";"19,7";"20,6";"19,1";"60,0";"63,0";"55,0";"11,8";"11,9";"11,1";"876,8";"877,5";"876,8";"0,3";"29,0";"3,0";"";"0,0"
"14/11/2025";"0500";"19,5";"19,8";"18,4";"62,0";"66,0";"60,0";"12,1";"12,3";"11,7";"876,6";"876,8";"876,6";"1,3";"37,0";"3,3";"";"0,0"
"14/11/2025";"0600";"18,8";"20,4";"18,7";"65,0";"65,0";"58,0";"12,0";"12,1";"11,8";"876,2";"876,6";"876,2";"1,5";"62,0";"4,2";"";"0,0"
"14/11/2025";"0700";"17,3";"19,3";"17,2";"72,0";"73,0";"64,0";"12,2";"12,4";"11,9";"876,2";"876,2";"876,2";"0,9";"58,0";"3,9";"";"0,0"
"14/11/2025";"0800";"18,0";"18,3";"16,9";"69,0";"75,0";"67,0";"12,3";"12,4";"12,2";"876,7";"876,7";"876,2";"1,8";"57,0";"3,1";"";"0,0"
"14/11/2025";"0900";"19,2";"19,2";"18,0";"66,0";"70,0";"66,0";"12,6";"12,6";"12,3";"877,0";"877,0";"876,7";"2,1";"51,0";"3,8";"21,80";"0,0"
"14/11/2025";"1000";"21,1";"21,2";"19,2";"60,0";"66,0";"60,0";"13,0";"13,9";"12,5";"877,7";"877,7";"877,0";"3,5";"63,0";"5,4";"550,70";"0,0"
"14/11/2025";"1100";"23,6";"23,8";"20,9";"53,0";"61,0";"52,0";"13,4";"13,8";"12,8";"878,2";"878,2";"877,7";"4,4";"63,0";"8,4";"1640,20";"0,0"
"14/11/2025";"1200";"24,9";"24,9";"22,3";"48,0";"55,0";"47,0";"13,0";"13,7";"12,5";"878,7";"878,7";"878,2";"4,6";"56,0";"8,9";"1983,70";"0,0"
"14/11/2025";"1300";"26,4";"26,4";"24,7";"44,0";"49,0";"43,0";"13,2";"13,9";"12,6";"878,9";"878,9";"878,6";"4,7";"67,0";"9,6";"3154,20";"0,0"
"14/11/2025";"1400";"26,3";"27,6";"26,0";"44,0";"47,0";"42,0";"13,0";"14,7";"12,7";"878,6";"878,9";"878,6";"4,3";"63,0";"8,3";"3594,40";"0,0"
"14/11/2025";"1500";"28,7";"28,8";"26,2";"41,0";"45,0";"41,0";"14,2";"14,9";"12,6";"878,0";"878,6";"878,0";"4,2";"49,0";"9,3";"3751,50";"0,0"
"14/11/2025";"1600";"26,9";"29,0";"26,9";"42,0";"44,0";"39,0";"12,7";"14,5";"12,7";"877,3";"878,0";"877,3";"4,6";"46,0";"9,4";"3703,80";"0,0"
"14/11/2025";"1700";"26,9";"29,2";"26,8";"42,0";"44,0";"38,0";"13,0";"14,5";"12,3";"876,7";"877,3";"876,7";"3,9";"65,0";"8,6";"3139,00";"0,0"
"14/11/2025";"1800";"29,0";"29,5";"26,9";"39,0";"44,0";"37,0";"13,5";"14,6";"12,7";"876,0";"876,7";"876,0";"3,2";"60,0";"7,5";"2832,20";"0,0"
"14/11/2025";"1900";"28,8";"29,5";"27,8";"37,0";"42,0";"36,0";"12,8";"14,0";"12,0";"875,8";"876,1";"875,7";"2,5";"56,0";"6,4";"2262,10";"0,0"
"14/11/2025";"2000";"27,9";"29,2";"27,6";"38,0";"40,0";"36,0";"12,4";"13,6";"11,8";"875,6";"875,8";"875,5";"1,7";"34,0";"5,3";"1338,90";"0,0"
"14/11/2025";"2100";"25,3";"28,1";"25,3";"47,0";"47,0";"38,0";"13,1";"13,5";"12,2";"875,8";"875,8";"875,6";"1,1";"50,0";"4,7";"292,10";"0,0"
"14/11/2025";"2200";"21,8";"25,2";"21,8";"62,0";"62,0";"47,0";"14,0";"14,2";"12,7";"876,1";"876,1";"875,8";"0,0";"60,0";"2,2";"8,80";"0,0"
"14/11/2025";"2300";"21,2";"21,7";"20,7";"62,0";"66,0";"61,0";"13,6";"14,2";"13,6";"876,7";"876,7";"876,1";"0,9";"35,0";"1,3";"";"0,0"
"15/11/2025";"0000";"20,8";"21,2";"20,3";"62,0";"66,0";"61,0";"13,1";"13,9";"13,1";"877,3";"877,3";"876,7";"0,6";"348,0";"1,2";"";"0,0"
"15/11/2025";"0100";"20,8";"21,1";"19,6";"64,0";"73,0";"61,0";"13,7";"14,6";"13,1";"877,6";"877,6";"877,3";"0,0";"308,0";"1,1";"";"0,0"
"15/11/2025";"0200";"20,8";"20,9";"19,4";"66,0";"71,0";"63,0";"14,3";"14,6";"13,4";"877,6";"877,7";"877,6";"0,0";"303,0";"0,9";"";"0,0"
"15/11/2025";"0300";"19,6";"21,3";"19,6";"73,0";"73,0";"65,0";"14,7";"15,0";"14,3";"877,2";"877,6";"877,2";"1,0";"259,0";"1,7";"";"0,0"
"15/11/2025";"0400";"19,4";"20,9";"19,1";"71,0";"73,0";"63,0";"14,1";"14,3";"13,5";"876,7";"877,2";"876,7";"0,0";"55,0";"1,8";"";"0,0"
"15/11/2025";"0500";"19,3";"19,7";"18,5";"68,0";"73,0";"68,0";"13,2";"14,0";"13,2";"875,9";"876,7";"875,9";"0,1";"26,0";"1,1";"";"0,0"
"15/11/2025";"0600";"18,4";"19,5";"17,8";"71,0";"74,0";"67,0";"13,0";"13,3";"12,9";"875,6";"875,9";"875,6";"1,0";"354,0";"2,0";"";"0,0"
"15/11/2025";"0700";"18,1";"18,8";"17,6";"72,0";"74,0";"69,0";"13,0";"13,1";"12,8";"875,7";"875,7";"875,5";"0,7";"9,0";"1,7";"";"0,0"
"15/11/2025";"0800";"19,3";"19,8";"18,0";"64,0";"72,0";"63,0";"12,3";"13,1";"12,3";"875,8";"875,9";"875,7";"0,8";"42,0";"2,4";"";"0,0"
"15/11/2025";"0900";"19,2";"19,4";"18,6";"68,0";"69,0";"64,0";"13,0";"13,0";"12,3";"876,1";"876,1";"875,8";"1,8";"8,0";"2,6";"17,00";"0,0"
"15/11/2025";"1000";"23,2";"23,2";"19,2";"57,0";"68,0";"57,0";"14,3";"15,0";"13,1";"876,7";"876,7";"876,1";"1,3";"65,0";"3,5";"555,30";"0,0"
"15/11/2025";"1100";"26,0";"26,0";"23,2";"44,0";"59,0";"43,0";"12,9";"14,7";"12,1";"877,2";"877,3";"876,7";"3,4";"60,0";"6,5";"1577,20";"0,0"
"15/11/2025";"1200";"26,4";"26,5";"25,3";"41,0";"46,0";"41,0";"12,0";"13,4";"12,0";"877,6";"877,6";"877,2";"4,1";"58,0";"8,1";"2447,30";"0,0"
"15/11/2025";"1300";"27,7";"27,9";"26,1";"39,0";"43,0";"38,0";"12,4";"13,1";"11,4";"877,7";"877,8";"877,6";"3,7";"63,0";"9,5";"3098,50";"0,0"
"15/11/2025";"1400";"28,6";"29,1";"26,9";"33,0";"41,0";"32,0";"11,0";"13,2";"10,1";"877,1";"877,7";"877,1";"3,9";"56,0";"9,5";"3639,30";"0,0"
"15/11/2025";"1500";"29,6";"30,2";"28,2";"30,0";"34,0";"30,0";"10,4";"11,7";"10,2";"876,5";"877,1";"876,5";"4,5";"59,0";"9,6";"3891,20";"0,0"
"15/11/2025";"1600";"30,5";"30,5";"28,8";"31,0";"33,0";"30,0";"11,3";"12,0";"9,8";"875,4";"876,5";"875,4";"1,6";"61,0";"8,8";"4050,80";"0,0"
"15/11/2025";"1700";"29,3";"30,5";"27,9";"33,0";"36,0";"30,0";"11,3";"12,1";"9,6";"874,7";"875,4";"874,7";"2,4";"71,0";"8,9";"2735,50";"0,0"
"15/11/2025";"1800";"30,0";"30,8";"28,8";"32,0";"34,0";"28,0";"11,3";"12,4";"9,6";"874,2";"874,7";"874,2";"3,0";"66,0";"8,1";"3246,40";"0,0"
"15/11/2025";"1900";"29,7";"30,4";"29,1";"28,0";"33,0";"28,0";"9,2";"11,4";"9,2";"873,9";"874,2";"873,9";"2,5";"63,0";"6,8";"2260,30";"0,0"
"15/11/2025";"2000";"28,3";"30,0";"28,3";"30,0";"32,0";"28,0";"9,1";"10,8";"8,9";"873,9";"873,9";"873,8";"2,1";"99,0";"4,8";"1221,80";"0,0"
"15/11/2025";"2100";"25,4";"28,3";"25,4";"44,0";"46,0";"30,0";"12,1";"12,8";"9,1";"874,1";"874,1";"873,9";"0,1";"44,0";"3,8";"168,30";"0,0"
"15/11/2025";"2200";"22,2";"25,4";"22,2";"54,0";"54,0";"43,0";"12,3";"13,5";"11,7";"874,3";"874,3";"874,1";"0,4";"12,0";"1,4";"2,90";"0,0"
"15/11/2025";"2300";"21,6";"22,4";"21,0";"54,0";"60,0";"51,0";"12,0";"13,0";"11,8";"874,8";"874,8";"874,3";"2,3";"309,0";"3,2";"";"0,0"
"16/11/2025";"0000";"20,6";"22,0";"20,2";"58,0";"61,0";"53,0";"12,1";"12,9";"11,8";"875,3";"875,3";"874,8";"0,0";"29,0";"3,2";"";"0,0"
"16/11/2025";"0100";"19,9";"20,6";"18,7";"61,0";"69,0";"58,0";"12,3";"13,0";"12,1";"875,5";"875,6";"875,3";"0,0";"300,0";"0,0";"";"0,0"
"16/11/2025";"0200";"19,7";"20,2";"18,0";"63,0";"72,0";"60,0";"12,4";"13,2";"12,2";"875,6";"875,7";"875,5";"1,5";"285,0";"2,7";"";"0,0"
"16/11/2025";"0300";"20,1";"20,3";"18,5";"65,0";"73,0";"59,0";"13,3";"13,6";"12,0";"875,3";"875,6";"875,3";"2,1";"308,0";"3,0";"";"0,0"
"16/11/2025";"0400";"19,0";"20,1";"18,9";"67,0";"70,0";"65,0";"12,9";"13,4";"12,7";"874,9";"875,3";"874,9";"0,7";"44,0";"3,0";"";"0,0"
"16/11/2025";"0500";"19,1";"20,1";"18,7";"68,0";"70,0";"63,0";"13,1";"13,5";"12,4";"874,6";"874,9";"874,5";"0,3";"357,0";"1,9";"";"0,0"
"16/11/2025";"0600";"18,8";"20,5";"18,4";"67,0";"70,0";"61,0";"12,6";"13,2";"12,6";"874,5";"874,6";"874,4";"0,0";"189,0";"2,1";"";"0,0"
"16/11/2025";"0700";"17,9";"19,3";"17,4";"71,0";"73,0";"64,0";"12,7";"12,8";"12,1";"874,7";"874,7";"874,4";"0,1";"166,0";"0,7";"";"0,0"
"16/11/2025";"0800";"19,0";"19,8";"17,8";"60,0";"74,0";"56,0";"11,1";"13,1";"10,8";"874,9";"874,9";"874,6";"0,9";"54,0";"2,7";"";"0,0"
"16/11/2025";"0900";"19,7";"19,7";"18,1";"61,0";"65,0";"60,0";"11,8";"11,8";"11,0";"875,2";"875,2";"874,8";"1,3";"42,0";"2,7";"26,70";"0,0"
"16/11/2025";"1000";"23,6";"23,6";"19,7";"48,0";"61,0";"48,0";"11,9";"12,4";"11,4";"875,8";"875,8";"875,2";"3,0";"53,0";"5,0";"542,00";"0,0"
"16/11/2025";"1100";"25,6";"25,6";"23,6";"43,0";"49,0";"41,0";"12,1";"12,9";"11,0";"876,2";"876,2";"875,8";"4,3";"59,0";"8,3";"1584,00";"0,0"
"16/11/2025";"1200";"26,7";"27,0";"25,4";"37,0";"43,0";"36,0";"10,7";"12,5";"10,5";"876,7";"876,7";"876,2";"4,9";"47,0";"9,3";"2445,90";"0,0"
"16/11/2025";"1300";"28,3";"28,5";"26,5";"32,0";"39,0";"31,0";"10,2";"11,4";"9,2";"876,8";"876,9";"876,7";"4,1";"39,0";"10,5";"3092,00";"0,0"
"16/11/2025";"1400";"30,1";"30,1";"27,8";"31,0";"35,0";"30,0";"10,9";"12,0";"9,6";"876,3";"876,8";"876,3";"3,5";"17,0";"8,8";"3595,40";"0,0"
"16/11/2025";"1500";"29,9";"30,3";"29,2";"30,0";"33,0";"29,0";"10,4";"11,8";"9,8";"875,6";"876,4";"875,6";"3,4";"348,0";"8,6";"3854,50";"0,0"
"16/11/2025";"1600";"30,1";"31,2";"28,6";"28,0";"33,0";"27,0";"9,5";"12,1";"9,3";"874,6";"875,6";"874,6";"4,0";"331,0";"7,9";"3569,60";"0,0"
"16/11/2025";"1700";"29,4";"31,3";"28,6";"30,0";"32,0";"27,0";"10,1";"11,0";"8,5";"874,1";"874,6";"874,1";"2,5";"358,0";"7,8";"2468,00";"0,0"
"16/11/2025";"1800";"29,0";"30,3";"28,9";"30,0";"32,0";"28,0";"9,8";"10,9";"9,1";"873,7";"874,1";"873,7";"1,8";"279,0";"6,4";"1290,40";"0,0"
"16/11/2025";"1900";"28,4";"31,3";"28,4";"32,0";"33,0";"27,0";"10,2";"11,8";"9,2";"873,6";"873,7";"873,5";"0,0";"302,0";"5,2";"1485,20";"0,0"
"16/11/2025";"2000";"29,3";"30,2";"28,4";"32,0";"35,0";"31,0";"10,8";"12,1";"10,4";"873,7";"873,7";"873,6";"0,0";"260,0";"0,0";"1028,50";"0,0"
"16/11/2025";"2100";"24,8";"29,3";"24,8";"47,0";"48,0";"32,0";"12,9";"13,2";"10,2";"874,1";"874,2";"873,7";"0,0";"303,0";"0,0";"210,70";"0,0"
"16/11/2025";"2200";"22,6";"24,8";"22,5";"54,0";"55,0";"47,0";"12,9";"13,6";"12,9";"874,3";"874,3";"874,1";"0,0";"326,0";"0,0";"4,20";"0,0"
"16/11/2025";"2300";"22,2";"22,7";"21,1";"55,0";"60,0";"54,0";"12,7";"13,5";"12,5";"875,0";"875,0";"874,3";"0,0";"330,0";"0,0";"";"0,0"
"17/11/2025";"0000";"19,6";"22,2";"19,4";"66,0";"68,0";"55,0";"13,1";"13,3";"12,5";"875,7";"875,7";"875,0";"0,0";"290,0";"0,0";"";"0,0"
"17/11/2025";"0100";"20,2";"21,3";"19,6";"63,0";"66,0";"58,0";"13,0";"13,2";"12,6";"876,0";"876,0";"875,7";"0,0";"250,0";"0,0";"";"0,0"
"17/11/2025";"0200";"20,7";"21,0";"18,9";"60,0";"70,0";"59,0";"12,7";"13,5";"12,5";"876,1";"876,2";"876,0";"0,0";"281,0";"0,0";"";"0,0"
"17/11/2025";"0300";"20,7";"21,3";"20,5";"64,0";"64,0";"57,0";"13,6";"13,6";"12,3";"875,5";"876,1";"875,5";"0,0";"283,0";"0,0";"";"0,0"
"17/11/2025";"0400";"19,2";"21,1";"19,2";"71,0";"71,0";"63,0";"13,8";"14,0";"13,5";"875,2";"875,5";"875,2";"0,0";"280,0";"0,0";"";"0,0"
"17/11/2025";"0500";"18,5";"19,2";"17,5";"76,0";"79,0";"71,0";"14,1";"14,5";"13,8";"874,9";"875,2";"874,9";"0,0";"283,0";"0,0";"";"0,0"
"17/11/2025";"0600";"16,4";"18,5";"16,4";"89,0";"89,0";"76,0";"14,6";"14,6";"13,9";"874,5";"874,9";"874,5";"0,0";"268,0";"0,0";"";"0,0"
"17/11/2025";"0700";"18,6";"18,6";"16,4";"83,0";"90,0";"83,0";"15,7";"15,7";"14,7";"874,6";"874,6";"874,4";"0,0";"284,0";"0,0";"";"0,0"
"17/11/2025";"0800";"17,3";"18,9";"17,3";"89,0";"89,0";"82,0";"15,5";"15,8";"15,3";"875,1";"875,1";"874,6";"0,0";"266,0";"0,0";"";"0,0"
"17/11/2025";"0900";"19,4";"19,4";"17,3";"81,0";"90,0";"81,0";"16,1";"16,1";"15,4";"875,8";"875,9";"875,1";"0,0";"267,0";"0,0";"33,00";"0,0"
"17/11/2025";"1000";"23,3";"23,3";"19,4";"67,0";"81,0";"67,0";"16,9";"17,7";"16,1";"876,2";"876,2";"875,8";"0,0";"213,0";"1,9";"468,10";"0,0"
"17/11/2025";"1100";"26,2";"26,2";"23,1";"59,0";"68,0";"57,0";"17,5";"18,2";"16,5";"876,5";"876,5";"876,2";"0,0";"101,0";"0,0";"1245,60";"0,0"
"17/11/2025";"1200";"27,2";"27,4";"25,7";"54,0";"59,0";"52,0";"16,9";"17,7";"15,7";"876,6";"876,7";"876,5";"1,9";"127,0";"4,3";"2283,50";"0,0"
"17/11/2025";"1300";"27,4";"27,8";"26,6";"48,0";"54,0";"48,0";"15,4";"17,2";"15,1";"876,4";"876,7";"876,4";"1,3";"96,0";"3,8";"2090,50";"0,0"
"17/11/2025";"1400";"26,1";"28,2";"26,1";"58,0";"59,0";"46,0";"17,2";"17,4";"14,4";"876,1";"876,4";"876,0";"0,0";"53,0";"3,6";"1270,60";"0,0"
"17/11/2025";"1500";"21,3";"26,1";"21,3";"78,0";"78,0";"58,0";"17,3";"17,9";"16,9";"876,3";"876,3";"875,8";"4,6";"62,0";"10,2";"484,60";"0,0"
"17/11/2025";"1600";"20,0";"21,3";"17,7";"94,0";"95,0";"78,0";"19,0";"19,0";"15,6";"875,6";"876,6";"875,6";"2,9";"46,0";"12,3";"418,00";"21,6"
"17/11/2025";"1700";"23,1";"24,1";"20,0";"77,0";"94,0";"72,0";"18,9";"20,9";"18,1";"874,6";"875,6";"874,6";"1,6";"87,0";"6,1";"2261,30";"0,0"
"17/11/2025";"1800";"19,3";"23,2";"19,3";"87,0";"87,0";"71,0";"17,1";"18,8";"16,4";"874,7";"874,9";"874,3";"3,5";"259,0";"9,1";"349,80";"0,4"
"17/11/2025";"1900";"22,0";"22,0";"19,3";"85,0";"90,0";"84,0";"19,3";"19,3";"17,1";"874,3";"874,8";"874,3";"0,0";"282,0";"5,5";"333,30";"0,0"
"17/11/2025";"2000";"22,6";"22,6";"21,9";"83,0";"84,0";"76,0";"19,5";"19,7";"17,9";"874,6";"874,6";"874,1";"0,0";"242,0";"3,1";"641,50";"0,0"
"17/11/2025";"2100";"21,8";"22,7";"21,8";"95,0";"96,0";"79,0";"20,9";"21,1";"18,9";"875,1";"875,1";"874,6";"0,3";"248,0";"6,9";"213,70";"0,0"
"17/11/2025";"2200";"21,0";"21,8";"21,0";"95,0";"95,0";"95,0";"20,2";"20,9";"20,2";"875,5";"875,6";"875,1";"1,5";"254,0";"2,7";"3,40";"0,0"
"17/11/2025";"2300";"20,7";"21,1";"20,7";"95,0";"96,0";"95,0";"20,0";"20,3";"19,9";"876,0";"876,1";"875,5";"1,4";"211,0";"4,3";"";"0,0"
"18/11/2025";"0000";"19,3";"20,7";"19,3";"96,0";"96,0";"95,0";"18,7";"20,0";"18,7";"876,3";"876,3";"876,0";"0,0";"277,0";"4,3";"";"0,0"
"18/11/2025";"0100";"19,2";"19,4";"18,9";"96,0";"96,0";"96,0";"18,5";"18,8";"18,3";"876,9";"876,9";"876,3";"0,4";"258,0";"2,3";"";"0,0"
"18/11/2025";"0200";"19,3";"19,6";"19,2";"92,0";"96,0";"92,0";"18,1";"18,8";"18,1";"877,2";"877,2";"876,9";"1,6";"283,0";"2,8";"";"0,0"
"18/11/2025";"0300";"18,5";"19,3";"18,5";"93,0";"94,0";"92,0";"17,4";"18,1";"17,4";"876,7";"877,2";"876,7";"1,1";"257,0";"2,5";"";"0,0"
"18/11/2025";"0400";"18,2";"19,3";"17,7";"89,0";"93,0";"87,0";"16,3";"17,4";"16,1";"876,1";"876,7";"875,9";"2,1";"258,0";"2,9";"";"0,0"
"18/11/2025";"0500";"17,9";"18,3";"17,7";"86,0";"90,0";"85,0";"15,5";"16,3";"15,5";"875,5";"876,1";"875,5";"1,2";"294,0";"2,9";"";"0,0"
"18/11/2025";"0600";"17,9";"18,5";"17,5";"82,0";"87,0";"81,0";"14,9";"15,5";"14,8";"875,4";"875,5";"875,3";"0,2";"276,0";"2,2";"";"0,0"
"18/11/2025";"0700";"18,2";"18,7";"17,9";"91,0";"91,0";"74,0";"16,6";"16,7";"14,0";"875,6";"875,7";"875,3";"2,7";"32,0";"6,0";"";"0,0"
"18/11/2025";"0800";"17,6";"18,2";"16,9";"94,0";"95,0";"91,0";"16,7";"16,7";"15,9";"875,8";"876,0";"875,6";"1,9";"35,0";"5,2";"";"0,0"
"18/11/2025";"0900";"17,4";"17,6";"16,8";"94,0";"95,0";"92,0";"16,4";"16,6";"15,7";"876,4";"876,4";"875,8";"1,5";"61,0";"3,2";"33,90";"0,0"
"18/11/2025";"1000";"20,4";"20,4";"17,4";"79,0";"94,0";"79,0";"16,6";"17,6";"16,4";"877,2";"877,3";"876,4";"1,4";"78,0";"2,8";"650,50";"0,0"
"18/11/2025";"1100";"22,4";"22,4";"20,4";"67,0";"80,0";"67,0";"15,9";"17,1";"15,9";"877,6";"877,6";"877,2";"0,4";"78,0";"3,1";"1429,40";"0,0"
"18/11/2025";"1200";"24,3";"24,6";"21,8";"64,0";"73,0";"62,0";"17,1";"17,5";"16,0";"877,6";"877,7";"877,6";"0,9";"135,0";"3,1";"1845,20";"0,0"
"18/11/2025";"1300";"25,3";"25,5";"23,9";"57,0";"66,0";"56,0";"16,3";"17,4";"15,5";"877,4";"877,6";"877,4";"0,6";"170,0";"3,4";"2609,40";"0,0"
"18/11/2025";"1400";"27,8";"28,0";"25,4";"48,0";"60,0";"46,0";"15,7";"17,2";"14,4";"876,8";"877,4";"876,7";"2,9";"251,0";"6,5";"3520,10";"0,0"
"18/11/2025";"1500";"28,4";"29,1";"27,6";"43,0";"49,0";"41,0";"14,5";"16,5";"14,3";"876,1";"876,8";"876,1";"3,3";"280,0";"7,5";"3356,50";"0,0"
"18/11/2025";"1600";"28,4";"28,6";"27,4";"47,0";"50,0";"42,0";"16,1";"16,4";"14,3";"875,4";"876,1";"875,4";"4,0";"268,0";"9,4";"2215,00";"0,0"
"18/11/2025";"1700";"28,5";"28,9";"27,2";"47,0";"52,0";"46,0";"16,0";"17,5";"15,1";"874,5";"875,4";"874,5";"5,3";"286,0";"10,0";"2988,70";"0,0"
"18/11/2025";"1800";"25,9";"28,8";"25,9";"55,0";"56,0";"45,0";"16,2";"16,5";"14,8";"874,2";"874,6";"874,2";"3,3";"278,0";"10,0";"1137,10";"0,0"
"18/11/2025";"1900";"27,5";"28,0";"25,7";"50,0";"57,0";"49,0";"16,1";"17,6";"16,1";"873,6";"874,2";"873,6";"4,6";"278,0";"9,2";"1657,60";"0,0"
"18/11/2025";"2000";"25,3";"27,5";"25,2";"60,0";"60,0";"50,0";"16,9";"17,1";"15,8";"874,0";"874,0";"873,6";"3,4";"291,0";"8,6";"1043,60";"0,0"
"18/11/2025";"2100";"24,0";"25,3";"24,0";"65,0";"65,0";"59,0";"17,1";"17,4";"16,7";"874,1";"874,1";"873,8";"3,0";"279,0";"6,9";"252,90";"0,0"
"18/11/2025";"2200";"22,8";"24,0";"22,8";"69,0";"69,0";"65,0";"16,8";"17,1";"16,8";"874,2";"874,2";"874,0";"3,3";"256,0";"7,1";"8,00";"0,0"
"18/11/2025";"2300";"21,8";"22,8";"21,8";"72,0";"72,0";"69,0";"16,6";"16,9";"16,6";"874,9";"874,9";"874,2";"2,7";"255,0";"6,1";"";"0,0"
"19/11/2025";"0000";"20,8";"21,8";"20,8";"78,0";"78,0";"72,0";"16,7";"16,8";"16,5";"875,1";"875,2";"874,9";"1,6";"252,0";"5,9";"";"0,0"
"19/11/2025";"0100";"20,6";"20,8";"20,3";"81,0";"82,0";"78,0";"17,2";"17,2";"16,7";"875,7";"875,7";"875,1";"2,2";"247,0";"3,6";"";"0,0"
"19/11/2025";"0200";"21,3";"21,4";"20,6";"78,0";"81,0";"78,0";"17,3";"17,4";"17,2";"875,5";"875,8";"875,5";"4,1";"270,0";"7,6";"";"0,0"
"19/11/2025";"0300";"20,8";"21,4";"20,8";"79,0";"79,0";"78,0";"16,9";"17,3";"16,9";"874,7";"875,5";"874,7";"2,4";"274,0";"8,0";"";"0,0"
"19/11/2025";"0400";"21,0";"21,0";"20,8";"76,0";"79,0";"75,0";"16,6";"17,0";"16,4";"874,0";"874,7";"874,0";"3,5";"267,0";"5,8";"";"0,0"
"19/11/2025";"0500";"20,4";"21,0";"20,4";"79,0";"79,0";"76,0";"16,6";"17,0";"16,6";"873,4";"874,0";"873,3";"3,2";"253,0";"8,1";"";"0,0"
"19/11/2025";"0600";"20,0";"20,4";"19,8";"83,0";"83,0";"79,0";"17,1";"17,1";"16,3";"873,0";"873,4";"873,0";"3,2";"264,0";"6,5";"";"0,0"
"19/11/2025";"0700";"20,2";"20,2";"20,0";"83,0";"83,0";"82,0";"17,2";"17,2";"17,0";"873,2";"873,2";"873,0";"3,5";"272,0";"7,0";"";"0,0"
"19/11/2025";"0800";"19,9";"20,2";"19,9";"86,0";"86,0";"83,0";"17,5";"17,5";"17,2";"873,6";"873,6";"873,2";"3,6";"271,0";"6,4";"";"0,0"
"19/11/2025";"0900";"20,0";"20,0";"19,7";"86,0";"88,0";"86,0";"17,6";"17,7";"17,5";"874,1";"874,1";"873,5";"3,1";"271,0";"6,3";"31,10";"0,0"
"19/11/2025";"1000";"22,1";"22,1";"19,9";"79,0";"86,0";"78,0";"18,2";"18,2";"17,6";"874,6";"874,7";"874,1";"3,6";"261,0";"7,1";"535,80";"0,0"
"19/11/2025";"1100";"23,0";"23,0";"21,8";"75,0";"79,0";"75,0";"18,4";"18,4";"17,7";"874,9";"874,9";"874,6";"5,0";"266,0";"9,4";"1074,30";"0,0"
"19/11/2025";"1200";"23,9";"24,2";"22,4";"69,0";"75,0";"68,0";"18,0";"18,4";"17,3";"875,4";"875,4";"874,9";"5,4";"249,0";"12,0";"1750,80";"0,0"
"19/11/2025";"1300";"25,2";"25,5";"23,9";"64,0";"70,0";"61,0";"17,8";"18,4";"17,0";"875,3";"875,5";"875,3";"4,8";"256,0";"12,0";"2648,20";"0,0"
"19/11/2025";"1400";"25,5";"25,9";"24,5";"61,0";"65,0";"59,0";"17,3";"17,8";"16,5";"875,1";"875,3";"875,1";"4,6";"232,0";"10,3";"2232,70";"0,0"
"19/11/2025";"1500";"27,4";"27,5";"24,7";"57,0";"64,0";"56,0";"18,1";"18,3";"17,0";"874,8";"875,2";"874,8";"5,0";"260,0";"10,6";"2518,20";"0,0"
"19/11/2025";"1600";"25,9";"27,8";"25,7";"56,0";"60,0";"55,0";"16,5";"18,8";"16,5";"873,9";"874,8";"873,9";"4,3";"260,0";"11,1";"2965,10";"0,0"
"19/11/2025";"1700";"26,4";"28,5";"25,9";"56,0";"58,0";"50,0";"16,9";"17,8";"16,4";"873,1";"873,9";"873,1";"4,3";"262,0";"9,6";"2725,50";"0,0"
"19/11/2025";"1800";"27,8";"28,5";"25,8";"45,0";"58,0";"43,0";"14,7";"17,4";"14,5";"872,3";"873,1";"872,3";"5,9";"257,0";"11,2";"2371,80";"0,0"
"19/11/2025";"1900";"28,1";"28,8";"26,9";"46,0";"49,0";"42,0";"15,3";"16,2";"14,6";"872,0";"872,3";"872,0";"4,1";"255,0";"11,2";"2121,00";"0,0"
"19/11/2025";"2000";"25,7";"28,1";"25,2";"57,0";"57,0";"46,0";"16,4";"16,4";"15,1";"871,8";"872,1";"871,8";"3,9";"266,0";"10,1";"712,70";"0,0"
"19/11/2025";"2100";"24,7";"26,5";"24,7";"62,0";"62,0";"54,0";"16,9";"17,0";"16,4";"872,0";"872,0";"871,7";"2,4";"247,0";"7,7";"419,50";"0,0"
"19/11/2025";"2200";"22,4";"24,7";"22,3";"71,0";"71,0";"62,0";"16,8";"17,1";"16,7";"872,5";"872,5";"872,0";"1,8";"277,0";"4,8";"7,10";"0,0"
"19/11/2025";"2300";"22,5";"22,8";"22,4";"64,0";"71,0";"63,0";"15,4";"16,7";"15,3";"873,5";"873,5";"872,5";"2,0";"277,0";"4,4";"";"0,0"
"20/11/2025";"0000";"20,9";"22,5";"20,9";"74,0";"74,0";"64,0";"16,0";"16,0";"15,3";"874,3";"874,3";"873,5";"2,0";"272,0";"4,3";"";"0,0"
"20/11/2025";"0100";"20,4";"21,1";"20,4";"77,0";"77,0";"74,0";"16,2";"16,3";"16,0";"874,6";"874,6";"874,3";"1,6";"281,0";"3,6";"";"0,0"
"20/11/2025";"0200";"19,0";"20,4";"19,0";"83,0";"83,0";"77,0";"16,1";"16,3";"15,9";"874,6";"874,8";"874,6";"0,4";"232,0";"2,8";"";"0,0"
"20/11/2025";"0300";"18,0";"19,5";"17,9";"86,0";"86,0";"80,0";"15,7";"16,4";"15,5";"874,0";"874,6";"874,0";"0,4";"270,0";"2,3";"";"0,0"
"20/11/2025";"0400";"18,7";"19,1";"18,0";"80,0";"86,0";"80,0";"15,3";"15,9";"15,2";"873,6";"874,0";"873,6";"1,5";"285,0";"3,1";"";"0,0"
"20/11/2025";"0500";"17,9";"19,2";"17,5";"85,0";"86,0";"79,0";"15,3";"15,6";"15,0";"872,9";"873,6";"872,9";"0,2";"175,0";"2,5";"";"0,0"
"20/11/2025";"0600";"16,5";"17,9";"16,2";"91,0";"91,0";"85,0";"15,0";"15,2";"14,5";"872,5";"872,9";"872,5";"0,2";"221,0";"1,3";"";"0,0"
"20/11/2025";"0700";"17,3";"17,3";"16,1";"86,0";"92,0";"86,0";"14,9";"14,9";"14,3";"872,8";"872,8";"872,5";"0,7";"131,0";"2,2";"";"0,0"
"20/11/2025";"0800";"18,5";"19,4";"17,3";"61,0";"86,0";"61,0";"10,8";"14,7";"10,7";"873,3";"873,3";"872,8";"0,6";"75,0";"4,8";"";"0,0"
"20/11/2025";"0900";"19,0";"19,3";"17,5";"59,0";"63,0";"56,0";"10,7";"10,9";"10,0";"873,9";"873,9";"873,3";"0,5";"222,0";"2,9";"26,10";"0,0"
"20/11/2025";"1000";"20,9";"20,9";"18,8";"49,0";"59,0";"48,0";"9,8";"10,9";"9,3";"874,6";"874,7";"873,9";"2,1";"109,0";"4,7";"462,20";"0,0"
"20/11/2025";"1100";"23,5";"23,5";"20,9";"45,0";"52,0";"45,0";"11,0";"11,9";"9,8";"874,8";"874,8";"874,5";"2,7";"76,0";"5,9";"1552,80";"0,0"
"20/11/2025";"1200";"24,2";"24,9";"23,1";"40,0";"49,0";"39,0";"9,9";"12,5";"9,7";"875,0";"875,1";"874,8";"3,4";"89,0";"6,8";"2318,90";"0,0"
"20/11/2025";"1300";"26,1";"26,3";"24,2";"38,0";"43,0";"37,0";"10,8";"12,0";"9,7";"874,9";"875,1";"874,9";"3,6";"93,0";"6,4";"3036,30";"0,0"
"20/11/2025";"1400";"26,7";"27,4";"25,5";"41,0";"43,0";"37,0";"12,4";"13,1";"10,2";"874,7";"875,0";"874,7";"2,7";"72,0";"6,9";"3572,10";"0,0"
"20/11/2025";"1500";"27,0";"28,0";"26,2";"39,0";"42,0";"36,0";"11,8";"13,1";"10,7";"873,9";"874,7";"873,9";"3,3";"63,0";"7,9";"3858,20";"0,0"
"20/11/2025";"1600";"28,1";"28,6";"26,9";"36,0";"40,0";"35,0";"11,7";"13,6";"11,0";"873,1";"874,0";"873,1";"1,8";"46,0";"7,2";"3848,10";"0,0"
"20/11/2025";"1700";"29,2";"29,7";"28,0";"38,0";"39,0";"33,0";"13,2";"13,4";"10,9";"872,3";"873,1";"872,3";"2,7";"77,0";"5,7";"3585,30";"0,0"
"20/11/2025";"1800";"28,1";"29,9";"27,5";"40,0";"42,0";"33,0";"13,4";"13,4";"11,4";"871,7";"872,3";"871,7";"0,9";"46,0";"5,4";"2099,20";"0,0"
"20/11/2025";"1900";"27,2";"29,2";"27,2";"42,0";"42,0";"35,0";"13,1";"13,9";"11,6";"871,2";"871,7";"871,2";"1,8";"73,0";"5,1";"1621,40";"0,0"
"20/11/2025";"2000";"25,8";"27,2";"25,8";"50,0";"51,0";"41,0";"14,5";"14,7";"12,6";"871,0";"871,2";"871,0";"0,3";"28,0";"3,5";"337,50";"0,0"
"20/11/2025";"2100";"23,8";"26,3";"23,8";"62,0";"65,0";"47,0";"16,2";"17,6";"13,6";"871,2";"871,2";"870,9";"0,0";"6,0";"1,3";"195,90";"0,0"
"20/11/2025";"2200";"21,5";"23,8";"21,1";"64,0";"67,0";"60,0";"14,5";"16,2";"14,1";"871,8";"871,8";"871,2";"0,6";"350,0";"1,3";"7,40";"0,0"
"20/11/2025";"2300";"21,1";"22,4";"20,8";"66,0";"70,0";"59,0";"14,5";"15,2";"13,9";"872,6";"872,6";"871,8";"1,7";"297,0";"2,4";"";"0,0"
"21/11/2025";"0000";"21,8";"21,9";"20,0";"58,0";"75,0";"58,0";"13,2";"15,4";"13,2";"873,4";"873,4";"872,6";"1,9";"304,0";"3,8";"";"0,0"
"21/11/2025";"0100";"22,0";"22,4";"21,4";"58,0";"61,0";"55,0";"13,4";"13,7";"13,0";"873,7";"873,8";"873,4";"1,6";"302,0";"3,2";"";"0,0"
"21/11/2025";"0200";"21,1";"22,3";"21,1";"66,0";"67,0";"56,0";"14,5";"14,7";"13,0";"873,9";"873,9";"873,7";"0,0";"152,0";"2,6";"";"0,0"
"21/11/2025";"0300";"21,5";"21,7";"20,7";"63,0";"71,0";"62,0";"14,2";"15,2";"13,9";"873,5";"873,9";"873,5";"0,6";"347,0";"2,0";"";"0,0"
"21/11/2025";"0400";"21,9";"22,5";"21,4";"66,0";"66,0";"61,0";"15,2";"15,2";"14,0";"873,1";"873,5";"873,1";"0,8";"32,0";"3,3";"";"0,0"
"21/11/2025";"0500";"21,3";"22,1";"21,2";"65,0";"69,0";"65,0";"14,5";"15,4";"14,4";"872,7";"873,1";"872,7";"1,0";"342,0";"3,3";"";"0,0"
"21/11/2025";"0600";"21,5";"21,5";"21,2";"70,0";"70,0";"63,0";"15,7";"15,7";"14,1";"872,9";"872,9";"872,6";"2,2";"310,0";"5,3";"";"0,0"
"21/11/2025";"0700";"21,0";"21,5";"21,0";"77,0";"77,0";"70,0";"16,9";"16,9";"15,7";"873,4";"873,5";"872,9";"1,7";"291,0";"5,3";"";"0,0"
"21/11/2025";"0800";"20,4";"21,1";"20,4";"81,0";"81,0";"77,0";"17,1";"17,1";"16,9";"874,3";"874,3";"873,4";"0,3";"272,0";"3,7";"";"0,0"
"21/11/2025";"0900";"19,6";"20,4";"19,5";"89,0";"89,0";"81,0";"17,7";"17,7";"17,1";"875,0";"875,0";"874,3";"0,0";"47,0";"2,1";"6,60";"0,0"
"21/11/2025";"1000";"19,2";"20,2";"19,2";"83,0";"89,0";"83,0";"16,3";"18,3";"16,3";"875,9";"875,9";"875,0";"2,2";"279,0";"5,7";"81,40";"0,0"
"21/11/2025";"1100";"18,1";"19,2";"17,3";"92,0";"94,0";"83,0";"16,8";"16,9";"16,0";"876,4";"876,4";"875,9";"1,1";"308,0";"6,7";"107,20";"8,0"
"21/11/2025";"1200";"18,9";"18,9";"18,1";"90,0";"94,0";"89,0";"17,3";"17,6";"16,7";"876,9";"876,9";"876,3";"0,4";"123,0";"2,7";"364,40";"0,0"
"21/11/2025";"1300";"19,7";"20,0";"18,8";"88,0";"91,0";"86,0";"17,6";"17,9";"16,8";"877,7";"877,7";"876,9";"2,0";"129,0";"3,8";"887,00";"0,0"
"21/11/2025";"1400";"19,9";"20,2";"19,6";"86,0";"88,0";"83,0";"17,4";"18,0";"17,0";"877,6";"877,7";"877,6";"2,1";"130,0";"4,7";"894,40";"0,0"
"21/11/2025";"1500";"21,0";"21,1";"19,9";"78,0";"86,0";"77,0";"17,1";"18,3";"16,7";"877,3";"877,6";"877,2";"1,5";"116,0";"4,4";"1423,60";"0,0"
"21/11/2025";"1600";"19,8";"21,1";"19,8";"88,0";"89,0";"78,0";"17,8";"18,4";"16,9";"876,9";"877,3";"876,9";"2,6";"59,0";"5,7";"982,30";"0,0"
"21/11/2025";"1700";"20,1";"20,9";"19,5";"86,0";"89,0";"82,0";"17,8";"18,7";"17,4";"876,4";"876,9";"876,4";"2,3";"74,0";"5,0";"1244,30";"0,0"
"21/11/2025";"1800";"20,5";"21,4";"20,1";"84,0";"87,0";"80,0";"17,8";"18,2";"17,0";"875,8";"876,4";"875,6";"3,0";"58,0";"5,7";"1443,40";"0,0"
"21/11/2025";"1900";"19,7";"21,2";"19,7";"87,0";"87,0";"81,0";"17,5";"18,1";"17,3";"875,3";"875,9";"875,3";"3,0";"67,0";"5,8";"812,50";"0,0"
"21/11/2025";"2000";"19,4";"20,1";"19,4";"88,0";"89,0";"82,0";"17,4";"17,7";"16,7";"875,3";"875,4";"875,2";"3,3";"66,0";"5,9";"622,90";"0,0"
"21/11/2025";"2100";"18,7";"19,5";"18,7";"92,0";"92,0";"87,0";"17,4";"17,6";"17,1";"875,7";"875,7";"875,3";"3,5";"57,0";"6,7";"302,50";"0,0"
"21/11/2025";"2200";"18,2";"18,7";"18,1";"95,0";"95,0";"92,0";"17,3";"17,4";"17,3";"876,0";"876,0";"875,6";"3,4";"63,0";"6,1";"15,40";"0,0"
"21/11/2025";"2300";"18,2";"18,3";"18,1";"95,0";"96,0";"94,0";"17,3";"17,5";"17,2";"875,9";"876,0";"875,8";"4,1";"51,0";"6,5";"";"0,0"
"22/11/2025";"0000";"18,1";"18,2";"18,0";"95,0";"95,0";"95,0";"17,3";"17,4";"17,2";"876,9";"876,9";"875,9";"2,2";"53,0";"6,8";"";"0,0"
"22/11/2025";"0100";"18,2";"18,2";"18,0";"94,0";"95,0";"94,0";"17,2";"17,3";"17,2";"877,0";"877,0";"876,9";"3,1";"48,0";"6,0";"";"0,0"
"22/11/2025";"0200";"18,1";"18,3";"18,1";"96,0";"96,0";"94,0";"17,4";"17,4";"17,2";"876,8";"877,1";"876,8";"3,5";"57,0";"6,0";"";"0,0"
"22/11/2025";"0300";"18,1";"18,2";"18,1";"96,0";"96,0";"96,0";"17,5";"17,5";"17,4";"876,9";"877,1";"876,8";"2,1";"57,0";"6,0";"";"0,0"
"22/11/2025";"0400";"18,1";"18,2";"18,0";"96,0";"96,0";"96,0";"17,5";"17,6";"17,4";"876,3";"876,9";"876,3";"2,4";"62,0";"5,0";"";"0,2"
"22/11/2025";"0500";"17,9";"18,1";"17,9";"96,0";"96,0";"96,0";"17,3";"17,5";"17,3";"875,7";"876,3";"875,7";"2,9";"51,0";"5,6";"";"0,0"
"22/11/2025";"0600";"17,9";"18,0";"17,9";"96,0";"96,0";"96,0";"17,3";"17,4";"17,2";"875,5";"875,8";"875,5";"2,1";"40,0";"5,3";"";"0,0"
"22/11/2025";"0700";"17,9";"18,0";"17,8";"96,0";"96,0";"96,0";"17,3";"17,3";"17,2";"875,5";"875,6";"875,5";"2,1";"53,0";"4,9";"";"0,0"
"22/11/2025";"0800";"17,9";"18,0";"17,8";"96,0";"96,0";"96,0";"17,3";"17,4";"17,2";"875,3";"875,5";"875,3";"2,0";"38,0";"4,3";"";"0,0"
"22/11/2025";"0900";"17,9";"18,0";"17,9";"96,0";"96,0";"96,0";"17,3";"17,4";"17,2";"875,9";"875,9";"875,2";"3,0";"50,0";"5,3";"9,50";"0,0"
"22/11/2025";"1000";"17,9";"18,0";"17,8";"97,0";"97,0";"96,0";"17,4";"17,4";"17,2";"876,6";"876,6";"876,0";"2,9";"57,0";"5,9";"175,30";"0,2"
"22/11/2025";"1100";"18,1";"18,5";"17,8";"96,0";"97,0";"96,0";"17,5";"18,0";"17,3";"877,2";"877,2";"876,6";"4,2";"56,0";"6,6";"531,90";"0,0"
"22/11/2025";"1200";"19,6";"19,6";"18,1";"90,0";"96,0";"89,0";"18,0";"18,0";"17,4";"877,4";"877,5";"877,2";"2,5";"40,0";"6,6";"836,80";"0,0"
"22/11/2025";"1300";"20,5";"20,5";"19,1";"88,0";"91,0";"87,0";"18,3";"18,4";"17,5";"877,4";"877,5";"877,4";"2,1";"44,0";"5,3";"941,20";"0,0"
"22/11/2025";"1400";"23,1";"23,7";"20,4";"71,0";"87,0";"71,0";"17,6";"19,0";"17,3";"877,1";"877,4";"877,1";"2,8";"74,0";"4,9";"2382,90";"0,0"
"22/11/2025";"1500";"25,0";"25,5";"22,8";"61,0";"74,0";"60,0";"17,0";"18,4";"16,6";"876,5";"877,1";"876,5";"2,8";"87,0";"5,2";"3871,70";"0,0"
"22/11/2025";"1600";"26,3";"26,9";"24,6";"53,0";"63,0";"50,0";"15,9";"18,1";"15,3";"875,7";"876,5";"875,7";"2,4";"80,0";"5,4";"3504,20";"0,0"
"22/11/2025";"1700";"24,4";"26,3";"24,4";"60,0";"63,0";"52,0";"16,3";"17,2";"15,5";"875,3";"875,7";"875,3";"1,0";"64,0";"7,5";"1091,00";"0,0"
"22/11/2025";"1800";"20,5";"24,4";"20,3";"90,0";"90,0";"60,0";"18,8";"18,8";"16,3";"874,6";"875,3";"874,6";"1,6";"266,0";"7,4";"303,30";"2,0"
"22/11/2025";"1900";"19,3";"20,5";"19,2";"91,0";"92,0";"87,0";"17,7";"18,9";"17,3";"874,2";"874,6";"874,1";"1,7";"3,0";"4,0";"244,40";"1,2"
"22/11/2025";"2000";"20,4";"20,4";"19,2";"89,0";"93,0";"89,0";"18,6";"19,0";"17,6";"873,9";"874,2";"873,8";"0,0";"188,0";"3,7";"360,00";"0,0"
"22/11/2025";"2100";"20,0";"20,6";"20,0";"91,0";"92,0";"86,0";"18,5";"19,1";"17,9";"874,1";"874,3";"873,9";"0,6";"305,0";"1,4";"154,20";"0,0"
"22/11/2025";"2200";"19,3";"20,0";"19,3";"94,0";"94,0";"91,0";"18,3";"18,6";"18,3";"874,4";"874,5";"874,1";"0,1";"285,0";"2,1";"3,70";"0,0"
"22/11/2025";"2300";"19,3";"19,3";"19,0";"94,0";"95,0";"94,0";"18,3";"18,5";"18,2";"875,3";"875,3";"874,4";"0,1";"85,0";"1,8";"";"0,0"
"23/11/2025";"0000";"19,2";"19,5";"19,1";"95,0";"95,0";"94,0";"18,4";"18,5";"18,3";"875,9";"875,9";"875,3";"0,0";"345,0";"1,2";"";"0,4"
"23/11/2025";"0100";"19,1";"19,2";"18,9";"95,0";"95,0";"95,0";"18,3";"18,4";"18,2";"876,4";"876,4";"875,9";"0,2";"309,0";"0,8";"";"0,2"
"23/11/2025";"0200";"19,0";"19,1";"18,9";"95,0";"95,0";"95,0";"18,2";"18,3";"18,1";"876,3";"876,7";"876,3";"2,0";"270,0";"3,4";"";"0,4"
"23/11/2025";"0300";"18,9";"19,1";"18,9";"96,0";"96,0";"95,0";"18,1";"18,4";"18,1";"875,7";"876,3";"875,7";"0,0";"301,0";"3,4";"";"0,8"
"23/11/2025";"0400";"18,8";"19,0";"18,8";"96,0";"96,0";"96,0";"18,2";"18,3";"18,1";"875,5";"875,7";"875,5";"0,3";"265,0";"1,5";"";"0,0"
"23/11/2025";"0500";"18,8";"19,0";"18,8";"96,0";"96,0";"96,0";"18,2";"18,4";"18,1";"875,1";"875,5";"875,1";"0,0";"31,0";"1,1";"";"0,0"
"23/11/2025";"0600";"18,7";"18,9";"18,7";"96,0";"96,0";"96,0";"18,2";"18,2";"18,1";"874,9";"875,1";"874,8";"0,2";"34,0";"1,7";"";"0,0"
"23/11/2025";"0700";"17,9";"18,8";"17,6";"96,0";"96,0";"96,0";"17,2";"18,2";"17,0";"874,9";"874,9";"874,8";"0,5";"295,0";"3,1";"";"0,2"
"23/11/2025";"0800";"18,0";"18,0";"17,8";"96,0";"96,0";"95,0";"17,3";"17,4";"17,1";"875,0";"875,0";"874,9";"0,0";"185,0";"2,2";"";"0,0"
"23/11/2025";"0900";"18,2";"18,2";"17,9";"96,0";"96,0";"96,0";"17,5";"17,6";"17,3";"875,6";"875,6";"875,0";"0,0";"136,0";"1,7";"7,00";"0,0"
"23/11/2025";"1000";"18,6";"18,7";"18,2";"95,0";"96,0";"95,0";"17,8";"18,0";"17,6";"876,2";"876,2";"875,6";"0,1";"243,0";"0,8";"72,60";"0,0"
"23/11/2025";"1100";"18,3";"19,0";"18,3";"92,0";"96,0";"92,0";"16,9";"18,3";"16,9";"876,6";"876,6";"876,2";"1,0";"303,0";"1,9";"213,50";"1,6"
"23/11/2025";"1200";"20,4";"20,5";"18,3";"87,0";"94,0";"87,0";"18,2";"19,3";"17,0";"876,8";"876,8";"876,6";"0,2";"229,0";"1,9";"1059,10";"0,0"
"23/11/2025";"1300";"23,5";"23,5";"20,4";"72,0";"90,0";"71,0";"18,1";"19,5";"17,6";"876,6";"876,8";"876,6";"1,1";"302,0";"3,6";"1951,00";"0,0"
"23/11/2025";"1400";"26,0";"26,0";"23,2";"60,0";"72,0";"55,0";"17,5";"19,3";"16,0";"876,3";"876,6";"876,3";"2,0";"326,0";"5,7";"3258,30";"0,0"
"23/11/2025";"1500";"26,5";"27,0";"24,8";"51,0";"60,0";"48,0";"15,5";"17,0";"14,5";"875,4";"876,3";"875,4";"2,1";"317,0";"7,3";"3715,20";"0,0"
"23/11/2025";"1600";"26,3";"27,0";"25,3";"51,0";"56,0";"49,0";"15,4";"16,4";"14,5";"874,8";"875,4";"874,8";"3,8";"280,0";"8,2";"3276,30";"0,0"
"23/11/2025";"1700";"27,0";"27,7";"26,2";"51,0";"52,0";"46,0";"16,0";"16,6";"14,4";"874,2";"874,8";"874,2";"4,1";"313,0";"9,2";"3940,60";"0,0"
"23/11/2025";"1800";"24,9";"27,3";"24,9";"55,0";"56,0";"49,0";"15,2";"16,5";"14,7";"873,9";"874,2";"873,8";"3,4";"262,0";"8,3";"1557,10";"0,0"
"23/11/2025";"1900";"22,0";"26,4";"21,9";"78,0";"79,0";"50,0";"18,0";"18,0";"14,4";"873,4";"873,9";"873,3";"3,6";"190,0";"6,2";"837,50";"0,0"
"23/11/2025";"2000";"23,3";"23,8";"21,7";"70,0";"81,0";"69,0";"17,6";"18,6";"17,6";"873,1";"873,5";"873,0";"0,9";"251,0";"7,7";"1137,20";"0,0"
"23/11/2025";"2100";"21,2";"23,3";"21,2";"84,0";"84,0";"70,0";"18,4";"18,4";"17,5";"873,5";"873,5";"873,1";"0,6";"119,0";"2,8";"179,50";"0,0"
"23/11/2025";"2200";"19,9";"21,2";"19,9";"92,0";"93,0";"84,0";"18,6";"19,1";"18,5";"874,4";"874,4";"873,5";"2,2";"29,0";"4,7";"8,40";"0,0"
"23/11/2025";"2300";"20,0";"20,0";"19,8";"92,0";"93,0";"91,0";"18,6";"18,7";"18,5";"875,0";"875,0";"874,3";"0,2";"38,0";"4,0";"";"0,0"
"24/11/2025";"0000";"19,7";"20,2";"19,7";"93,0";"93,0";"90,0";"18,6";"18,7";"18,5";"875,2";"875,2";"875,0";"1,1";"58,0";"2,2";"";"0,0"
"24/11/2025";"0100";"19,4";"19,7";"19,4";"93,0";"93,0";"92,0";"18,3";"18,5";"18,3";"875,3";"875,4";"875,1";"2,3";"35,0";"3,7";"";"0,0"
"24/11/2025";"0200";"19,2";"19,4";"19,0";"92,0";"94,0";"92,0";"17,9";"18,3";"17,7";"875,8";"875,8";"875,3";"2,0";"33,0";"3,6";"";"0,0"
"24/11/2025";"0300";"19,2";"19,3";"19,2";"93,0";"93,0";"92,0";"18,1";"18,2";"17,9";"875,2";"875,8";"875,2";"0,5";"58,0";"3,6";"";"0,0"
"24/11/2025";"0400";"19,2";"19,2";"18,9";"95,0";"95,0";"93,0";"18,4";"18,4";"18,0";"874,6";"875,2";"874,6";"0,3";"101,0";"2,5";"";"1,2"
"24/11/2025";"0500";"18,6";"19,2";"18,5";"96,0";"96,0";"95,0";"17,9";"18,4";"17,8";"874,0";"874,6";"874,0";"0,6";"51,0";"1,7";"";"0,4"
"24/11/2025";"0600";"18,5";"18,6";"18,4";"96,0";"96,0";"96,0";"17,8";"17,9";"17,8";"873,9";"874,0";"873,8";"0,5";"27,0";"2,3";"";"0,2"
"24/11/2025";"0700";"18,3";"18,5";"18,3";"96,0";"96,0";"96,0";"17,7";"17,9";"17,7";"873,6";"873,9";"873,6";"1,6";"47,0";"2,6";"";"0,0"
"24/11/2025";"0800";"18,3";"18,4";"18,3";"96,0";"96,0";"96,0";"17,7";"17,8";"17,7";"874,1";"874,1";"873,6";"1,3";"45,0";"2,6";"";"0,0"
"24/11/2025";"0900";"18,5";"18,5";"18,3";"96,0";"96,0";"96,0";"17,9";"17,9";"17,7";"874,5";"874,5";"874,1";"0,3";"77,0";"2,6";"26,20";"0,0"
"24/11/2025";"1000";"19,8";"20,0";"18,5";"95,0";"96,0";"95,0";"19,0";"19,3";"17,9";"875,1";"875,1";"874,5";"0,7";"333,0";"2,7";"320,50";"0,0"
"24/11/2025";"1100";"21,0";"21,3";"19,6";"86,0";"95,0";"86,0";"18,6";"19,7";"18,2";"875,3";"875,3";"875,1";"1,2";"29,0";"3,9";"754,70";"0,0"
"24/11/2025";"1200";"22,7";"23,1";"20,8";"81,0";"90,0";"78,0";"19,3";"19,8";"18,4";"875,4";"875,5";"875,3";"1,9";"108,0";"3,2";"1440,30";"0,0"
"24/11/2025";"1300";"23,3";"23,9";"22,7";"73,0";"82,0";"72,0";"18,1";"19,9";"18,1";"875,6";"875,7";"875,4";"1,5";"70,0";"3,5";"1837,50";"0,0"
"24/11/2025";"1400";"25,1";"25,5";"23,3";"57,0";"76,0";"53,0";"16,0";"19,0";"14,9";"875,5";"875,7";"875,5";"2,8";"269,0";"5,5";"1692,00";"0,0"
"24/11/2025";"1500";"26,9";"27,3";"24,8";"52,0";"61,0";"48,0";"16,3";"17,4";"14,8";"874,5";"875,5";"874,5";"1,9";"293,0";"7,2";"3460,00";"0,0"
"24/11/2025";"1600";"24,4";"27,6";"24,0";"67,0";"77,0";"50,0";"17,9";"19,7";"15,5";"874,0";"874,5";"873,9";"2,4";"3,0";"7,0";"2134,70";"0,0"
"24/11/2025";"1700";"25,5";"26,8";"24,0";"60,0";"75,0";"57,0";"17,2";"20,2";"16,9";"873,4";"874,0";"873,3";"2,6";"326,0";"7,0";"1958,60";"0,0"
"24/11/2025";"1800";"26,6";"26,8";"24,4";"56,0";"65,0";"56,0";"17,0";"18,1";"16,7";"872,6";"873,4";"872,6";"2,3";"324,0";"8,4";"1846,10";"0,0"
"24/11/2025";"1900";"24,3";"26,9";"23,9";"63,0";"73,0";"52,0";"16,9";"19,1";"16,0";"872,2";"872,6";"872,1";"2,0";"270,0";"6,5";"1057,20";"0,0"
"24/11/2025";"2000";"21,9";"24,4";"21,9";"85,0";"85,0";"61,0";"19,3";"19,3";"16,4";"872,6";"872,6";"872,1";"1,9";"4,0";"5,8";"347,50";"0,0"
"24/11/2025";"2100";"20,0";"21,9";"19,8";"94,0";"94,0";"82,0";"18,9";"19,4";"18,1";"873,9";"873,9";"872,6";"1,1";"272,0";"5,0";"93,00";"2,8"
"24/11/2025";"2200";"19,5";"20,0";"19,5";"95,0";"95,0";"93,0";"18,6";"19,1";"18,6";"874,1";"874,2";"873,8";"0,2";"21,0";"2,9";"14,00";"0,2"
"24/11/2025";"2300";"19,5";"19,6";"19,1";"92,0";"95,0";"92,0";"18,2";"18,6";"18,1";"874,4";"874,4";"874,1";"0,5";"335,0";"4,3";"";"0,0"
"25/11/2025";"0000";"19,1";"19,5";"18,9";"94,0";"94,0";"92,0";"18,2";"18,3";"17,9";"874,7";"874,8";"874,4";"0,2";"175,0";"3,0";"";"0,0"
"25/11/2025";"0100";"18,0";"19,1";"18,0";"93,0";"94,0";"91,0";"16,9";"18,1";"16,9";"874,9";"874,9";"874,7";"0,2";"24,0";"1,4";"";"0,0"
"25/11/2025";"0200";"19,3";"19,6";"17,9";"88,0";"94,0";"87,0";"17,2";"17,5";"16,8";"874,7";"875,0";"874,7";"0,4";"349,0";"3,3";"";"0,0"
"25/11/2025";"0300";"19,5";"19,8";"18,8";"87,0";"89,0";"87,0";"17,3";"17,5";"16,8";"874,1";"874,7";"874,1";"1,3";"342,0";"3,9";"";"0,0"
"25/11/2025";"0400";"18,4";"19,5";"18,4";"90,0";"90,0";"87,0";"16,8";"17,3";"16,8";"873,6";"874,1";"873,6";"0,5";"225,0";"2,9";"";"0,0"
"25/11/2025";"0500";"17,4";"18,5";"17,4";"93,0";"93,0";"90,0";"16,3";"17,0";"16,3";"873,3";"873,7";"873,3";"0,5";"44,0";"2,3";"";"0,0"
"25/11/2025";"0600";"17,8";"18,5";"17,4";"92,0";"94,0";"88,0";"16,5";"17,1";"16,2";"873,7";"874,0";"873,3";"0,1";"178,0";"3,4";"";"0,0"
"25/11/2025";"0700";"16,6";"17,8";"16,5";"94,0";"94,0";"92,0";"15,6";"16,6";"15,5";"873,7";"873,9";"873,6";"0,1";"280,0";"1,3";"";"0,0"
"25/11/2025";"0800";"17,2";"17,2";"16,4";"96,0";"96,0";"94,0";"16,5";"16,5";"15,5";"874,3";"874,3";"873,6";"1,4";"257,0";"2,7";"";"0,0"
"25/11/2025";"0900";"18,6";"18,6";"17,2";"93,0";"96,0";"93,0";"17,4";"17,4";"16,6";"875,2";"875,2";"874,3";"2,3";"269,0";"3,7";"7,90";"0,0"
"25/11/2025";"1000";"20,0";"20,0";"18,6";"91,0";"93,0";"90,0";"18,4";"18,5";"17,4";"875,5";"875,5";"875,2";"0,2";"357,0";"3,3";"239,10";"0,0"
"25/11/2025";"1100";"21,0";"21,0";"20,0";"86,0";"91,0";"83,0";"18,7";"18,7";"17,7";"875,9";"875,9";"875,4";"1,7";"296,0";"5,5";"577,30";"0,0"
"25/11/2025";"1200";"20,9";"21,1";"20,6";"82,0";"86,0";"82,0";"17,7";"18,5";"17,7";"876,8";"876,8";"875,9";"2,9";"279,0";"6,0";"610,00";"0,0"
"25/11/2025";"1300";"21,2";"21,2";"20,5";"83,0";"87,0";"82,0";"18,3";"18,6";"17,8";"877,0";"877,0";"876,8";"3,1";"263,0";"6,1";"666,40";"0,0"
"25/11/2025";"1400";"17,9";"22,0";"17,9";"89,0";"89,0";"77,0";"16,2";"18,7";"16,0";"877,2";"877,3";"876,9";"2,7";"208,0";"6,8";"583,00";"0,0"
"25/11/2025";"1500";"17,7";"17,9";"17,0";"94,0";"94,0";"89,0";"16,7";"16,8";"15,7";"876,8";"877,3";"876,8";"2,3";"275,0";"5,5";"355,00";"2,4"
"25/11/2025";"1600";"22,8";"22,8";"17,7";"84,0";"95,0";"83,0";"19,9";"20,1";"16,7";"875,4";"876,8";"875,4";"3,8";"270,0";"6,4";"2405,30";"0,6"
"25/11/2025";"1700";"24,2";"24,8";"22,5";"68,0";"84,0";"67,0";"17,9";"19,9";"17,4";"874,1";"875,4";"874,1";"4,8";"286,0";"11,3";"2971,40";"0,0"
"25/11/2025";"1800";"24,7";"25,1";"24,0";"66,0";"69,0";"64,0";"17,9";"18,5";"17,1";"874,0";"874,1";"873,8";"5,4";"275,0";"13,3";"2882,40";"0,0"
"25/11/2025";"1900";"22,6";"24,8";"22,4";"75,0";"75,0";"65,0";"17,9";"18,3";"17,4";"873,5";"874,0";"873,5";"4,4";"276,0";"11,8";"1380,70";"0,0"
"25/11/2025";"2000";"23,4";"24,0";"22,6";"71,0";"75,0";"69,0";"18,0";"18,7";"17,6";"873,5";"873,5";"873,2";"2,8";"286,0";"8,3";"1217,70";"0,0"
"25/11/2025";"2100";"21,7";"23,5";"21,7";"79,0";"79,0";"71,0";"17,9";"18,5";"17,7";"874,2";"874,2";"873,5";"1,4";"284,0";"6,5";"338,80";"0,0"
"25/11/2025";"2200";"19,9";"21,7";"19,8";"89,0";"89,0";"79,0";"18,0";"18,0";"17,6";"874,7";"874,7";"874,1";"1,2";"288,0";"3,1";"8,10";"0,0"
"25/11/2025";"2300";"19,2";"19,9";"19,1";"92,0";"92,0";"88,0";"17,9";"18,0";"17,7";"875,5";"875,5";"874,7";"1,3";"306,0";"1,9";"";"0,0"
"26/11/2025";"0000";"20,1";"20,1";"19,1";"91,0";"93,0";"91,0";"18,5";"18,6";"17,8";"876,2";"876,3";"875,5";"0,5";"24,0";"2,5";"";"0,0"
"26/11/2025";"0100";"20,1";"20,1";"19,8";"91,0";"92,0";"90,0";"18,6";"18,6";"18,3";"876,6";"876,6";"876,1";"1,9";"28,0";"3,7";"";"0,0"
"26/11/2025";"0200";"19,8";"20,1";"19,6";"93,0";"93,0";"91,0";"18,6";"18,7";"18,4";"876,3";"876,8";"876,3";"0,0";"239,0";"3,6";"";"0,0"
"26/11/2025";"0300";"19,6";"19,9";"19,2";"89,0";"94,0";"89,0";"17,8";"18,8";"17,6";"875,6";"876,3";"875,5";"0,7";"302,0";"2,1";"";"0,0"
"26/11/2025";"0400";"19,7";"20,5";"19,5";"88,0";"90,0";"84,0";"17,7";"18,0";"17,6";"875,0";"875,6";"875,0";"4,0";"304,0";"8,3";"";"0,0"
"26/11/2025";"0500";"19,9";"20,0";"19,7";"79,0";"88,0";"78,0";"16,1";"17,6";"16,0";"874,9";"875,2";"874,9";"2,6";"294,0";"7,4";"";"0,0"
"26/11/2025";"0600";"19,5";"20,0";"19,5";"82,0";"83,0";"78,0";"16,3";"16,5";"16,0";"874,8";"874,9";"874,7";"0,4";"358,0";"5,4";"";"0,0"
"26/11/2025";"0700";"19,8";"20,0";"19,5";"83,0";"85,0";"80,0";"16,9";"17,2";"16,2";"874,7";"874,8";"874,6";"2,1";"350,0";"4,5";"";"0,0"
"26/11/2025";"0800";"20,1";"20,2";"19,7";"79,0";"84,0";"79,0";"16,4";"17,0";"16,3";"875,2";"875,2";"874,6";"0,9";"281,0";"4,8";"";"0,0"
"26/11/2025";"0900";"19,8";"20,2";"19,7";"82,0";"82,0";"79,0";"16,7";"16,7";"16,3";"875,4";"875,4";"875,1";"1,1";"249,0";"3,5";"12,80";"0,0"
"26/11/2025";"1000";"20,2";"20,2";"19,6";"84,0";"86,0";"82,0";"17,3";"17,4";"16,7";"876,1";"876,1";"875,4";"0,4";"170,0";"3,6";"164,20";"0,0"
"26/11/2025";"1100";"21,2";"21,2";"20,2";"79,0";"84,0";"79,0";"17,5";"17,8";"17,3";"876,9";"876,9";"876,1";"1,0";"276,0";"4,0";"406,70";"0,0"
"26/11/2025";"1200";"23,1";"23,3";"21,2";"72,0";"80,0";"70,0";"17,7";"18,2";"17,1";"877,0";"877,1";"876,9";"3,1";"259,0";"5,6";"1069,40";"0,0"
"26/11/2025";"1300";"24,5";"25,2";"23,1";"65,0";"72,0";"62,0";"17,4";"18,5";"16,9";"876,8";"877,1";"876,8";"2,5";"265,0";"6,1";"2248,00";"0,0"
"26/11/2025";"1400";"24,8";"25,3";"24,2";"65,0";"67,0";"61,0";"17,8";"18,0";"16,4";"876,3";"876,8";"876,3";"2,8";"283,0";"6,1";"1890,80";"0,0"
"26/11/2025";"1500";"25,3";"26,2";"24,3";"59,0";"66,0";"57,0";"16,6";"17,9";"16,1";"875,8";"876,3";"875,8";"3,9";"282,0";"8,3";"1771,60";"0,0"
"26/11/2025";"1600";"26,1";"27,5";"25,2";"55,0";"61,0";"52,0";"16,4";"18,1";"16,0";"874,9";"875,8";"874,9";"2,7";"290,0";"9,0";"2847,90";"0,0"
"26/11/2025";"1700";"24,8";"27,9";"24,8";"60,0";"60,0";"48,0";"16,5";"17,6";"15,6";"874,2";"874,9";"874,2";"3,7";"315,0";"8,3";"3023,90";"0,0"
"26/11/2025";"1800";"21,3";"24,8";"21,2";"76,0";"76,0";"59,0";"16,8";"17,7";"16,3";"874,2";"874,4";"874,1";"2,2";"91,0";"8,3";"362,50";"0,0"
"26/11/2025";"1900";"21,7";"22,2";"21,1";"80,0";"80,0";"74,0";"18,1";"18,1";"16,7";"873,8";"874,2";"873,8";"3,2";"233,0";"6,1";"257,10";"0,0"
"26/11/2025";"2000";"20,4";"21,7";"20,4";"86,0";"86,0";"80,0";"18,0";"18,3";"17,6";"874,1";"874,1";"873,8";"2,2";"225,0";"6,1";"174,70";"0,0"
"26/11/2025";"2100";"20,0";"20,4";"20,0";"89,0";"89,0";"86,0";"18,1";"18,2";"17,9";"874,0";"874,1";"874,0";"1,2";"247,0";"4,2";"108,90";"0,0"
"26/11/2025";"2200";"19,3";"20,0";"19,3";"90,0";"90,0";"88,0";"17,7";"18,1";"17,6";"874,9";"874,9";"874,0";"0,4";"283,0";"3,2";"14,60";"0,0"
"26/11/2025";"2300";"19,2";"19,4";"19,0";"91,0";"91,0";"89,0";"17,7";"17,8";"17,3";"875,3";"875,3";"874,8";"0,5";"43,0";"1,3";"";"0,0"
"27/11/2025";"0000";"19,5";"19,6";"19,2";"88,0";"91,0";"87,0";"17,4";"17,7";"17,4";"876,0";"876,0";"875,3";"0,0";"56,0";"2,1";"";"0,0"
"27/11/2025";"0100";"18,9";"19,5";"18,9";"92,0";"92,0";"88,0";"17,6";"17,7";"17,3";"876,2";"876,2";"875,9";"0,0";"194,0";"0,6";"";"0,0"
"27/11/2025";"0200";"18,9";"19,2";"18,8";"91,0";"92,0";"90,0";"17,4";"17,8";"17,3";"875,9";"876,2";"875,8";"0,0";"309,0";"1,6";"";"0,0"
"27/11/2025";"0300";"18,7";"18,9";"18,5";"92,0";"93,0";"91,0";"17,3";"17,5";"17,2";"875,3";"875,9";"875,3";"0,7";"47,0";"1,3";"";"0,0"
"27/11/2025";"0400";"17,6";"18,7";"17,6";"93,0";"93,0";"92,0";"16,5";"17,4";"16,5";"874,7";"875,4";"874,7";"0,1";"280,0";"1,3";"";"0,0"
"27/11/2025";"0500";"17,1";"17,7";"16,8";"92,0";"94,0";"91,0";"15,8";"16,4";"15,5";"874,4";"874,7";"874,4";"0,6";"283,0";"1,4";"";"0,0"
"27/11/2025";"0600";"17,0";"17,3";"16,7";"89,0";"93,0";"89,0";"15,2";"15,9";"15,2";"874,6";"874,6";"874,4";"1,0";"304,0";"1,9";"";"0,0"
"27/11/2025";"0700";"16,7";"17,6";"16,6";"91,0";"92,0";"87,0";"15,2";"15,6";"15,1";"874,8";"874,8";"874,6";"0,8";"270,0";"1,9";"";"0,0"
"27/11/2025";"0800";"16,6";"17,3";"16,4";"93,0";"93,0";"89,0";"15,4";"15,6";"15,0";"875,2";"875,2";"874,8";"0,0";"269,0";"1,8";"";"0,0"
"27/11/2025";"0900";"18,1";"18,1";"16,6";"90,0";"93,0";"90,0";"16,4";"16,4";"15,4";"875,6";"875,6";"875,1";"0,9";"331,0";"1,8";"34,00";"0,2"
"27/11/2025";"1000";"22,1";"22,1";"18,1";"76,0";"92,0";"74,0";"17,6";"17,9";"16,4";"876,2";"876,2";"875,6";"0,0";"191,0";"1,8";"615,50";"0,0"
"27/11/2025";"1100";"24,0";"25,1";"22,1";"65,0";"76,0";"62,0";"16,9";"18,2";"16,7";"876,4";"876,5";"876,1";"0,9";"332,0";"2,5";"1768,80";"0,0"
"27/11/2025";"1200";"24,0";"24,9";"23,3";"61,0";"70,0";"59,0";"16,1";"17,9";"15,9";"876,8";"876,8";"876,4";"1,6";"232,0";"3,7";"1211,40";"0,0"
"27/11/2025";"1300";"25,2";"27,0";"23,9";"60,0";"65,0";"53,0";"17,0";"18,0";"15,3";"876,5";"876,8";"876,5";"3,5";"62,0";"5,8";"2073,40";"0,0"
"27/11/2025";"1400";"26,3";"27,4";"24,9";"55,0";"63,0";"53,0";"16,4";"18,9";"16,1";"876,0";"876,5";"876,0";"1,3";"180,0";"5,8";"2941,10";"0,0"
"27/11/2025";"1500";"18,8";"26,9";"18,8";"93,0";"93,0";"53,0";"17,7";"18,5";"16,3";"876,1";"876,4";"875,8";"4,2";"9,0";"7,8";"815,90";"10,4"
"27/11/2025";"1600";"18,3";"18,8";"18,0";"94,0";"95,0";"93,0";"17,3";"17,8";"17,0";"875,6";"876,4";"875,6";"3,4";"308,0";"7,5";"188,00";"18,8"
"27/11/2025";"1700";"19,6";"19,6";"18,3";"94,0";"95,0";"93,0";"18,6";"18,6";"17,3";"874,8";"875,6";"874,8";"0,2";"155,0";"6,6";"396,30";"1,4"
"27/11/2025";"1800";"22,1";"22,2";"19,6";"79,0";"95,0";"79,0";"18,4";"20,8";"18,2";"874,1";"874,8";"873,7";"0,4";"63,0";"3,7";"1680,10";"0,0"
"27/11/2025";"1900";"21,0";"23,0";"21,0";"87,0";"87,0";"74,0";"18,7";"19,8";"17,8";"874,2";"874,2";"873,8";"3,1";"54,0";"6,1";"940,20";"0,0"
"27/11/2025";"2000";"17,9";"21,0";"17,0";"94,0";"95,0";"86,0";"16,9";"18,8";"15,9";"873,8";"874,8";"873,4";"0,9";"106,0";"7,3";"104,70";"13,8"
"27/11/2025";"2100";"18,5";"18,7";"17,8";"93,0";"95,0";"92,0";"17,3";"17,7";"16,8";"874,2";"874,2";"873,6";"1,9";"42,0";"4,5";"98,30";"0,6"
"27/11/2025";"2200";"19,0";"19,3";"18,4";"95,0";"95,0";"93,0";"18,2";"18,5";"17,3";"874,9";"874,9";"874,2";"1,1";"119,0";"3,5";"0,20";"0,0"
"27/11/2025";"2300";"18,6";"19,0";"18,6";"95,0";"95,0";"94,0";"17,8";"18,1";"17,8";"875,8";"875,8";"874,9";"0,1";"282,0";"2,5";"";"0,2"
"28/11/2025";"0000";"18,1";"18,9";"18,1";"93,0";"96,0";"92,0";"16,9";"18,1";"16,9";"876,9";"876,9";"875,8";"1,6";"203,0";"4,4";"";"0,0"
"28/11/2025";"0100";"18,5";"18,5";"18,1";"95,0";"95,0";"93,0";"17,7";"17,7";"16,9";"877,2";"877,2";"876,9";"0,5";"94,0";"3,5";"";"0,0"
"28/11/2025";"0200";"18,6";"18,7";"18,4";"95,0";"95,0";"94,0";"17,8";"17,8";"17,5";"877,0";"877,3";"877,0";"1,0";"64,0";"3,3";"";"0,2"
"28/11/2025";"0300";"18,7";"18,7";"18,6";"96,0";"96,0";"95,0";"18,0";"18,0";"17,8";"876,4";"877,0";"876,4";"0,8";"22,0";"1,8";"";"0,4"
"28/11/2025";"0400";"18,5";"18,8";"18,5";"96,0";"96,0";"96,0";"17,9";"18,1";"17,9";"875,7";"876,4";"875,7";"1,3";"67,0";"2,2";"";"0,4"
"28/11/2025";"0500";"18,7";"18,7";"18,5";"97,0";"97,0";"96,0";"18,1";"18,1";"17,9";"875,3";"875,8";"875,3";"2,3";"52,0";"4,4";"";"0,0"
"28/11/2025";"0600";"18,4";"18,7";"18,4";"97,0";"97,0";"97,0";"17,9";"18,2";"17,9";"875,1";"875,3";"875,1";"2,4";"42,0";"5,8";"";"0,0"
"28/11/2025";"0700";"18,2";"18,4";"18,2";"97,0";"97,0";"97,0";"17,7";"17,9";"17,7";"875,2";"875,2";"875,0";"1,8";"49,0";"4,8";"";"0,0"
"28/11/2025";"0800";"18,0";"18,2";"18,0";"97,0";"97,0";"97,0";"17,5";"17,7";"17,5";"875,6";"875,7";"875,2";"0,9";"50,0";"2,9";"";"0,0"
"28/11/2025";"0900";"18,1";"18,1";"17,9";"97,0";"97,0";"97,0";"17,6";"17,6";"17,5";"876,0";"876,0";"875,6";"1,6";"50,0";"2,8";"9,80";"0,0"
"28/11/2025";"1000";"18,2";"18,3";"18,1";"97,0";"97,0";"97,0";"17,7";"17,8";"17,6";"876,9";"876,9";"876,0";"1,7";"42,0";"4,1";"86,00";"0,0"
"28/11/2025";"1100";"18,2";"18,3";"18,0";"97,0";"97,0";"97,0";"17,7";"17,8";"17,5";"877,5";"877,6";"876,9";"0,9";"80,0";"5,0";"155,50";"0,4"
"28/11/2025";"1200";"19,2";"19,5";"18,2";"97,0";"97,0";"97,0";"18,7";"19,0";"17,7";"877,4";"877,5";"877,1";"2,1";"44,0";"5,4";"693,50";"0,4"
"28/11/2025";"1300";"23,3";"23,3";"19,2";"88,0";"97,0";"88,0";"21,2";"21,3";"18,9";"877,1";"877,4";"877,1";"2,0";"54,0";"5,3";"2091,60";"0,0"
"28/11/2025";"1400";"23,8";"24,2";"22,8";"73,0";"88,0";"72,0";"18,8";"21,0";"18,6";"876,9";"877,3";"876,7";"2,8";"33,0";"5,6";"2530,30";"0,0"
"28/11/2025";"1500";"25,4";"25,7";"23,8";"58,0";"77,0";"57,0";"16,5";"20,4";"16,3";"876,5";"876,9";"876,5";"1,5";"343,0";"6,4";"2910,50";"0,0"
"28/11/2025";"1600";"25,0";"26,8";"24,9";"63,0";"66,0";"51,0";"17,6";"18,3";"15,4";"875,9";"876,5";"875,9";"2,4";"257,0";"5,8";"2061,20";"0,0"
"28/11/2025";"1700";"19,4";"25,6";"18,5";"87,0";"90,0";"61,0";"17,2";"18,9";"15,4";"875,8";"876,2";"875,7";"1,0";"54,0";"8,2";"574,00";"0,6"
"28/11/2025";"1800";"19,3";"19,7";"18,6";"93,0";"94,0";"85,0";"18,1";"18,4";"16,9";"875,4";"875,8";"875,4";"0,6";"204,0";"2,5";"424,10";"10,8"
"28/11/2025";"1900";"22,5";"23,5";"19,3";"82,0";"94,0";"69,0";"19,2";"20,0";"17,6";"874,3";"875,4";"874,3";"0,5";"72,0";"1,8";"1895,70";"0,0"
"28/11/2025";"2000";"22,1";"23,4";"22,1";"76,0";"83,0";"69,0";"17,7";"19,3";"17,2";"873,8";"874,3";"873,8";"1,3";"72,0";"2,5";"1311,50";"0,0"
"28/11/2025";"2100";"21,2";"22,1";"21,1";"81,0";"82,0";"75,0";"17,7";"18,4";"17,2";"873,8";"873,8";"873,7";"0,3";"329,0";"2,4";"154,90";"0,0"
"28/11/2025";"2200";"18,6";"21,2";"18,6";"90,0";"90,0";"81,0";"17,0";"18,1";"17,0";"874,5";"874,5";"873,8";"0,0";"14,0";"1,3";"8,90";"0,0"
"28/11/2025";"2300";"18,5";"18,7";"18,3";"92,0";"92,0";"90,0";"17,2";"17,4";"16,8";"875,0";"875,1";"874,5";"0,0";"53,0";"1,3";"";"0,0"
"29/11/2025";"0000";"18,7";"18,7";"18,0";"91,0";"93,0";"90,0";"17,3";"17,4";"16,6";"875,3";"875,3";"875,0";"1,8";"357,0";"2,4";"";"0,0"
"29/11/2025";"0100";"17,5";"18,8";"17,5";"94,0";"94,0";"91,0";"16,5";"17,6";"16,5";"875,3";"875,4";"875,3";"0,0";"246,0";"2,5";"";"0,0"
"29/11/2025";"0200";"17,7";"17,7";"17,3";"96,0";"96,0";"94,0";"17,0";"17,0";"16,4";"875,0";"875,3";"875,0";"0,6";"26,0";"1,4";"";"0,0"
"29/11/2025";"0300";"17,8";"18,2";"17,3";"96,0";"96,0";"95,0";"17,1";"17,6";"16,6";"874,8";"875,2";"874,8";"0,7";"340,0";"1,9";"";"0,2"
"29/11/2025";"0400";"16,9";"17,9";"16,8";"96,0";"96,0";"95,0";"16,2";"17,2";"16,2";"874,2";"874,8";"874,2";"0,5";"316,0";"1,4";"";"0,0"
"29/11/2025";"0500";"15,9";"17,0";"15,8";"95,0";"96,0";"93,0";"15,0";"16,4";"14,7";"873,8";"874,2";"873,7";"0,9";"256,0";"1,5";"";"0,0"
"29/11/2025";"0600";"16,1";"16,5";"15,3";"96,0";"96,0";"94,0";"15,4";"15,9";"14,4";"873,7";"873,9";"873,6";"0,3";"293,0";"2,0";"";"0,0"
"29/11/2025";"0700";"15,4";"16,5";"15,1";"96,0";"96,0";"96,0";"14,9";"16,0";"14,4";"873,7";"873,8";"873,6";"0,5";"282,0";"1,1";"";"0,0"
"29/11/2025";"0800";"14,8";"16,1";"14,4";"96,0";"97,0";"95,0";"14,2";"15,6";"13,7";"874,0";"874,0";"873,7";"0,4";"266,0";"1,5";"";"0,0"
"29/11/2025";"0900";"16,4";"16,4";"14,5";"97,0";"97,0";"96,0";"15,9";"15,9";"13,9";"874,5";"874,6";"874,0";"0,1";"304,0";"2,1";"29,80";"0,0"
"29/11/2025";"1000";"20,8";"20,8";"16,4";"82,0";"97,0";"79,0";"17,5";"18,2";"15,9";"875,2";"875,2";"874,5";"0,2";"105,0";"1,0";"528,40";"0,0"
"29/11/2025";"1100";"22,7";"22,7";"20,8";"68,0";"82,0";"67,0";"16,5";"17,9";"16,0";"875,8";"875,8";"875,2";"0,8";"115,0";"2,5";"1514,10";"0,0"
"29/11/2025";"1200";"24,4";"24,6";"22,7";"63,0";"69,0";"58,0";"16,9";"17,5";"15,2";"875,9";"876,0";"875,8";"1,1";"68,0";"2,8";"2250,80";"0,0"
"29/11/2025";"1300";"25,7";"26,1";"24,3";"54,0";"65,0";"54,0";"15,7";"17,8";"15,7";"875,8";"876,0";"875,8";"0,7";"172,0";"3,4";"2921,20";"0,0"
"29/11/2025";"1400";"26,2";"27,3";"25,2";"51,0";"60,0";"48,0";"15,3";"17,5";"14,5";"875,1";"875,8";"875,1";"0,8";"191,0";"4,9";"3368,00";"0,0"
"29/11/2025";"1500";"28,5";"28,5";"25,6";"46,0";"57,0";"46,0";"15,8";"17,1";"15,2";"874,6";"875,1";"874,6";"2,1";"248,0";"4,7";"2828,00";"0,0"
"29/11/2025";"1600";"25,1";"28,8";"25,1";"59,0";"59,0";"44,0";"16,6";"17,3";"14,6";"873,7";"874,6";"873,7";"3,2";"72,0";"7,2";"1809,30";"0,0"
"29/11/2025";"1700";"18,6";"25,0";"18,6";"92,0";"92,0";"60,0";"17,3";"18,8";"16,0";"873,8";"873,8";"873,5";"4,3";"296,0";"8,3";"387,40";"6,0"
"29/11/2025";"1800";"18,5";"19,4";"18,2";"91,0";"94,0";"88,0";"17,1";"18,1";"16,6";"873,6";"874,1";"873,6";"2,6";"277,0";"8,3";"240,50";"5,8"
"29/11/2025";"1900";"20,9";"21,4";"18,4";"82,0";"92,0";"81,0";"17,7";"19,2";"16,8";"872,9";"873,6";"872,7";"0,5";"74,0";"4,9";"1437,10";"0,0"
"29/11/2025";"2000";"22,4";"22,5";"20,9";"85,0";"88,0";"74,0";"19,7";"19,8";"17,3";"872,3";"872,9";"872,2";"1,3";"260,0";"2,9";"546,50";"0,0"
"29/11/2025";"2100";"22,4";"24,4";"22,4";"84,0";"87,0";"75,0";"19,5";"20,3";"19,5";"872,7";"872,7";"872,2";"0,5";"201,0";"2,9";"427,00";"0,0"
"29/11/2025";"2200";"19,2";"22,4";"19,1";"91,0";"91,0";"78,0";"17,6";"18,8";"17,6";"873,4";"873,4";"872,7";"0,0";"204,0";"2,6";"23,80";"0,0"
"29/11/2025";"2300";"17,9";"19,2";"17,8";"94,0";"94,0";"91,0";"16,9";"17,6";"16,7";"873,7";"873,7";"873,2";"0,3";"273,0";"1,5";"";"0,0"
"30/11/2025";"0000";"18,1";"18,5";"17,7";"88,0";"95,0";"88,0";"16,1";"17,3";"16,1";"874,3";"874,3";"873,7";"1,3";"360,0";"1,9";"";"0,0"
"30/11/2025";"0100";"18,1";"18,6";"17,8";"88,0";"89,0";"85,0";"16,1";"16,2";"15,6";"874,7";"874,7";"874,3";"0,1";"42,0";"2,9";"";"0,0"
"30/11/2025";"0200";"17,4";"18,2";"17,4";"90,0";"93,0";"88,0";"15,7";"16,7";"15,7";"874,9";"874,9";"874,7";"0,1";"143,0";"1,5";"";"0,0"
"30/11/2025";"0300";"18,4";"18,4";"17,4";"88,0";"91,0";"87,0";"16,3";"16,5";"15,7";"874,5";"875,0";"874,5";"0,5";"263,0";"2,2";"";"0,0"
"30/11/2025";"0400";"17,7";"18,4";"17,0";"93,0";"94,0";"87,0";"16,5";"16,7";"15,6";"873,7";"874,6";"873,7";"0,2";"323,0";"1,7";"";"0,0"
"30/11/2025";"0500";"18,3";"18,3";"17,5";"91,0";"94,0";"90,0";"16,8";"17,0";"16,1";"873,7";"873,7";"873,5";"0,1";"327,0";"1,9";"";"0,2"
"30/11/2025";"0600";"17,3";"18,5";"17,3";"93,0";"93,0";"90,0";"16,1";"16,9";"16,1";"873,8";"873,8";"873,6";"0,7";"241,0";"1,6";"";"0,0"
"30/11/2025";"0700";"17,0";"17,6";"16,9";"91,0";"94,0";"91,0";"15,6";"16,5";"15,6";"873,8";"874,0";"873,7";"0,8";"261,0";"1,9";"";"0,0"
"30/11/2025";"0800";"17,2";"17,8";"16,7";"93,0";"94,0";"89,0";"16,1";"16,3";"15,4";"873,9";"873,9";"873,7";"0,4";"208,0";"2,5";"";"0,0"
"30/11/2025";"0900";"17,1";"17,7";"16,2";"93,0";"95,0";"90,0";"15,9";"16,5";"15,1";"874,6";"874,6";"873,9";"0,8";"226,0";"1,7";"32,70";"0,0"
"30/11/2025";"1000";"21,0";"21,0";"17,1";"83,0";"94,0";"82,0";"17,9";"17,9";"15,9";"875,1";"875,1";"874,6";"0,8";"221,0";"2,7";"524,00";"0,0"
"30/11/2025";"1100";"22,3";"22,5";"21,0";"78,0";"82,0";"76,0";"18,2";"18,6";"17,6";"875,7";"875,7";"875,1";"2,6";"269,0";"4,5";"1411,00";"0,0"
"30/11/2025";"1200";"24,3";"24,5";"22,3";"70,0";"79,0";"67,0";"18,6";"18,9";"17,5";"875,9";"875,9";"875,6";"1,9";"277,0";"6,0";"2246,90";"0,0"
"30/11/2025";"1300";"25,0";"25,4";"24,2";"62,0";"71,0";"60,0";"17,2";"18,9";"16,7";"875,9";"876,1";"875,9";"2,8";"260,0";"5,8";"2250,00";"0,0"
"30/11/2025";"1400";"20,2";"26,1";"19,8";"78,0";"83,0";"61,0";"16,2";"19,4";"15,8";"875,7";"875,9";"875,4";"3,9";"337,0";"8,8";"1099,50";"0,0"
"30/11/2025";"1500";"17,7";"20,2";"17,2";"94,0";"94,0";"78,0";"16,8";"17,4";"15,8";"875,3";"876,0";"875,3";"1,7";"245,0";"7,8";"234,20";"7,4"
"30/11/2025";"1600";"22,8";"23,2";"17,7";"74,0";"95,0";"74,0";"18,0";"20,7";"16,8";"874,5";"875,3";"874,2";"1,5";"315,0";"4,8";"2048,90";"2,4"
"30/11/2025";"1700";"24,3";"25,3";"22,4";"70,0";"80,0";"66,0";"18,5";"20,1";"17,8";"873,3";"874,7";"873,3";"0,6";"32,0";"4,8";"2833,60";"0,0"
"30/11/2025";"1800";"22,4";"24,8";"22,4";"76,0";"76,0";"67,0";"18,1";"19,0";"18,0";"872,6";"873,3";"872,6";"2,4";"274,0";"5,1";"885,00";"0,0"
"30/11/2025";"1900";"21,3";"22,4";"21,2";"74,0";"81,0";"72,0";"16,4";"18,5";"16,1";"872,9";"873,0";"872,5";"1,9";"237,0";"5,1";"197,20";"0,0"
"30/11/2025";"2000";"21,7";"21,7";"21,3";"75,0";"75,0";"71,0";"17,0";"17,0";"16,0";"872,4";"872,9";"872,4";"0,7";"231,0";"4,1";"429,70";"0,0"
"30/11/2025";"2100";"20,3";"21,7";"20,3";"83,0";"83,0";"73,0";"17,3";"17,6";"16,7";"872,4";"872,4";"872,1";"2,0";"243,0";"3,6";"130,20";"0,0"
"30/11/2025";"2200";"19,0";"20,3";"19,0";"90,0";"90,0";"83,0";"17,3";"17,5";"17,2";"873,5";"873,6";"872,4";"0,5";"284,0";"3,5";"";"0,0"
"30/11/2025";"2300";"19,4";"19,5";"18,8";"89,0";"92,0";"88,0";"17,5";"17,9";"16,9";"873,7";"873,7";"873,4";"1,3";"244,0";"3,5";"";"0,0"
"01/12/2025";"0000";"18,4";"19,5";"18,4";"88,0";"90,0";"83,0";"16,5";"17,6";"16,3";"874,5";"874,5";"873,7";"0,8";"37,0";"3,5";"";"0,0"
"01/12/2025";"0100";"18,2";"18,5";"17,7";"88,0";"92,0";"88,0";"16,2";"16,9";"16,1";"874,8";"874,8";"874,5";"0,7";"297,0";"1,8";"";"0,0"
"01/12/2025";"0200";"19,0";"19,0";"17,2";"77,0";"89,0";"77,0";"14,8";"16,1";"14,8";"874,9";"875,0";"874,8";"2,4";"320,0";"4,0";"";"0,0"
"01/12/2025";"0300";"18,1";"19,3";"17,7";"84,0";"85,0";"75,0";"15,4";"15,8";"14,7";"874,2";"874,9";"874,2";"0,7";"263,0";"4,0";"";"0,0"
"01/12/2025";"0400";"17,1";"18,1";"17,1";"89,0";"89,0";"84,0";"15,3";"15,4";"15,1";"873,6";"874,2";"873,6";"0,5";"251,0";"2,8";"";"0,0"
"01/12/2025";"0500";"18,2";"18,2";"17,1";"87,0";"91,0";"86,0";"15,9";"16,0";"15,3";"873,2";"873,6";"873,2";"1,3";"232,0";"2,7";"";"0,0"
"01/12/2025";"0600";"18,6";"18,8";"18,0";"87,0";"88,0";"87,0";"16,5";"16,5";"15,8";"873,4";"873,4";"873,1";"1,3";"251,0";"3,5";"";"0,0"
"01/12/2025";"0700";"18,4";"18,6";"18,4";"89,0";"89,0";"86,0";"16,5";"16,6";"16,2";"873,9";"873,9";"873,4";"0,6";"120,0";"3,2";"";"0,0"
"01/12/2025";"0800";"17,9";"18,4";"17,6";"93,0";"93,0";"89,0";"16,7";"16,7";"16,3";"874,6";"874,6";"873,9";"0,3";"55,0";"1,7";"";"0,0"
"01/12/2025";"0900";"18,1";"18,1";"17,6";"90,0";"94,0";"90,0";"16,3";"16,8";"16,3";"875,2";"875,2";"874,6";"1,6";"25,0";"2,8";"21,80";"0,0"
"01/12/2025";"1000";"20,4";"20,4";"18,1";"81,0";"90,0";"80,0";"17,1";"17,6";"16,3";"876,1";"876,1";"875,2";"1,3";"94,0";"3,9";"452,90";"0,0"
"01/12/2025";"1100";"22,6";"23,8";"20,4";"73,0";"81,0";"70,0";"17,5";"18,6";"17,0";"876,6";"876,6";"876,2";"1,1";"110,0";"3,1";"1401,70";"0,0"
"01/12/2025";"1200";"24,7";"24,7";"22,1";"63,0";"78,0";"62,0";"17,1";"19,3";"17,0";"876,5";"876,8";"876,5";"1,3";"239,0";"3,5";"2052,10";"0,0"
"01/12/2025";"1300";"25,5";"26,1";"23,3";"63,0";"71,0";"59,0";"17,8";"19,2";"16,9";"876,0";"876,5";"876,0";"2,4";"282,0";"5,8";"2882,30";"0,0"
"01/12/2025";"1400";"25,4";"27,4";"25,3";"62,0";"64,0";"54,0";"17,6";"18,9";"16,5";"875,6";"876,0";"875,6";"3,1";"216,0";"6,3";"3186,00";"0,0"
"01/12/2025";"1500";"18,6";"25,4";"18,2";"91,0";"92,0";"62,0";"17,1";"18,7";"16,4";"875,6";"876,2";"875,6";"1,9";"78,0";"7,1";"288,50";"4,2"
"01/12/2025";"1600";"18,6";"19,1";"18,6";"92,0";"94,0";"91,0";"17,3";"18,1";"17,2";"875,2";"875,6";"875,1";"3,8";"272,0";"6,0";"265,40";"6,4"
"01/12/2025";"1700";"18,6";"18,6";"17,8";"95,0";"95,0";"91,0";"17,8";"17,8";"16,7";"873,4";"875,2";"873,4";"1,0";"313,0";"6,0";"225,10";"0,6"
"01/12/2025";"1800";"19,7";"19,7";"18,4";"94,0";"95,0";"93,0";"18,7";"18,8";"17,4";"872,9";"873,7";"872,9";"1,3";"188,0";"2,8";"608,70";"0,0"
"01/12/2025";"1900";"22,7";"23,1";"19,4";"76,0";"94,0";"73,0";"18,2";"19,6";"17,8";"872,3";"873,0";"872,3";"1,1";"236,0";"3,4";"1084,20";"0,0"
"01/12/2025";"2000";"22,5";"22,9";"21,4";"77,0";"87,0";"74,0";"18,3";"19,4";"17,7";"872,3";"872,4";"872,0";"1,2";"272,0";"2,9";"601,30";"0,0"
"01/12/2025";"2100";"21,1";"22,6";"21,1";"86,0";"86,0";"76,0";"18,7";"19,0";"18,1";"873,0";"873,0";"872,3";"0,6";"276,0";"2,8";"261,80";"0,0"
"01/12/2025";"2200";"18,6";"21,1";"18,6";"92,0";"92,0";"86,0";"17,3";"18,7";"17,3";"873,5";"873,6";"873,0";"0,0";"96,0";"1,7";"16,70";"0,0"
"01/12/2025";"2300";"19,3";"19,4";"18,6";"89,0";"93,0";"89,0";"17,4";"17,8";"17,2";"873,9";"874,0";"873,5";"0,7";"4,0";"1,6";"";"0,0"
"02/12/2025";"0000";"18,9";"19,5";"18,5";"88,0";"91,0";"88,0";"16,9";"18,0";"16,7";"874,0";"874,0";"873,6";"1,2";"24,0";"1,9";"";"0,0"
"02/12/2025";"0100";"19,2";"19,2";"18,2";"89,0";"91,0";"87,0";"17,2";"17,2";"16,7";"874,9";"874,9";"874,0";"0,5";"18,0";"1,9";"";"0,0"
"02/12/2025";"0200";"19,0";"20,0";"18,9";"87,0";"89,0";"79,0";"16,7";"17,4";"16,3";"875,2";"875,3";"874,9";"0,6";"253,0";"2,2";"";"0,0"
"02/12/2025";"0300";"18,3";"19,0";"18,0";"89,0";"89,0";"85,0";"16,4";"16,7";"16,1";"874,8";"875,2";"874,8";"0,7";"337,0";"3,0";"";"0,0"
"02/12/2025";"0400";"17,5";"18,3";"17,4";"93,0";"93,0";"89,0";"16,3";"16,7";"16,1";"874,1";"874,8";"874,1";"0,3";"321,0";"2,0";"";"0,0"
"02/12/2025";"0500";"17,6";"19,1";"17,4";"88,0";"93,0";"82,0";"15,5";"16,4";"15,5";"873,1";"874,1";"873,1";"0,5";"45,0";"2,9";"";"0,0"
"02/12/2025";"0600";"18,2";"18,6";"17,6";"84,0";"88,0";"83,0";"15,5";"15,3";"";"873,3";"873,1";"";"";"2,9";"";"";""
"02/12/2025";"0700";"17,1";"18,2";"16,8";"88,0";"90,0";"84,0";"15,0";"15,6";"14,9";"873,1";"873,2";"873,0";"0,9";"17,0";"1,8";"";"0,0"
"02/12/2025";"0800";"16,2";"17,2";"16,0";"90,0";"91,0";"86,0";"14,6";"15,1";"14,3";"873,4";"873,4";"873,0";"1,1";"313,0";"2,5";"";"0,0"
"02/12/2025";"0900";"16,5";"16,5";"15,6";"90,0";"91,0";"88,0";"14,7";"14,7";"14,1";"874,2";"874,2";"873,4";"1,8";"279,0";"3,0";"24,00";"0,0"
"02/12/2025";"1000";"20,6";"20,6";"16,5";"78,0";"90,0";"78,0";"16,6";"17,2";"14,8";"875,1";"875,1";"874,2";"0,3";"272,0";"2,4";"411,20";"0,0"
"02/12/2025";"1100";"22,8";"22,9";"20,6";"65,0";"79,0";"63,0";"16,0";"17,6";"15,5";"875,7";"875,7";"875,1";"0,1";"206,0";"1,2";"1137,60";"0,0"
"02/12/2025";"1200";"25,0";"25,0";"22,7";"52,0";"71,0";"47,0";"14,3";"18,0";"13,1";"875,8";"875,8";"875,6";"0,8";"131,0";"2,6";"1878,70";"0,0"
"02/12/2025";"1300";"25,8";"26,4";"24,9";"54,0";"56,0";"46,0";"15,9";"16,1";"13,2";"875,8";"875,9";"875,7";"2,1";"60,0";"5,1";"2528,90";"0,0"
"02/12/2025";"1400";"24,9";"26,8";"24,3";"60,0";"65,0";"51,0";"16,6";"17,4";"15,5";"875,3";"875,8";"875,3";"2,4";"285,0";"5,1";"2031,70";"0,0"
"02/12/2025";"1500";"26,5";"26,7";"24,3";"53,0";"61,0";"53,0";"16,2";"17,3";"15,2";"874,6";"875,3";"874,6";"3,9";"294,0";"6,6";"2426,50";"0,0"
"02/12/2025";"1600";"25,5";"26,4";"24,5";"56,0";"61,0";"51,0";"16,2";"16,8";"14,8";"873,8";"874,6";"873,8";"0,9";"281,0";"7,1";"1157,90";"0,0"
"02/12/2025";"1700";"22,6";"25,7";"22,6";"69,0";"70,0";"56,0";"16,6";"18,4";"16,0";"873,6";"873,8";"873,4";"4,4";"259,0";"7,6";"914,40";"0,0"
"02/12/2025";"1800";"19,3";"22,6";"19,3";"92,0";"92,0";"69,0";"18,0";"18,5";"16,3";"874,4";"874,5";"873,6";"1,3";"97,0";"9,4";"95,50";"1,2"
"02/12/2025";"1900";"18,6";"19,4";"18,6";"95,0";"95,0";"92,0";"17,8";"18,2";"17,7";"873,1";"874,4";"873,1";"2,8";"249,0";"6,2";"158,40";"3,4"
"02/12/2025";"2000";"19,3";"19,4";"18,6";"93,0";"95,0";"93,0";"18,2";"18,4";"17,8";"872,2";"873,1";"872,1";"2,7";"258,0";"4,8";"561,60";"0,0"
"02/12/2025";"2100";"19,3";"19,5";"19,3";"92,0";"93,0";"92,0";"18,0";"18,3";"18,0";"872,8";"872,8";"872,2";"0,6";"269,0";"4,5";"270,50";"0,0"
"02/12/2025";"2200";"18,4";"19,3";"18,4";"93,0";"93,0";"91,0";"17,2";"17,9";"17,2";"873,7";"873,7";"872,8";"0,1";"23,0";"4,9";"24,00";"0,0"
"02/12/2025";"2300";"18,4";"18,6";"18,1";"96,0";"96,0";"93,0";"17,6";"17,6";"17,0";"874,4";"874,5";"873,7";"0,9";"12,0";"1,6";"";"0,0"
"03/12/2025";"0000";"18,3";"18,6";"18,2";"95,0";"96,0";"95,0";"17,6";"17,8";"17,5";"875,2";"875,2";"874,4";"0,5";"74,0";"1,6";"";"0,0"
"03/12/2025";"0100";"18,7";"18,8";"18,3";"94,0";"95,0";"93,0";"17,7";"17,7";"17,5";"875,2";"875,5";"875,2";"1,4";"38,0";"4,0";"";"0,0"
"03/12/2025";"0200";"18,5";"18,7";"18,5";"95,0";"95,0";"94,0";"17,7";"17,7";"17,6";"875,5";"875,5";"875,2";"0,0";"84,0";"3,1";"";"0,0"
"03/12/2025";"0300";"17,9";"18,5";"17,9";"95,0";"95,0";"95,0";"17,1";"17,7";"17,0";"875,0";"875,5";"875,0";"0,6";"253,0";"2,0";"";"0,0"
"03/12/2025";"0400";"18,1";"18,2";"17,5";"92,0";"96,0";"92,0";"16,9";"17,3";"16,7";"874,5";"875,0";"874,5";"0,6";"333,0";"1,8";"";"0,0"
"03/12/2025";"0500";"18,5";"18,7";"18,1";"88,0";"93,0";"86,0";"16,5";"16,9";"16,3";"874,1";"874,5";"874,1";"0,4";"330,0";"2,8";"";"0,0"
"03/12/2025";"0600";"18,4";"18,6";"18,2";"90,0";"92,0";"88,0";"16,7";"17,0";"16,5";"874,1";"874,1";"873,8";"0,2";"273,0";"1,5";"";"0,0"
"03/12/2025";"0700";"18,6";"18,6";"18,2";"86,0";"91,0";"86,0";"16,2";"16,9";"16,1";"874,2";"874,2";"874,0";"1,3";"9,0";"2,1";"";"0,0"
"03/12/2025";"0800";"17,9";"18,6";"17,8";"93,0";"93,0";"86,0";"16,8";"17,0";"16,1";"874,1";"874,2";"874,1";"0,9";"277,0";"2,1";"";"0,0"
"03/12/2025";"0900";"19,0";"19,0";"17,7";"84,0";"94,0";"83,0";"16,2";"16,8";"16,1";"874,8";"874,8";"874,1";"1,0";"351,0";"2,6";"18,70";"0,0"
"03/12/2025";"1000";"19,7";"19,7";"18,8";"87,0";"91,0";"82,0";"17,4";"17,6";"16,0";"875,3";"875,3";"874,7";"0,0";"135,0";"2,5";"196,50";"0,2"
"03/12/2025";"1100";"22,0";"22,1";"19,7";"73,0";"86,0";"73,0";"16,9";"17,9";"16,1";"875,7";"875,7";"875,3";"0,8";"78,0";"1,9";"797,30";"0,0"
"03/12/2025";"1200";"22,0";"22,2";"21,5";"72,0";"77,0";"70,0";"16,8";"17,9";"16,4";"876,3";"876,3";"875,7";"0,8";"84,0";"2,1";"867,90";"0,0"
"03/12/2025";"1300";"23,7";"23,7";"22,0";"68,0";"76,0";"68,0";"17,4";"18,1";"16,8";"876,1";"876,3";"876,1";"0,7";"123,0";"2,5";"1415,70";"0,0"
"03/12/2025";"1400";"25,3";"26,3";"23,6";"59,0";"72,0";"57,0";"16,7";"18,6";"16,4";"875,6";"876,2";"875,5";"1,7";"107,0";"9,5";"2766,50";"0,0"
"03/12/2025";"1500";"26,6";"27,3";"25,3";"57,0";"62,0";"48,0";"17,4";"18,1";"14,9";"875,0";"875,6";"875,0";"0,9";"16,0";"7,1";"2250,50";"0,0"
"03/12/2025";"1600";"27,9";"28,1";"26,3";"51,0";"59,0";"39,0";"16,9";"17,9";"12,2";"873,7";"875,0";"873,7";"2,8";"75,0";"5,6";"2745,20";"0,0"
"03/12/2025";"1700";"19,9";"28,2";"19,9";"80,0";"80,0";"49,0";"16,3";"17,4";"15,2";"873,2";"873,7";"873,1";"6,0";"50,0";"11,5";"694,40";"0,0"
"03/12/2025";"1800";"22,4";"22,4";"18,6";"72,0";"92,0";"72,0";"17,0";"19,4";"16,3";"872,4";"873,2";"872,3";"0,5";"53,0";"11,5";"672,40";"0,6"
"03/12/2025";"1900";"22,5";"24,2";"22,0";"75,0";"79,0";"61,0";"17,9";"18,5";"16,3";"872,2";"872,4";"872,2";"3,1";"282,0";"6,7";"796,70";"0,0"
"03/12/2025";"2000";"22,8";"23,1";"22,4";"70,0";"76,0";"69,0";"16,9";"18,2";"16,9";"872,6";"872,6";"872,2";"2,9";"256,0";"5,8";"527,00";"0,0"
"03/12/2025";"2100";"22,1";"22,8";"22,1";"73,0";"74,0";"69,0";"17,1";"17,4";"16,9";"873,4";"873,4";"872,6";"2,3";"270,0";"5,0";"229,00";"0,0"
"03/12/2025";"2200";"20,5";"22,1";"20,5";"77,0";"79,0";"73,0";"16,4";"17,1";"16,4";"873,8";"873,8";"873,3";"2,4";"274,0";"4,0";"7,40";"0,0"
"03/12/2025";"2300";"20,4";"20,6";"20,4";"77,0";"78,0";"75,0";"16,3";"16,4";"16,0";"874,9";"874,9";"873,8";"1,6";"277,0";"3,7";"";"0,0"
"04/12/2025";"0000";"20,2";"20,4";"20,2";"84,0";"84,0";"77,0";"17,4";"17,4";"16,3";"875,4";"875,4";"874,9";"1,2";"257,0";"3,2";"";"0,0"
"04/12/2025";"0100";"19,1";"20,2";"19,1";"89,0";"89,0";"84,0";"17,3";"17,5";"17,2";"875,8";"875,8";"875,4";"1,1";"275,0";"2,3";"";"0,0"
"04/12/2025";"0200";"19,3";"19,3";"19,0";"90,0";"91,0";"89,0";"17,7";"17,7";"17,3";"876,0";"876,0";"875,7";"0,6";"237,0";"2,2";"";"0,0"
"04/12/2025";"0300";"19,1";"19,5";"19,1";"91,0";"91,0";"89,0";"17,6";"17,7";"17,5";"875,3";"876,0";"875,3";"1,0";"224,0";"3,4";"";"0,0"
"04/12/2025";"0400";"18,1";"19,3";"18,1";"93,0";"93,0";"90,0";"16,9";"17,9";"16,9";"875,0";"875,4";"875,0";"4,6";"290,0";"7,5";"";"0,6"
"04/12/2025";"0500";"18,4";"18,4";"18,1";"96,0";"96,0";"93,0";"17,7";"17,8";"17,0";"874,3";"875,0";"874,3";"2,0";"250,0";"7,5";"";"5,6"
"04/12/2025";"0600";"18,1";"18,4";"18,1";"96,0";"96,0";"96,0";"17,5";"17,8";"17,4";"874,0";"874,3";"874,0";"0,0";"30,0";"3,6";"";"2,0"
"04/12/2025";"0700";"17,9";"18,3";"17,9";"96,0";"96,0";"96,0";"17,3";"17,6";"17,3";"874,1";"874,1";"874,0";"1,3";"7,0";"2,3";"";"0,0"
"04/12/2025";"0800";"18,2";"18,2";"17,9";"96,0";"96,0";"96,0";"17,6";"17,6";"17,3";"874,2";"874,2";"874,1";"0,0";"165,0";"2,3";"";"0,2"
"04/12/2025";"0900";"18,1";"18,2";"17,9";"97,0";"97,0";"96,0";"17,5";"17,6";"17,3";"874,6";"874,6";"874,2";"0,0";"17,0";"0,6";"10,50";"0,0"
"04/12/2025";"1000";"18,6";"18,7";"18,1";"96,0";"97,0";"96,0";"18,0";"18,1";"17,5";"875,3";"875,3";"874,6";"0,0";"48,0";"0,5";"125,40";"0,0"
"04/12/2025";"1100";"18,3";"19,5";"18,2";"93,0";"96,0";"89,0";"17,1";"18,2";"16,8";"876,0";"876,0";"875,3";"4,2";"298,0";"10,0";"326,80";"0,0"
"04/12/2025";"1200";"17,5";"18,4";"17,3";"93,0";"95,0";"92,0";"16,4";"17,4";"16,1";"876,9";"876,9";"876,0";"2,8";"294,0";"10,0";"172,60";"5,0"
"04/12/2025";"1300";"19,6";"19,7";"17,5";"92,0";"94,0";"91,0";"18,2";"18,3";"16,4";"876,4";"876,9";"876,4";"2,6";"308,0";"6,7";"877,10";"3,2"
"04/12/2025";"1400";"20,7";"21,2";"19,4";"82,0";"92,0";"79,0";"17,6";"18,9";"17,1";"876,1";"876,4";"876,1";"3,6";"287,0";"6,8";"1702,30";"0,2"
"04/12/2025";"1500";"20,8";"21,5";"20,1";"80,0";"85,0";"78,0";"17,2";"18,2";"16,9";"875,2";"876,1";"875,2";"4,9";"293,0";"9,8";"1920,30";"0,0"
"04/12/2025";"1600";"21,7";"22,7";"20,8";"75,0";"81,0";"72,0";"17,2";"18,1";"16,7";"874,4";"875,2";"874,4";"4,7";"280,0";"10,1";"2632,40";"0,0"
"04/12/2025";"1700";"21,8";"23,0";"21,6";"74,0";"77,0";"68,0";"16,9";"17,9";"16,2";"873,5";"874,4";"873,5";"3,4";"277,0";"9,6";"2329,40";"0,0"
"04/12/2025";"1800";"23,3";"23,3";"20,5";"68,0";"85,0";"68,0";"17,2";"18,2";"16,6";"872,9";"873,5";"872,9";"4,1";"271,0";"8,2";"1661,00";"0,0"
"04/12/2025";"1900";"23,3";"24,0";"22,2";"67,0";"70,0";"64,0";"16,7";"17,5";"16,0";"872,4";"872,9";"872,4";"3,6";"279,0";"8,0";"2052,50";"0,0"
"04/12/2025";"2000";"21,3";"23,2";"20,8";"76,0";"78,0";"66,0";"16,9";"17,2";"16,2";"872,5";"872,6";"872,4";"2,6";"263,0";"6,8";"691,60";"0,0"
"04/12/2025";"2100";"19,9";"21,3";"19,9";"82,0";"82,0";"76,0";"16,7";"17,2";"16,7";"872,9";"872,9";"872,5";"2,4";"270,0";"5,4";"307,40";"0,0"
"04/12/2025";"2200";"19,2";"19,9";"19,2";"88,0";"88,0";"82,0";"17,1";"17,1";"16,7";"873,8";"873,8";"872,9";"1,7";"264,0";"5,1";"7,10";"0,0"
"04/12/2025";"2300";"18,8";"19,2";"18,7";"90,0";"91,0";"88,0";"17,1";"17,2";"17,0";"874,4";"874,4";"873,7";"1,2";"274,0";"3,2";"";"0,0"
"05/12/2025";"0000";"18,5";"19,0";"18,5";"91,0";"91,0";"88,0";"17,1";"17,2";"16,9";"875,1";"875,1";"874,4";"0,3";"30,0";"3,2";"";"0,0"
"05/12/2025";"0100";"18,6";"19,0";"18,5";"91,0";"92,0";"90,0";"17,0";"17,5";"17,0";"875,7";"875,7";"875,1";"0,7";"13,0";"1,6";"";"0,0"
"05/12/2025";"0200";"18,6";"18,8";"18,5";"91,0";"91,0";"89,0";"17,0";"17,1";"16,8";"875,7";"875,8";"875,7";"0,3";"44,0";"1,9";"";"0,0"
"05/12/2025";"0300";"18,6";"18,6";"18,4";"91,0";"91,0";"90,0";"17,0";"17,2";"16,9";"875,3";"875,7";"875,3";"0,9";"299,0";"1,8";"";"0,0"
"05/12/2025";"0400";"18,3";"18,6";"18,3";"92,0";"93,0";"91,0";"17,0";"17,3";"17,0";"874,7";"875,3";"874,7";"0,0";"293,0";"1,8";"";"0,0"
"05/12/2025";"0500";"18,3";"18,5";"18,2";"91,0";"92,0";"89,0";"16,8";"17,1";"16,6";"874,1";"874,6";"874,1";"0,0";"262,0";"1,1";"";"0,0"
"05/12/2025";"0600";"18,4";"18,5";"18,2";"88,0";"91,0";"88,0";"16,3";"16,8";"16,3";"873,9";"874,1";"873,8";"0,8";"350,0";"2,4";"";"0,0"
"05/12/2025";"0700";"18,2";"18,4";"18,1";"90,0";"91,0";"87,0";"16,5";"16,8";"16,3";"873,9";"874,0";"873,8";"0,0";"38,0";"2,4";"";"0,0"
"05/12/2025";"0800";"17,1";"18,4";"17,0";"96,0";"96,0";"90,0";"16,4";"17,0";"16,3";"874,4";"874,4";"873,9";"3,5";"268,0";"7,0";"";"2,8"
"05/12/2025";"0900";"16,8";"17,1";"16,7";"93,0";"96,0";"93,0";"15,7";"16,4";"15,6";"875,0";"875,1";"874,4";"2,3";"308,0";"6,6";"9,10";"7,4"
"05/12/2025";"1000";"17,5";"17,5";"16,8";"94,0";"94,0";"93,0";"16,5";"16,5";"15,6";"875,7";"875,7";"875,0";"1,5";"293,0";"5,3";"156,10";"2,8"
"05/12/2025";"1100";"18,1";"18,5";"17,5";"94,0";"94,0";"93,0";"17,1";"17,5";"16,6";"876,2";"876,2";"875,7";"1,6";"273,0";"3,9";"469,20";"0,6"
"05/12/2025";"1200";"18,8";"18,8";"17,7";"95,0";"96,0";"94,0";"18,0";"18,0";"16,9";"876,4";"876,4";"876,1";"1,6";"279,0";"4,5";"538,20";"4,6"
"05/12/2025";"1300";"21,0";"21,0";"18,6";"86,0";"95,0";"83,0";"18,6";"18,8";"17,5";"876,5";"876,6";"876,4";"1,6";"290,0";"4,2";"1384,20";"1,0"
"05/12/2025";"1400";"21,2";"21,8";"20,3";"76,0";"86,0";"76,0";"16,8";"18,7";"16,8";"876,4";"876,6";"876,4";"2,2";"288,0";"5,8";"1220,40";"0,0"
"05/12/2025";"1500";"22,6";"22,9";"21,2";"70,0";"78,0";"69,0";"17,0";"17,7";"16,4";"875,9";"876,4";"875,9";"1,9";"300,0";"6,0";"1619,90";"0,0"
"05/12/2025";"1600";"24,2";"24,2";"22,5";"67,0";"73,0";"65,0";"17,6";"17,7";"16,2";"874,9";"875,9";"874,9";"4,0";"283,0";"8,0";"3056,40";"0,0"
"05/12/2025";"1700";"23,5";"25,0";"23,0";"69,0";"70,0";"61,0";"17,4";"18,1";"16,6";"874,1";"874,9";"874,1";"3,8";"290,0";"7,8";"2945,70";"0,0"
"05/12/2025";"1800";"23,7";"25,5";"23,5";"67,0";"69,0";"59,0";"17,1";"18,3";"16,4";"873,5";"874,2";"873,4";"4,4";"297,0";"8,5";"2879,90";"0,0"
"05/12/2025";"1900";"22,3";"24,7";"21,6";"78,0";"80,0";"67,0";"18,2";"19,2";"17,4";"872,8";"873,6";"872,8";"4,3";"300,0";"10,3";"2084,30";"0,0"
"05/12/2025";"2000";"20,8";"23,4";"20,6";"83,0";"83,0";"71,0";"17,7";"18,3";"17,4";"873,1";"873,1";"872,8";"3,6";"278,0";"8,0";"1463,60";"0,0"
"05/12/2025";"2100";"20,3";"21,0";"20,3";"80,0";"83,0";"78,0";"16,9";"17,7";"16,6";"873,7";"873,7";"873,1";"2,5";"262,0";"7,1";"333,10";"0,0"
"05/12/2025";"2200";"19,2";"20,4";"19,2";"86,0";"87,0";"80,0";"16,9";"17,1";"16,7";"874,4";"874,4";"873,7";"1,7";"258,0";"4,2";"21,70";"0,0"
"05/12/2025";"2300";"18,7";"19,3";"18,6";"89,0";"89,0";"86,0";"16,8";"17,3";"16,8";"875,1";"875,1";"874,4";"1,2";"262,0";"3,0";"";"0,0"
"06/12/2025";"0000";"17,9";"18,7";"17,9";"93,0";"93,0";"89,0";"16,7";"17,0";"16,7";"875,8";"875,8";"875,1";"0,8";"279,0";"2,1";"";""
"06/12/2025";"0100";"18,1";"18,1";"17,6";"94,0";"94,0";"92,0";"17,1";"17,1";"16,5";"876,2";"876,2";"875,8";"0,0";"246,0";"1,3";"";""
"06/12/2025";"0200";"18,8";"18,8";"18,1";"91,0";"94,0";"91,0";"17,3";"17,3";"17,1";"876,0";"876,4";"876,0";"0,9";"273,0";"3,1";"";""
"06/12/2025";"0300";"18,6";"18,9";"18,6";"92,0";"93,0";"90,0";"17,4";"17,5";"17,2";"875,9";"876,0";"875,8";"2,1";"282,0";"4,7";"";""
"06/12/2025";"0400";"18,5";"18,7";"18,5";"94,0";"94,0";"92,0";"17,5";"17,7";"17,4";"875,1";"875,9";"875,1";"0,0";"324,0";"3,9";"";""
"06/12/2025";"0500";"18,5";"18,6";"18,5";"95,0";"95,0";"94,0";"17,6";"17,8";"17,5";"874,4";"875,1";"874,4";"0,0";"154,0";"1,1";"";""
"06/12/2025";"0600";"18,6";"18,7";"18,2";"93,0";"95,0";"93,0";"17,5";"17,8";"17,1";"874,4";"874,4";"874,3";"0,5";"107,0";"1,6";"";""
"06/12/2025";"0700";"18,4";"18,8";"18,4";"93,0";"94,0";"92,0";"17,3";"17,6";"17,2";"874,4";"874,4";"874,4";"0,0";"310,0";"1,6";"";""
"06/12/2025";"0800";"18,3";"18,5";"18,2";"94,0";"94,0";"93,0";"17,3";"17,4";"17,2";"874,7";"874,7";"874,3";"0,1";"197,0";"3,1";"";""
"06/12/2025";"0900";"18,3";"18,3";"18,0";"96,0";"96,0";"94,0";"17,6";"17,6";"17,1";"875,4";"875,4";"874,7";"0,0";"29,0";"0,8";"15,10";""
"06/12/2025";"1000";"18,9";"18,9";"18,3";"95,0";"96,0";"94,0";"18,0";"18,1";"17,6";"876,0";"876,0";"875,4";"1,0";"80,0";"1,7";"234,80";""
"06/12/2025";"1100";"19,0";"19,0";"18,6";"94,0";"95,0";"94,0";"18,1";"18,1";"17,7";"876,7";"876,7";"876,0";"0,6";"43,0";"2,3";"215,00";""
"06/12/2025";"1200";"19,9";"19,9";"18,8";"90,0";"94,0";"90,0";"18,2";"18,6";"17,5";"877,0";"877,0";"876,7";"1,8";"285,0";"3,3";"542,00";""
"06/12/2025";"1300";"20,1";"20,8";"19,5";"90,0";"92,0";"84,0";"18,5";"19,0";"17,7";"877,3";"877,3";"877,0";"2,1";"310,0";"5,5";"1021,20";""
"06/12/2025";"1400";"21,4";"21,5";"20,1";"78,0";"91,0";"78,0";"17,4";"18,9";"17,3";"877,1";"877,4";"877,1";"1,3";"297,0";"4,9";"1135,90";""
"06/12/2025";"1500";"20,2";"21,7";"20,1";"92,0";"92,0";"77,0";"18,8";"19,1";"17,0";"876,8";"877,2";"876,8";"1,9";"52,0";"3,6";"708,10";""
"06/12/2025";"1600";"20,1";"20,2";"19,6";"94,0";"94,0";"92,0";"19,1";"19,1";"18,4";"876,5";"876,8";"876,5";"1,7";"55,0";"4,3";"528,60";""
"06/12/2025";"1700";"20,1";"20,6";"19,6";"91,0";"94,0";"89,0";"18,6";"19,1";"18,3";"876,0";"876,5";"876,0";"3,6";"62,0";"6,3";"950,10";""
"06/12/2025";"1800";"18,1";"20,1";"18,0";"95,0";"95,0";"89,0";"17,3";"18,4";"16,6";"876,0";"876,2";"876,0";"0,3";"48,0";"6,9";"145,70";""
"06/12/2025";"1900";"18,2";"18,3";"18,0";"96,0";"96,0";"95,0";"17,5";"17,6";"17,2";"875,6";"876,0";"875,6";"0,0";"74,0";"1,8";"96,90";""
"06/12/2025";"2000";"18,3";"18,4";"18,1";"96,0";"96,0";"96,0";"17,6";"17,7";"17,4";"875,4";"875,6";"875,4";"0,0";"68,0";"2,2";"116,00";""
"06/12/2025";"2100";"18,0";"18,4";"17,9";"96,0";"96,0";"96,0";"17,3";"17,7";"17,3";"875,2";"875,4";"875,2";"0,2";"22,0";"1,8";"52,00";""
"06/12/2025";"2200";"17,7";"18,1";"17,7";"94,0";"96,0";"94,0";"16,8";"17,4";"16,8";"875,3";"875,3";"875,1";"0,3";"27,0";"2,4";"2,40";""
"06/12/2025";"2300";"17,9";"17,9";"17,7";"92,0";"95,0";"91,0";"16,7";"16,9";"16,5";"875,9";"875,9";"875,3";"0,3";"149,0";"4,1";"";""
"07/12/2025";"0000";"17,4";"18,0";"17,4";"91,0";"94,0";"87,0";"15,9";"16,7";"15,6";"876,3";"876,3";"875,9";"1,0";"45,0";"5,4";"";""
"07/12/2025";"0100";"16,9";"17,4";"16,8";"94,0";"94,0";"90,0";"15,9";"16,0";"15,7";"876,8";"876,8";"876,3";"1,5";"64,0";"3,0";"";""
"07/12/2025";"0200";"16,8";"16,9";"16,7";"93,0";"95,0";"93,0";"15,6";"16,0";"15,6";"877,3";"877,3";"876,8";"1,8";"22,0";"2,7";"";""
"07/12/2025";"0300";"17,2";"17,3";"16,9";"96,0";"96,0";"93,0";"16,6";"16,6";"15,7";"877,2";"877,5";"877,2";"2,4";"25,0";"4,2";"";""
"07/12/2025";"0400";"17,2";"17,3";"17,2";"96,0";"96,0";"96,0";"16,6";"16,7";"16,5";"876,6";"877,2";"876,6";"1,5";"47,0";"4,2";"";""
"07/12/2025";"0500";"17,2";"17,3";"17,2";"96,0";"96,0";"96,0";"16,7";"16,7";"16,6";"876,1";"876,6";"876,1";"2,7";"43,0";"5,2";"";""
"07/12/2025";"0600";"17,4";"17,4";"17,2";"95,0";"96,0";"95,0";"16,6";"16,7";"16,6";"875,8";"876,0";"875,8";"2,2";"39,0";"5,2";"";""
"07/12/2025";"0700";"17,3";"17,4";"17,3";"95,0";"95,0";"95,0";"16,5";"16,6";"16,5";"875,9";"875,9";"875,7";"1,3";"32,0";"3,9";"";""
"07/12/2025";"0800";"17,3";"17,3";"17,2";"96,0";"96,0";"95,0";"16,6";"16,6";"16,5";"876,3";"876,3";"875,9";"0,0";"67,0";"2,6";"";""
"07/12/2025";"0900";"17,4";"17,4";"17,2";"96,0";"96,0";"96,0";"16,7";"16,7";"16,5";"876,6";"876,6";"876,2";"1,9";"31,0";"3,2";"34,30";""
"07/12/2025";"1000";"17,8";"17,8";"17,4";"94,0";"96,0";"94,0";"16,8";"16,8";"16,6";"877,1";"877,1";"876,6";"3,8";"42,0";"6,6";"233,10";""
"07/12/2025";"1100";"18,5";"18,6";"17,8";"93,0";"95,0";"92,0";"17,3";"17,6";"16,8";"877,7";"877,7";"877,1";"3,1";"46,0";"7,6";"734,20";""
"07/12/2025";"1200";"19,7";"20,0";"18,4";"85,0";"93,0";"83,0";"17,2";"17,8";"16,7";"878,3";"878,3";"877,6";"3,2";"37,0";"6,5";"1156,00";""
"07/12/2025";"1300";"21,1";"21,1";"19,6";"80,0";"86,0";"79,0";"17,6";"17,8";"16,7";"878,2";"878,3";"878,2";"3,7";"37,0";"7,9";"1259,30";""
"07/12/2025";"1400";"23,0";"23,0";"20,8";"71,0";"81,0";"70,0";"17,6";"18,0";"16,5";"877,8";"878,2";"877,8";"4,1";"36,0";"7,7";"2857,80";""
"07/12/2025";"1500";"24,3";"24,3";"22,8";"65,0";"73,0";"62,0";"17,2";"18,5";"16,0";"877,6";"877,9";"877,6";"3,5";"11,0";"8,3";"2860,60";""
"07/12/2025";"1600";"23,0";"24,4";"23,0";"66,0";"68,0";"60,0";"16,4";"17,4";"15,8";"876,9";"877,6";"876,9";"4,0";"336,0";"8,6";"2061,50";""
"07/12/2025";"1700";"23,7";"23,7";"21,5";"65,0";"74,0";"65,0";"16,8";"17,1";"15,9";"876,1";"876,9";"876,1";"2,5";"342,0";"8,8";"1192,00";""
"07/12/2025";"1800";"23,4";"25,9";"22,9";"68,0";"69,0";"58,0";"17,1";"17,8";"15,9";"875,2";"876,1";"875,2";"2,7";"339,0";"8,4";"1954,20";""
"07/12/2025";"1900";"23,0";"25,8";"23,0";"63,0";"69,0";"58,0";"15,6";"18,0";"15,5";"874,7";"875,3";"874,6";"3,7";"5,0";"8,9";"2105,20";""
"07/12/2025";"2000";"23,4";"24,7";"22,6";"66,0";"69,0";"60,0";"16,8";"17,0";"15,3";"874,5";"874,7";"874,4";"3,3";"8,0";"7,4";"1069,10";""
"07/12/2025";"2100";"21,3";"23,5";"21,3";"74,0";"74,0";"64,0";"16,3";"16,8";"15,7";"874,8";"874,8";"874,3";"2,1";"345,0";"7,1";"290,60";""
"07/12/2025";"2200";"20,4";"21,3";"20,4";"79,0";"79,0";"73,0";"16,7";"16,7";"16,2";"875,2";"875,3";"874,7";"1,5";"351,0";"5,8";"17,80";""
"07/12/2025";"2300";"19,6";"20,4";"19,6";"76,0";"80,0";"76,0";"15,3";"16,7";"15,2";"875,8";"875,8";"875,2";"1,9";"21,0";"5,5";"";""
"08/12/2025";"0000";"19,1";"19,6";"19,0";"82,0";"83,0";"76,0";"16,0";"16,1";"15,3";"876,4";"876,4";"875,8";"0,7";"280,0";"5,5";"";""
"08/12/2025";"0100";"18,9";"19,6";"18,9";"85,0";"85,0";"80,0";"16,3";"16,4";"15,9";"876,9";"877,0";"876,3";"0,3";"245,0";"4,0";"";""
"08/12/2025";"0200";"18,2";"19,0";"18,1";"88,0";"89,0";"85,0";"16,2";"16,7";"16,1";"877,3";"877,4";"876,9";"0,1";"309,0";"1,4";"";""
"08/12/2025";"0300";"18,2";"18,4";"18,1";"89,0";"89,0";"87,0";"16,4";"16,4";"16,1";"877,2";"877,3";"877,1";"0,6";"9,0";"1,5";"";""
"08/12/2025";"0400";"18,0";"18,5";"18,0";"91,0";"91,0";"89,0";"16,5";"16,8";"16,4";"876,4";"877,2";"876,4";"0,0";"346,0";"1,5";"";""
"08/12/2025";"0500";"17,9";"18,1";"17,8";"90,0";"92,0";"90,0";"16,2";"16,6";"16,2";"875,8";"876,4";"875,8";"0,5";"34,0";"1,3";"";""
"08/12/2025";"0600";"17,9";"18,0";"17,6";"92,0";"92,0";"90,0";"16,6";"16,7";"16,1";"875,6";"875,8";"875,6";"0,2";"352,0";"1,3";"";""
"08/12/2025";"0700";"18,2";"18,3";"17,9";"90,0";"92,0";"87,0";"16,5";"16,6";"16,0";"875,8";"875,8";"875,6";"0,2";"224,0";"1,7";"";""
"08/12/2025";"0800";"18,1";"18,2";"17,9";"90,0";"92,0";"90,0";"16,4";"16,6";"16,4";"875,9";"875,9";"875,7";"0,4";"29,0";"1,2";"";""
"08/12/2025";"0900";"18,6";"18,6";"18,1";"89,0";"91,0";"88,0";"16,7";"16,8";"16,3";"876,3";"876,3";"875,9";"0,3";"47,0";"1,8";"8,80";""
"08/12/2025";"1000";"19,3";"19,3";"18,5";"87,0";"91,0";"87,0";"17,0";"17,3";"16,6";"877,0";"877,0";"876,3";"1,0";"358,0";"1,4";"108,30";""
"08/12/2025";"1100";"20,7";"21,0";"19,3";"79,0";"87,0";"78,0";"17,1";"17,8";"16,6";"877,2";"877,2";"876,9";"2,2";"59,0";"4,3";"708,20";""
"08/12/2025";"1200";"22,3";"22,3";"20,1";"78,0";"84,0";"76,0";"18,4";"18,4";"16,8";"877,6";"877,6";"877,2";"1,5";"53,0";"5,6";"840,40";""
"08/12/2025";"1300";"23,0";"24,5";"22,0";"70,0";"78,0";"65,0";"17,3";"18,5";"16,9";"877,4";"877,7";"877,4";"3,3";"63,0";"7,8";"2826,60";""
"08/12/2025";"1400";"21,8";"24,1";"21,8";"76,0";"76,0";"66,0";"17,3";"18,7";"16,5";"876,9";"877,4";"876,8";"3,1";"43,0";"7,8";"1481,70";""
"08/12/2025";"1500";"21,5";"21,8";"20,7";"77,0";"84,0";"74,0";"17,3";"18,0";"15,9";"876,6";"877,0";"876,6";"2,9";"25,0";"6,3";"666,60";""
"08/12/2025";"1600";"20,0";"21,7";"20,0";"87,0";"87,0";"74,0";"17,7";"18,1";"16,4";"876,3";"876,7";"876,3";"1,7";"293,0";"5,3";"343,70";""
"08/12/2025";"1700";"19,2";"20,0";"19,2";"90,0";"91,0";"82,0";"17,6";"17,9";"16,6";"875,6";"876,3";"875,6";"2,7";"276,0";"5,4";"227,40";""
"08/12/2025";"1800";"20,8";"21,3";"19,1";"81,0";"91,0";"79,0";"17,3";"18,1";"17,2";"874,5";"875,6";"874,5";"1,9";"275,0";"6,4";"1025,60";""
"08/12/2025";"1900";"20,8";"21,6";"20,8";"81,0";"82,0";"75,0";"17,4";"17,8";"16,8";"874,6";"874,6";"874,5";"2,7";"36,0";"4,6";"790,90";""
"08/12/2025";"2000";"21,1";"21,2";"20,8";"80,0";"82,0";"77,0";"17,5";"17,7";"16,9";"874,6";"874,7";"874,6";"0,1";"181,0";"4,6";"335,00";""
"08/12/2025";"2100";"20,2";"21,1";"20,2";"86,0";"87,0";"79,0";"17,9";"18,0";"17,3";"874,6";"874,6";"874,4";"0,1";"200,0";"2,3";"318,70";""
"08/12/2025";"2200";"19,2";"20,2";"19,2";"93,0";"93,0";"86,0";"18,1";"18,1";"17,5";"875,4";"875,4";"874,6";"2,0";"27,0";"4,4";"7,70";""
"08/12/2025";"2300";"19,0";"19,3";"19,0";"93,0";"93,0";"92,0";"17,7";"18,1";"17,7";"876,3";"876,3";"875,4";"1,6";"51,0";"3,4";"";""
"09/12/2025";"0000";"18,6";"19,0";"18,6";"93,0";"94,0";"93,0";"17,5";"17,8";"17,5";"876,8";"876,8";"876,3";"0,7";"4,0";"2,5";"";""
"09/12/2025";"0100";"18,7";"18,8";"18,6";"92,0";"93,0";"91,0";"17,4";"17,6";"17,3";"877,4";"877,4";"876,8";"0,3";"349,0";"1,8";"";""
"09/12/2025";"0200";"18,3";"18,8";"18,2";"92,0";"93,0";"88,0";"16,9";"17,6";"16,5";"877,5";"877,6";"877,4";"0,1";"47,0";"3,7";"";""
"09/12/2025";"0300";"18,4";"18,5";"18,1";"93,0";"93,0";"91,0";"17,3";"17,3";"16,8";"877,2";"877,5";"877,2";"1,1";"308,0";"2,4";"";""
"09/12/2025";"0400";"18,0";"18,4";"17,8";"91,0";"93,0";"91,0";"16,6";"17,3";"16,5";"876,5";"877,2";"876,5";"1,6";"296,0";"4,4";"";""
"09/12/2025";"0500";"18,2";"18,5";"18,1";"89,0";"91,0";"88,0";"16,3";"16,6";"16,3";"876,0";"876,5";"876,0";"2,3";"299,0";"6,7";"";""
"09/12/2025";"0600";"18,0";"18,3";"18,0";"87,0";"90,0";"87,0";"15,9";"16,4";"15,8";"875,9";"876,0";"875,8";"1,0";"315,0";"6,1";"";""
"09/12/2025";"0700";"17,8";"18,2";"17,8";"88,0";"88,0";"86,0";"15,8";"15,9";"15,7";"875,7";"875,9";"875,7";"1,5";"285,0";"4,1";"";""
"09/12/2025";"0800";"17,6";"17,8";"17,4";"89,0";"90,0";"88,0";"15,7";"16,0";"15,7";"875,8";"875,8";"875,7";"2,0";"328,0";"4,8";"";""
"09/12/2025";"0900";"17,8";"17,8";"17,5";"86,0";"90,0";"86,0";"15,4";"15,8";"15,3";"876,2";"876,2";"875,8";"2,5";"340,0";"6,6";"8,10";""
"09/12/2025";"1000";"18,2";"18,3";"17,8";"86,0";"88,0";"86,0";"15,9";"16,0";"15,5";"876,9";"876,9";"876,2";"3,2";"335,0";"7,1";"150,60";""
"09/12/2025";"1100";"18,7";"18,9";"17,9";"85,0";"89,0";"85,0";"16,2";"16,6";"15,9";"877,2";"877,2";"876,9";"3,5";"347,0";"7,1";"379,40";""
"09/12/2025";"1200";"20,2";"20,2";"18,7";"80,0";"86,0";"79,0";"16,7";"16,8";"16,0";"877,4";"877,4";"877,2";"2,3";"15,0";"7,0";"754,60";""
"09/12/2025";"1300";"20,4";"21,1";"20,1";"77,0";"80,0";"74,0";"16,3";"16,8";"16,0";"877,6";"877,6";"877,4";"4,3";"351,0";"8,6";"1213,60";""
"09/12/2025";"1400";"20,7";"21,5";"19,9";"77,0";"80,0";"73,0";"16,5";"17,2";"15,9";"877,4";"877,7";"877,4";"2,7";"349,0";"7,8";"869,70";""
"09/12/2025";"1500";"19,5";"20,7";"19,2";"85,0";"90,0";"76,0";"17,0";"18,8";"16,3";"876,9";"877,4";"876,9";"3,1";"319,0";"8,5";"1051,30";""
"09/12/2025";"1600";"21,4";"21,5";"19,5";"67,0";"87,0";"67,0";"14,9";"17,5";"14,9";"876,0";"876,9";"876,0";"4,2";"325,0";"9,4";"1242,00";""
"09/12/2025";"1700";"22,9";"23,8";"21,4";"58,0";"67,0";"55,0";"14,2";"15,1";"13,6";"874,8";"876,0";"874,7";"5,2";"357,0";"11,0";"1194,30";""
"09/12/2025";"1800";"25,2";"25,2";"22,7";"54,0";"62,0";"52,0";"15,1";"15,6";"14,1";"873,8";"874,8";"873,8";"3,9";"342,0";"10,2";"1594,60";""
"09/12/2025";"1900";"23,1";"25,4";"23,1";"65,0";"65,0";"52,0";"16,1";"16,4";"14,3";"873,5";"873,9";"873,5";"3,7";"332,0";"11,7";"1499,50";""
"09/12/2025";"2000";"21,5";"24,0";"21,5";"70,0";"71,0";"63,0";"15,8";"17,0";"15,6";"873,6";"873,6";"873,4";"4,8";"315,0";"10,1";"765,60";""
"09/12/2025";"2100";"21,1";"21,8";"21,1";"75,0";"75,0";"69,0";"16,6";"16,6";"15,9";"873,9";"873,9";"873,6";"3,0";"330,0";"10,1";"323,40";""
"09/12/2025";"2200";"20,3";"21,1";"20,3";"79,0";"80,0";"75,0";"16,5";"16,8";"16,5";"874,4";"874,4";"873,9";"3,1";"319,0";"7,5";"29,40";""
"09/12/2025";"2300";"19,8";"20,3";"19,6";"80,0";"81,0";"78,0";"16,2";"16,4";"16,1";"875,1";"875,1";"874,4";"2,1";"315,0";"7,1";"";""
"10/12/2025";"0000";"19,3";"19,8";"19,1";"80,0";"82,0";"80,0";"15,9";"16,2";"15,9";"875,6";"875,6";"875,1";"1,7";"341,0";"5,3";"";""
"10/12/2025";"0100";"20,1";"20,1";"19,3";"79,0";"81,0";"78,0";"16,4";"16,4";"15,9";"876,3";"876,3";"875,6";"2,0";"340,0";"5,8";"";""
"10/12/2025";"0200";"20,4";"20,6";"20,1";"78,0";"79,0";"76,0";"16,4";"16,4";"16,1";"876,3";"876,4";"876,2";"2,3";"336,0";"6,6";"";""
"10/12/2025";"0300";"19,7";"20,5";"19,7";"84,0";"85,0";"78,0";"17,0";"17,1";"16,4";"875,9";"876,3";"875,9";"2,0";"345,0";"6,8";"";""
"10/12/2025";"0400";"20,0";"20,2";"19,6";"79,0";"84,0";"78,0";"16,2";"17,0";"16,2";"875,2";"875,9";"875,2";"2,5";"323,0";"7,4";"";""
"10/12/2025";"0500";"20,3";"20,3";"19,7";"79,0";"82,0";"79,0";"16,5";"16,6";"16,2";"875,0";"875,3";"875,0";"2,9";"328,0";"6,8";"";""
"10/12/2025";"0600";"19,9";"20,4";"19,9";"78,0";"79,0";"76,0";"16,0";"16,5";"15,9";"874,8";"875,0";"874,6";"2,6";"329,0";"7,7";"";""
"10/12/2025";"0700";"19,8";"20,1";"19,7";"81,0";"81,0";"78,0";"16,5";"16,5";"16,0";"875,1";"875,1";"874,8";"1,8";"313,0";"6,9";"";""
"10/12/2025";"0800";"19,2";"19,8";"19,2";"86,0";"86,0";"81,0";"16,8";"16,8";"16,4";"875,3";"875,3";"875,0";"2,2";"299,0";"8,2";"";""
"10/12/2025";"0900";"19,3";"19,3";"19,2";"86,0";"87,0";"86,0";"16,9";"17,0";"16,8";"876,0";"876,0";"875,3";"1,8";"292,0";"6,9";"7,00";""
"10/12/2025";"1000";"19,8";"19,8";"19,3";"87,0";"88,0";"86,0";"17,5";"17,5";"17,0";"876,4";"876,5";"876,0";"2,4";"268,0";"5,8";"211,00";""
"10/12/2025";"1100";"20,4";"20,7";"19,7";"82,0";"87,0";"80,0";"17,3";"17,7";"17,2";"876,8";"876,8";"876,4";"4,7";"285,0";"10,2";"675,90";""
"10/12/2025";"1200";"22,0";"22,4";"20,2";"75,0";"85,0";"74,0";"17,4";"18,2";"17,2";"877,5";"877,5";"876,8";"4,6";"297,0";"8,8";"1264,60";""
"10/12/2025";"1300";"22,8";"23,0";"21,4";"71,0";"77,0";"70,0";"17,2";"17,8";"16,9";"877,7";"877,7";"877,5";"3,7";"287,0";"8,5";"1584,60";""
"10/12/2025";"1400";"24,3";"24,3";"22,3";"66,0";"73,0";"65,0";"17,4";"17,4";"16,5";"877,5";"877,7";"877,4";"3,3";"300,0";"9,0";"1608,60";""
"10/12/2025";"1500";"24,4";"25,6";"23,8";"62,0";"66,0";"59,0";"16,7";"17,7";"16,3";"876,9";"877,5";"876,9";"4,3";"265,0";"8,4";"2558,80";""
"10/12/2025";"1600";"25,8";"26,5";"24,4";"56,0";"63,0";"55,0";"16,4";"17,9";"16,0";"876,1";"876,9";"876,1";"4,1";"272,0";"9,9";"3235,20";""
"10/12/2025";"1700";"25,1";"26,5";"24,7";"57,0";"64,0";"52,0";"16,0";"17,6";"15,4";"875,3";"876,2";"875,3";"5,4";"289,0";"10,5";"2452,30";""
"10/12/2025";"1800";"25,1";"25,9";"23,7";"65,0";"68,0";"57,0";"18,0";"18,1";"15,0";"874,6";"875,3";"874,6";"3,3";"275,0";"10,6";"1930,00";""
"10/12/2025";"1900";"25,5";"25,9";"24,4";"58,0";"65,0";"54,0";"16,6";"17,4";"15,6";"873,9";"874,6";"873,9";"4,9";"297,0";"10,0";"2344,50";""
"10/12/2025";"2000";"23,0";"25,5";"23,0";"74,0";"74,0";"58,0";"18,2";"18,4";"15,9";"874,0";"874,0";"873,6";"4,7";"284,0";"9,3";"1227,40";""
"10/12/2025";"2100";"22,2";"23,0";"22,0";"69,0";"79,0";"68,0";"16,2";"18,4";"16,2";"874,2";"874,2";"874,0";"2,9";"290,0";"7,8";"339,90";""
"10/12/2025";"2200";"20,7";"22,2";"20,7";"79,0";"79,0";"69,0";"17,0";"17,0";"16,1";"875,0";"875,0";"874,2";"1,5";"279,0";"6,1";"29,80";""
"10/12/2025";"2300";"18,5";"20,7";"18,5";"89,0";"89,0";"79,0";"16,7";"17,1";"16,6";"875,6";"875,6";"875,0";"0,5";"291,0";"3,0";"";""
"11/12/2025";"0000";"19,6";"19,6";"18,4";"86,0";"91,0";"86,0";"17,1";"17,3";"16,6";"876,2";"876,2";"875,6";"1,0";"309,0";"2,2";"";""
"11/12/2025";"0100";"18,2";"19,8";"18,2";"94,0";"94,0";"84,0";"17,2";"18,0";"16,5";"876,6";"876,9";"876,2";"2,4";"262,0";"9,3";"";""
"11/12/2025";"0200";"18,7";"18,7";"18,0";"87,0";"94,0";"87,0";"16,5";"17,2";"16,5";"876,2";"876,8";"876,2";"4,0";"296,0";"7,5";"";""
"11/12/2025";"0300";"18,5";"18,7";"18,2";"91,0";"92,0";"87,0";"17,1";"17,1";"16,4";"875,5";"876,3";"875,5";"1,6";"268,0";"7,5";"";""
"11/12/2025";"0400";"18,7";"18,8";"18,5";"89,0";"92,0";"86,0";"16,9";"17,3";"16,3";"875,0";"875,5";"875,0";"1,2";"312,0";"5,7";"";""
"11/12/2025";"0500";"18,7";"18,9";"18,7";"87,0";"92,0";"87,0";"16,5";"17,3";"16,5";"874,6";"875,1";"874,6";"2,3";"270,0";"4,2";"";""
"11/12/2025";"0600";"18,9";"18,9";"18,7";"87,0";"90,0";"87,0";"16,7";"17,0";"16,5";"874,4";"874,6";"874,4";"2,0";"252,0";"4,0";"";""
"11/12/2025";"0700";"18,6";"18,9";"18,4";"84,0";"88,0";"83,0";"15,8";"16,7";"15,6";"874,3";"874,5";"874,3";"1,3";"262,0";"4,1";"";""
"11/12/2025";"0800";"18,9";"18,9";"18,6";"92,0";"92,0";"84,0";"17,6";"17,6";"15,9";"874,4";"874,4";"874,2";"0,8";"262,0";"2,4";"";""
"11/12/2025";"0900";"19,1";"19,1";"18,5";"93,0";"93,0";"90,0";"17,8";"17,8";"16,9";"875,1";"875,1";"874,3";"0,3";"254,0";"3,1";"14,50";""
"11/12/2025";"1000";"20,0";"20,2";"19,1";"89,0";"93,0";"89,0";"18,2";"18,4";"17,9";"876,0";"876,0";"875,1";"0,1";"109,0";"2,8";"222,40";""
"11/12/2025";"1100";"21,2";"21,3";"20,0";"82,0";"89,0";"82,0";"18,0";"18,7";"18,0";"876,4";"876,4";"876,0";"1,7";"309,0";"4,1";"454,00";""
"11/12/2025";"1200";"22,3";"22,3";"21,2";"76,0";"82,0";"76,0";"17,9";"18,6";"17,6";"876,9";"876,9";"876,4";"2,7";"288,0";"5,0";"949,80";""
"11/12/2025";"1300";"23,7";"23,8";"22,2";"71,0";"77,0";"69,0";"18,2";"18,4";"17,4";"877,0";"877,1";"876,9";"3,0";"300,0";"6,8";"1608,80";""
"11/12/2025";"1400";"24,7";"24,9";"23,6";"64,0";"72,0";"62,0";"17,4";"18,5";"17,0";"876,4";"877,0";"876,4";"3,3";"274,0";"7,2";"2254,90";""
"11/12/2025";"1500";"25,6";"26,1";"24,7";"61,0";"65,0";"56,0";"17,5";"18,0";"16,3";"876,1";"876,4";"876,1";"4,0";"280,0";"8,0";"3121,70";""
"11/12/2025";"1600";"25,9";"26,6";"25,0";"59,0";"62,0";"55,0";"17,2";"18,3";"16,1";"875,3";"876,1";"875,3";"2,6";"289,0";"8,0";"2908,80";""
"11/12/2025";"1700";"26,7";"27,4";"25,8";"55,0";"58,0";"52,0";"17,0";"17,9";"16,0";"874,4";"875,3";"874,4";"3,9";"275,0";"8,3";"3594,90";""
"11/12/2025";"1800";"27,0";"27,2";"24,9";"55,0";"60,0";"53,0";"17,0";"17,5";"15,9";"873,4";"874,4";"873,4";"3,3";"279,0";"7,5";"2270,80";""
"11/12/2025";"1900";"26,2";"27,0";"25,7";"62,0";"63,0";"52,0";"18,4";"18,7";"16,0";"872,9";"873,4";"872,9";"4,0";"241,0";"7,4";"2185,10";""
"11/12/2025";"2000";"25,0";"26,4";"24,7";"60,0";"63,0";"57,0";"16,7";"18,4";"16,6";"872,9";"872,9";"872,7";"3,4";"252,0";"7,4";"1433,70";""
"11/12/2025";"2100";"23,5";"25,0";"23,4";"66,0";"69,0";"60,0";"16,9";"17,5";"16,4";"873,3";"873,3";"872,8";"1,9";"274,0";"5,7";"253,00";""
"11/12/2025";"2200";"20,4";"23,5";"20,4";"81,0";"81,0";"66,0";"17,1";"17,5";"16,7";"873,7";"873,7";"873,3";"1,3";"277,0";"3,1";"27,60";""
"11/12/2025";"2300";"19,5";"20,4";"19,3";"81,0";"84,0";"80,0";"16,2";"17,0";"16,2";"874,8";"874,8";"873,7";"2,1";"304,0";"3,0";"";""
"12/12/2025";"0000";"19,0";"20,2";"19,0";"86,0";"86,0";"80,0";"16,6";"16,9";"16,2";"875,5";"875,5";"874,8";"0,0";"193,0";"4,0";"";""
"12/12/2025";"0100";"19,2";"19,8";"19,0";"89,0";"89,0";"84,0";"17,3";"17,4";"16,7";"875,9";"875,9";"875,5";"0,0";"262,0";"1,6";"";""
"12/12/2025";"0200";"19,4";"19,5";"19,1";"90,0";"90,0";"88,0";"17,6";"17,8";"17,2";"875,9";"876,1";"875,9";"0,0";"303,0";"0,6";"";""
"12/12/2025";"0300";"19,3";"19,9";"19,3";"90,0";"90,0";"86,0";"17,6";"17,8";"17,5";"875,3";"876,0";"875,3";"0,4";"312,0";"1,6";"";""
"12/12/2025";"0400";"19,6";"19,7";"19,1";"91,0";"91,0";"89,0";"18,1";"18,1";"17,6";"874,9";"875,3";"874,9";"0,2";"238,0";"2,2";"";""
"12/12/2025";"0500";"19,1";"19,6";"19,1";"92,0";"93,0";"91,0";"17,7";"18,2";"17,7";"874,6";"874,9";"874,5";"1,1";"269,0";"1,6";"";""
"12/12/2025";"0600";"18,9";"19,2";"18,8";"92,0";"93,0";"92,0";"17,6";"17,9";"17,6";"874,5";"874,6";"874,4";"0,0";"192,0";"1,4";"";""
"12/12/2025";"0700";"18,4";"18,9";"18,4";"94,0";"94,0";"92,0";"17,4";"17,7";"17,4";"874,4";"874,6";"874,4";"0,6";"242,0";"1,5";"";""
"12/12/2025";"0800";"17,2";"18,4";"17,1";"95,0";"95,0";"93,0";"16,4";"17,3";"16,3";"874,6";"874,6";"874,4";"0,8";"251,0";"1,5";"";""
"12/12/2025";"0900";"17,5";"17,5";"16,9";"96,0";"96,0";"95,0";"16,9";"16,9";"16,2";"874,9";"875,0";"874,5";"0,5";"330,0";"1,4";"20,00";""
"12/12/2025";"1000";"21,9";"21,9";"17,5";"81,0";"96,0";"81,0";"18,4";"18,5";"16,9";"875,3";"875,3";"874,9";"0,1";"241,0";"2,0";"471,90";""
"12/12/2025";"1100";"24,0";"24,0";"21,9";"68,0";"81,0";"67,0";"17,7";"18,5";"17,0";"875,3";"875,3";"875,2";"2,1";"269,0";"5,0";"1379,70";""
"12/12/2025";"1200";"26,3";"26,4";"24,0";"54,0";"69,0";"54,0";"16,2";"18,0";"15,0";"875,2";"875,4";"875,2";"1,1";"205,0";"4,6";"2322,90";""
"12/12/2025";"1300";"26,8";"28,6";"26,1";"50,0";"56,0";"43,0";"15,6";"17,1";"14,0";"875,0";"875,3";"875,0";"0,8";"327,0";"4,5";"3112,20";""
"12/12/2025";"1400";"27,6";"28,5";"25,2";"52,0";"58,0";"45,0";"16,9";"17,1";"14,9";"874,5";"875,0";"874,5";"0,9";"85,0";"4,3";"1585,20";""
"12/12/2025";"1500";"28,9";"29,2";"26,3";"43,0";"56,0";"41,0";"15,2";"17,9";"14,4";"874,1";"874,5";"874,1";"3,0";"338,0";"6,7";"2245,10";""
"12/12/2025";"1600";"23,7";"29,7";"22,2";"81,0";"88,0";"41,0";"20,2";"20,8";"13,4";"873,7";"874,1";"873,6";"0,3";"61,0";"7,2";"1092,10";""
"12/12/2025";"1700";"22,9";"25,0";"22,9";"77,0";"82,0";"61,0";"18,6";"20,5";"17,1";"873,5";"873,7";"873,3";"1,7";"195,0";"9,5";"837,00";""
"12/12/2025";"1800";"24,2";"24,2";"22,6";"72,0";"80,0";"72,0";"18,9";"19,4";"17,8";"872,3";"873,5";"872,3";"0,5";"197,0";"5,3";"756,30";""
"12/12/2025";"1900";"24,6";"25,9";"24,2";"69,0";"72,0";"59,0";"18,4";"19,0";"17,0";"871,8";"872,3";"871,8";"3,8";"271,0";"7,8";"1266,10";""
"12/12/2025";"2000";"23,5";"24,6";"23,4";"68,0";"73,0";"68,0";"17,3";"18,7";"17,3";"872,1";"872,1";"871,7";"1,9";"291,0";"7,4";"675,80";""
"12/12/2025";"2100";"22,7";"23,5";"22,7";"71,0";"72,0";"67,0";"17,2";"17,8";"16,9";"872,3";"872,3";"871,8";"1,8";"258,0";"4,2";"285,80";""
"12/12/2025";"2200";"20,3";"22,7";"20,3";"82,0";"82,0";"71,0";"17,1";"17,4";"16,9";"872,9";"872,9";"872,2";"1,2";"264,0";"3,7";"21,50";""
"12/12/2025";"2300";"19,0";"20,3";"19,0";"87,0";"88,0";"82,0";"16,8";"17,3";"16,8";"873,8";"873,8";"872,8";"1,3";"313,0";"2,5";"";""
"13/12/2025";"0000";"19,1";"19,2";"18,6";"89,0";"90,0";"87,0";"17,2";"17,4";"16,6";"874,8";"874,9";"873,8";"0,0";"204,0";"2,1";"";""
"13/12/2025";"0100";"19,0";"19,7";"18,4";"88,0";"91,0";"85,0";"17,0";"17,7";"16,6";"875,5";"875,7";"874,8";"0,2";"276,0";"2,1";"";""
"13/12/2025";"0200";"18,1";"19,1";"18,0";"89,0";"90,0";"88,0";"16,3";"17,1";"16,1";"875,2";"875,7";"875,1";"0,5";"293,0";"2,2";"";""
"13/12/2025";"0300";"18,4";"18,9";"17,8";"86,0";"90,0";"84,0";"16,0";"16,3";"16,0";"875,2";"875,7";"875,2";"0,9";"277,0";"2,8";"";""
"13/12/2025";"0400";"18,5";"18,5";"17,6";"87,0";"91,0";"86,0";"16,3";"16,4";"15,9";"874,9";"875,2";"874,8";"0,8";"360,0";"1,9";"";""
"13/12/2025";"0500";"19,1";"19,4";"18,2";"89,0";"89,0";"86,0";"17,3";"17,3";"16,2";"874,3";"874,9";"874,3";"1,5";"270,0";"3,0";"";""
"13/12/2025";"0600";"19,1";"19,3";"19,0";"93,0";"93,0";"89,0";"18,0";"18,1";"17,3";"873,8";"874,3";"873,8";"0,3";"230,0";"2,7";"";""
"13/12/2025";"0700";"19,7";"19,7";"19,1";"94,0";"95,0";"93,0";"18,7";"18,7";"18,0";"873,3";"873,8";"873,3";"1,7";"296,0";"3,6";"";""
"13/12/2025";"0800";"19,4";"19,9";"19,4";"94,0";"94,0";"93,0";"18,4";"18,7";"18,4";"873,9";"873,9";"873,3";"0,7";"250,0";"3,7";"";""
"13/12/2025";"0900";"18,9";"19,4";"18,9";"95,0";"95,0";"94,0";"18,1";"18,5";"18,1";"874,8";"874,8";"873,9";"0,0";"267,0";"2,2";"13,50";""
"13/12/2025";"1000";"20,4";"20,4";"18,8";"91,0";"95,0";"91,0";"18,9";"18,9";"18,0";"875,6";"875,6";"874,8";"1,8";"242,0";"5,1";"291,00";""
"13/12/2025";"1100";"20,8";"20,9";"20,4";"88,0";"91,0";"87,0";"18,7";"19,1";"18,6";"875,9";"875,9";"875,6";"2,3";"253,0";"5,2";"512,90";""
"13/12/2025";"1200";"21,8";"21,8";"20,7";"86,0";"89,0";"85,0";"19,3";"19,5";"18,4";"876,8";"876,8";"875,9";"2,0";"260,0";"5,3";"766,30";""
"13/12/2025";"1300";"21,6";"21,9";"21,4";"83,0";"86,0";"83,0";"18,6";"19,4";"18,5";"877,1";"877,1";"876,8";"2,2";"267,0";"5,7";"792,30";""
"13/12/2025";"1400";"25,2";"25,4";"21,5";"68,0";"86,0";"67,0";"18,8";"20,3";"18,5";"876,8";"877,1";"876,8";"3,4";"261,0";"6,1";"2538,60";""
"13/12/2025";"1500";"25,5";"26,2";"23,9";"63,0";"72,0";"61,0";"17,8";"19,2";"17,8";"876,0";"876,9";"876,0";"4,4";"299,0";"9,2";"2689,10";""
"13/12/2025";"1600";"23,2";"25,4";"22,2";"77,0";"83,0";"63,0";"19,0";"19,5";"17,3";"875,2";"876,0";"875,2";"2,5";"262,0";"9,2";"1366,00";""
"13/12/2025";"1700";"23,8";"25,0";"23,0";"73,0";"77,0";"69,0";"18,6";"19,7";"18,3";"874,6";"875,2";"874,5";"3,7";"261,0";"6,9";"1737,00";""
"13/12/2025";"1800";"23,1";"24,2";"23,0";"76,0";"77,0";"67,0";"18,6";"18,9";"17,6";"873,9";"874,6";"873,9";"3,1";"220,0";"8,1";"991,50";""
"13/12/2025";"1900";"22,8";"23,1";"22,6";"78,0";"78,0";"74,0";"18,7";"18,9";"17,9";"872,8";"873,9";"872,8";"2,5";"221,0";"7,1";"879,20";""
"13/12/2025";"2000";"23,1";"23,8";"22,6";"74,0";"79,0";"70,0";"18,2";"19,0";"17,9";"872,7";"872,8";"872,4";"0,0";"219,0";"4,4";"793,10";""
"13/12/2025";"2100";"22,2";"23,2";"22,2";"79,0";"79,0";"71,0";"18,3";"18,6";"17,5";"873,1";"873,1";"872,7";"0,5";"65,0";"2,3";"267,10";""
"13/12/2025";"2200";"20,9";"22,2";"20,9";"89,0";"89,0";"78,0";"19,0";"19,0";"18,2";"874,1";"874,1";"873,1";"2,0";"32,0";"3,4";"18,90";""
"13/12/2025";"2300";"20,3";"20,9";"20,3";"92,0";"92,0";"89,0";"19,0";"19,1";"18,8";"874,7";"874,7";"874,1";"1,7";"57,0";"3,6";"";""
"14/12/2025";"0000";"20,1";"20,3";"19,9";"93,0";"93,0";"92,0";"18,9";"19,0";"18,7";"875,4";"875,4";"874,7";"1,6";"52,0";"3,8";"";""
"14/12/2025";"0100";"19,6";"20,1";"19,5";"94,0";"94,0";"93,0";"18,6";"19,0";"18,5";"875,7";"875,7";"875,4";"0,6";"328,0";"3,2";"";""
"14/12/2025";"0200";"18,8";"19,6";"18,8";"95,0";"95,0";"94,0";"17,9";"18,7";"17,9";"875,7";"875,9";"875,7";"1,2";"257,0";"2,2";"";""
"14/12/2025";"0300";"18,9";"18,9";"18,4";"95,0";"95,0";"95,0";"18,1";"18,1";"17,6";"875,3";"875,7";"875,3";"1,6";"309,0";"2,7";"";""
"14/12/2025";"0400";"19,1";"19,2";"18,9";"95,0";"95,0";"94,0";"18,3";"18,4";"17,9";"875,0";"875,3";"875,0";"0,5";"340,0";"2,2";"";""
"14/12/2025";"0500";"18,3";"19,2";"18,3";"95,0";"95,0";"94,0";"17,5";"18,4";"17,5";"874,7";"875,0";"874,7";"0,1";"41,0";"1,4";"";""
"14/12/2025";"0600";"18,5";"18,6";"18,3";"96,0";"96,0";"95,0";"17,9";"18,0";"17,5";"874,5";"874,7";"874,5";"0,0";"264,0";"0,9";"";""
"14/12/2025";"0700";"18,4";"18,8";"18,3";"95,0";"96,0";"95,0";"17,5";"18,2";"17,4";"874,5";"874,6";"874,4";"0,3";"345,0";"2,4";"";""
"14/12/2025";"0800";"17,4";"18,5";"17,4";"95,0";"96,0";"95,0";"16,7";"17,7";"16,7";"874,7";"874,7";"874,4";"0,0";"314,0";"1,6";"";""
"14/12/2025";"0900";"18,3";"18,3";"17,4";"96,0";"96,0";"95,0";"17,7";"17,7";"16,7";"875,4";"875,4";"874,7";"1,1";"47,0";"1,8";"15,50";""
"14/12/2025";"1000";"20,3";"20,3";"18,3";"92,0";"96,0";"92,0";"18,9";"19,0";"17,8";"875,9";"875,9";"875,3";"0,5";"36,0";"2,7";"263,70";""
"14/12/2025";"1100";"21,1";"21,1";"20,1";"89,0";"92,0";"88,0";"19,3";"19,4";"18,4";"876,4";"876,4";"875,9";"0,1";"158,0";"1,7";"384,80";""
"14/12/2025";"1200";"25,4";"25,4";"21,1";"71,0";"89,0";"70,0";"19,8";"19,8";"17,9";"876,6";"876,6";"876,4";"0,9";"199,0";"2,3";"1488,90";""
"14/12/2025";"1300";"25,1";"25,9";"24,1";"65,0";"71,0";"64,0";"18,1";"19,6";"17,4";"876,6";"876,7";"876,6";"1,1";"97,0";"3,8";"1795,40";""
"14/12/2025";"1400";"23,4";"25,8";"23,4";"72,0";"74,0";"63,0";"18,0";"18,8";"17,0";"876,3";"876,6";"876,3";"2,6";"205,0";"4,1";"1107,90";""
"14/12/2025";"1500";"23,3";"23,5";"22,4";"81,0";"88,0";"70,0";"19,8";"20,6";"17,7";"875,6";"876,3";"875,6";"1,5";"163,0";"4,1";"1243,20";""
"14/12/2025";"1600";"24,5";"24,5";"23,1";"73,0";"82,0";"71,0";"19,4";"19,9";"18,6";"874,7";"875,6";"874,6";"0,6";"161,0";"2,8";"959,10";""
"14/12/2025";"1700";"21,3";"25,6";"21,2";"87,0";"88,0";"68,0";"19,1";"19,9";"18,5";"874,3";"874,8";"874,3";"1,8";"15,0";"8,4";"1166,60";""
"14/12/2025";"1800";"22,9";"23,1";"21,2";"83,0";"91,0";"81,0";"19,9";"20,4";"18,8";"873,6";"874,3";"873,6";"0,5";"118,0";"3,1";"852,10";""
"14/12/2025";"1900";"22,9";"24,5";"22,9";"78,0";"85,0";"73,0";"18,8";"20,6";"18,8";"873,2";"873,6";"873,2";"2,6";"253,0";"5,4";"965,60";""
"14/12/2025";"2000";"22,0";"22,9";"21,1";"84,0";"88,0";"78,0";"19,2";"19,3";"18,5";"873,5";"873,5";"873,1";"1,3";"267,0";"6,0";"441,10";""
"14/12/2025";"2100";"21,9";"22,1";"21,7";"87,0";"87,0";"83,0";"19,6";"19,6";"19,1";"873,8";"873,8";"873,3";"0,8";"230,0";"3,0";"391,30";""
"14/12/2025";"2200";"20,0";"21,9";"20,0";"92,0";"92,0";"86,0";"18,6";"19,6";"18,6";"874,1";"874,1";"873,7";"0,0";"315,0";"2,6";"42,70";""
"14/12/2025";"2300";"18,6";"20,0";"18,6";"94,0";"94,0";"92,0";"17,6";"18,8";"17,6";"874,9";"874,9";"874,1";"0,9";"260,0";"1,3";"";""
"15/12/2025";"0000";"19,4";"19,4";"18,6";"93,0";"95,0";"93,0";"18,3";"18,4";"17,6";"875,5";"875,5";"874,9";"0,5";"297,0";"1,9";"";""
"15/12/2025";"0100";"20,1";"20,1";"19,4";"92,0";"94,0";"92,0";"18,7";"18,8";"18,3";"876,0";"876,0";"875,5";"1,0";"19,0";"1,5";"";""
"15/12/2025";"0200";"19,8";"20,6";"19,8";"94,0";"94,0";"89,0";"18,8";"18,9";"18,6";"876,1";"876,3";"876,0";"1,4";"64,0";"3,9";"";""
"15/12/2025";"0300";"19,3";"19,8";"19,1";"95,0";"95,0";"94,0";"18,5";"18,8";"18,2";"875,4";"876,1";"875,4";"1,8";"64,0";"3,8";"";""
"15/12/2025";"0400";"18,8";"19,3";"18,6";"93,0";"95,0";"93,0";"17,6";"18,5";"17,5";"875,3";"875,4";"875,0";"2,5";"48,0";"4,4";"";""
"15/12/2025";"0500";"19,3";"19,3";"18,8";"95,0";"95,0";"92,0";"18,5";"18,6";"17,6";"874,9";"875,4";"874,9";"2,2";"48,0";"5,3";"";""
"15/12/2025";"0600";"19,1";"19,3";"19,0";"95,0";"95,0";"94,0";"18,3";"18,5";"18,1";"874,6";"874,9";"874,6";"0,8";"75,0";"3,8";"";""
"15/12/2025";"0700";"18,7";"19,1";"18,6";"92,0";"96,0";"92,0";"17,5";"18,3";"17,3";"874,1";"874,6";"874,1";"1,2";"48,0";"2,7";"";""
"15/12/2025";"0800";"18,5";"18,7";"18,3";"95,0";"95,0";"92,0";"17,7";"17,7";"17,4";"874,1";"874,1";"874,0";"0,7";"86,0";"2,4";"";""
"15/12/2025";"0900";"19,4";"19,4";"18,2";"91,0";"96,0";"91,0";"17,9";"17,9";"17,4";"875,0";"875,0";"874,1";"2,9";"36,0";"4,3";"22,30";""
"15/12/2025";"1000";"19,9";"19,9";"19,4";"90,0";"91,0";"90,0";"18,2";"18,3";"17,9";"875,7";"875,7";"875,0";"2,3";"48,0";"4,7";"277,90";""
"15/12/2025";"1100";"20,1";"20,3";"19,8";"92,0";"92,0";"89,0";"18,7";"18,8";"18,1";"876,2";"876,2";"875,7";"2,7";"65,0";"5,1";"604,90";""
"15/12/2025";"1200";"22,1";"22,9";"20,0";"83,0";"93,0";"80,0";"19,1";"20,0";"18,6";"876,6";"876,6";"876,2";"2,4";"49,0";"5,1";"1922,60";""
"15/12/2025";"1300";"25,1";"26,1";"21,8";"66,0";"86,0";"66,0";"18,3";"20,5";"18,3";"876,5";"876,6";"876,5";"1,3";"113,0";"4,0";"2567,30";""
"15/12/2025";"1400";"19,5";"27,1";"19,5";"89,0";"89,0";"59,0";"17,6";"20,2";"17,1";"876,6";"876,9";"876,3";"3,5";"245,0";"7,3";"1626,50";""
"15/12/2025";"1500";"18,5";"19,5";"18,1";"95,0";"95,0";"89,0";"17,7";"17,7";"17,2";"876,0";"876,7";"876,0";"2,2";"306,0";"7,1";"256,30";""
"15/12/2025";"1600";"19,3";"19,5";"18,5";"93,0";"95,0";"92,0";"18,2";"18,6";"17,6";"875,8";"876,1";"875,8";"0,2";"25,0";"3,8";"565,80";""
"15/12/2025";"1700";"21,1";"21,9";"19,2";"93,0";"95,0";"93,0";"19,8";"21,0";"18,2";"874,4";"875,8";"874,4";"1,4";"68,0";"2,9";"1154,80";""
"15/12/2025";"1800";"25,0";"25,3";"21,0";"71,0";"94,0";"69,0";"19,4";"20,6";"18,0";"873,2";"874,4";"873,2";"1,2";"250,0";"3,8";"2512,10";""
"15/12/2025";"1900";"26,8";"26,8";"24,5";"62,0";"75,0";"59,0";"19,0";"20,0";"17,4";"872,5";"873,2";"872,4";"2,2";"295,0";"5,5";"2662,30";""
"15/12/2025";"2000";"24,6";"26,8";"24,4";"58,0";"68,0";"57,0";"15,9";"19,6";"15,5";"872,7";"872,7";"872,4";"3,9";"306,0";"7,4";"1329,30";""
"15/12/2025";"2100";"22,3";"24,7";"22,3";"68,0";"69,0";"58,0";"16,2";"16,6";"15,2";"873,1";"873,2";"872,7";"1,7";"265,0";"7,4";"321,10";""
"15/12/2025";"2200";"19,6";"22,3";"19,5";"88,0";"88,0";"68,0";"17,5";"17,7";"16,0";"873,9";"874,0";"873,1";"0,4";"247,0";"2,9";"25,60";""
"15/12/2025";"2300";"19,5";"19,6";"19,0";"89,0";"90,0";"88,0";"17,8";"17,9";"17,2";"874,9";"874,9";"873,9";"0,8";"285,0";"1,5";"";""
"16/12/2025";"0000";"18,8";"19,6";"18,8";"91,0";"92,0";"86,0";"17,4";"17,6";"16,8";"875,4";"875,4";"874,8";"0,2";"256,0";"1,6";"";""
"16/12/2025";"0100";"18,5";"19,2";"18,5";"89,0";"92,0";"88,0";"16,7";"17,5";"16,7";"875,8";"875,8";"875,4";"0,0";"268,0";"1,5";"";""
"16/12/2025";"0200";"18,7";"18,9";"18,2";"87,0";"91,0";"85,0";"16,4";"16,9";"16,3";"875,8";"875,9";"875,7";"0,9";"290,0";"1,9";"";""
"16/12/2025";"0300";"18,6";"19,2";"18,4";"84,0";"89,0";"83,0";"15,9";"16,7";"15,9";"875,4";"875,8";"875,4";"1,2";"275,0";"1,8";"";""
"16/12/2025";"0400";"18,6";"19,1";"18,4";"86,0";"87,0";"81,0";"16,1";"16,3";"15,8";"875,0";"875,4";"875,0";"1,3";"284,0";"2,7";"";""
"16/12/2025";"0500";"18,8";"19,3";"18,6";"89,0";"89,0";"83,0";"17,0";"17,0";"16,1";"874,6";"875,0";"874,5";"0,0";"226,0";"2,8";"";""
"16/12/2025";"0600";"19,1";"19,1";"18,5";"88,0";"91,0";"88,0";"17,1";"17,2";"16,8";"874,1";"874,6";"874,1";"1,6";"260,0";"2,5";"";""
"16/12/2025";"0700";"19,0";"19,3";"19,0";"90,0";"90,0";"88,0";"17,3";"17,5";"17,1";"873,8";"874,1";"873,8";"0,0";"207,0";"2,5";"";""
"16/12/2025";"0800";"19,2";"19,2";"18,8";"93,0";"93,0";"90,0";"17,9";"17,9";"17,3";"874,2";"874,2";"873,8";"1,3";"282,0";"1,8";"";""
"16/12/2025";"0900";"19,4";"19,5";"19,2";"93,0";"93,0";"92,0";"18,3";"18,3";"18,0";"874,8";"874,8";"874,2";"0,5";"259,0";"2,1";"10,00";""
"16/12/2025";"1000";"20,6";"20,6";"19,4";"91,0";"94,0";"90,0";"19,0";"19,1";"18,3";"875,4";"875,4";"874,8";"0,3";"23,0";"1,3";"163,80";""
"16/12/2025";"1100";"23,4";"23,4";"20,6";"77,0";"90,0";"77,0";"19,1";"19,8";"18,7";"875,9";"875,9";"875,4";"1,2";"70,0";"2,4";"879,10";""
"16/12/2025";"1200";"25,0";"25,4";"23,1";"70,0";"79,0";"67,0";"19,2";"19,9";"17,8";"876,0";"876,2";"875,9";"1,6";"56,0";"4,5";"2270,00";""
"16/12/2025";"1300";"23,2";"25,9";"23,2";"76,0";"76,0";"64,0";"18,8";"19,3";"17,8";"876,0";"876,2";"876,0";"2,0";"24,0";"5,0";"1451,40";""
"16/12/2025";"1400";"18,3";"23,2";"18,2";"96,0";"96,0";"76,0";"17,7";"19,1";"17,4";"876,4";"876,8";"876,0";"1,8";"5,0";"7,4";"193,00";""
"16/12/2025";"1500";"19,1";"19,1";"18,2";"96,0";"97,0";"96,0";"18,6";"18,6";"17,6";"875,5";"876,4";"875,5";"1,1";"79,0";"5,1";"167,20";""
"16/12/2025";"1600";"22,0";"22,0";"19,0";"91,0";"97,0";"91,0";"20,5";"21,2";"18,4";"874,5";"875,5";"874,5";"0,7";"82,0";"2,0";"1781,90";""
"16/12/2025";"1700";"24,4";"24,4";"21,8";"68,0";"91,0";"67,0";"18,0";"21,5";"17,9";"874,0";"874,5";"874,0";"1,3";"73,0";"3,6";"2744,20";""
"16/12/2025";"1800";"21,1";"24,6";"21,1";"82,0";"82,0";"62,0";"17,8";"18,5";"16,8";"873,8";"874,0";"873,7";"5,3";"316,0";"9,8";"952,50";""
"16/12/2025";"1900";"19,3";"21,1";"19,0";"95,0";"95,0";"82,0";"18,4";"18,6";"17,3";"873,7";"874,1";"873,6";"0,9";"84,0";"9,8";"183,10";""
"16/12/2025";"2000";"19,3";"19,4";"18,9";"95,0";"95,0";"94,0";"18,5";"18,5";"18,0";"873,8";"873,9";"873,8";"0,3";"143,0";"2,3";"130,30";""
"16/12/2025";"2100";"19,1";"19,3";"19,0";"95,0";"95,0";"94,0";"18,2";"18,5";"17,9";"873,5";"873,9";"873,5";"0,1";"152,0";"1,4";"64,00";""
"16/12/2025";"2200";"19,1";"19,3";"18,9";"95,0";"96,0";"95,0";"18,3";"18,5";"18,1";"874,3";"874,3";"873,5";"1,2";"246,0";"1,9";"7,70";""
"16/12/2025";"2300";"19,0";"19,1";"18,9";"96,0";"96,0";"95,0";"18,2";"18,4";"18,2";"874,8";"874,8";"874,3";"1,8";"249,0";"2,8";"";""
"17/12/2025";"0000";"18,9";"19,0";"18,8";"96,0";"96,0";"96,0";"18,3";"18,3";"18,2";"875,4";"875,4";"874,8";"0,6";"246,0";"2,8";"";""
"17/12/2025";"0100";"18,6";"18,9";"18,6";"96,0";"96,0";"96,0";"18,0";"18,3";"18,0";"876,1";"876,1";"875,4";"1,3";"264,0";"2,4";"";""
"17/12/2025";"0200";"18,6";"18,8";"18,5";"96,0";"96,0";"96,0";"17,9";"18,1";"17,9";"875,9";"876,3";"875,9";"0,5";"251,0";"1,9";"";""
"17/12/2025";"0300";"18,3";"18,6";"18,3";"95,0";"96,0";"95,0";"17,4";"17,9";"17,4";"875,3";"876,0";"875,3";"1,1";"260,0";"2,5";"";""
"17/12/2025";"0400";"18,1";"18,3";"18,0";"93,0";"95,0";"93,0";"17,0";"17,4";"17,0";"874,7";"875,3";"874,7";"1,8";"258,0";"3,3";"";""
"17/12/2025";"0500";"18,2";"18,2";"18,1";"93,0";"94,0";"93,0";"17,1";"17,2";"17,0";"873,9";"874,6";"873,9";"1,7";"264,0";"3,7";"";""
"17/12/2025";"0600";"18,0";"18,2";"17,9";"94,0";"94,0";"93,0";"16,9";"17,1";"16,9";"873,4";"873,9";"873,4";"1,5";"263,0";"2,7";"";""
"17/12/2025";"0700";"17,7";"18,0";"17,7";"94,0";"95,0";"94,0";"16,8";"17,0";"16,8";"873,2";"873,4";"873,2";"1,5";"267,0";"2,4";"";""
"17/12/2025";"0800";"17,9";"18,0";"17,7";"92,0";"94,0";"92,0";"16,6";"16,8";"16,6";"873,2";"873,2";"873,1";"1,2";"230,0";"2,1";"";""
"17/12/2025";"0900";"17,6";"18,2";"17,6";"93,0";"93,0";"90,0";"16,5";"16,8";"16,3";"873,8";"873,8";"873,2";"0,1";"248,0";"2,3";"8,60";""
"17/12/2025";"1000";"19,5";"19,7";"17,5";"89,0";"94,0";"87,0";"17,7";"17,9";"16,5";"874,3";"874,3";"873,8";"0,8";"104,0";"2,0";"287,70";""
"17/12/2025";"1100";"21,2";"21,2";"19,4";"82,0";"89,0";"80,0";"18,1";"18,1";"16,7";"874,7";"874,7";"874,3";"0,5";"52,0";"2,1";"766,10";""
"17/12/2025";"1200";"22,7";"22,7";"21,0";"77,0";"82,0";"74,0";"18,5";"18,6";"17,1";"875,2";"875,2";"874,7";"0,8";"82,0";"2,4";"1062,30";""
"17/12/2025";"1300";"25,1";"25,1";"22,7";"57,0";"79,0";"56,0";"15,9";"19,1";"15,4";"875,2";"875,3";"875,1";"2,5";"291,0";"5,7";"1920,80";""
"17/12/2025";"1400";"25,4";"27,2";"25,0";"56,0";"67,0";"47,0";"15,8";"18,5";"14,6";"875,1";"875,2";"875,0";"1,0";"215,0";"5,8";"2599,90";""
"17/12/2025";"1500";"26,3";"26,5";"24,9";"52,0";"66,0";"50,0";"15,7";"18,7";"15,3";"874,5";"875,1";"874,5";"1,5";"314,0";"5,0";"1749,60";""
"17/12/2025";"1600";"24,4";"26,5";"24,2";"67,0";"68,0";"45,0";"17,9";"18,0";"13,0";"874,0";"874,5";"874,0";"2,5";"266,0";"5,9";"1033,20";""
"17/12/2025";"1700";"25,8";"26,1";"24,3";"64,0";"67,0";"56,0";"18,5";"18,9";"16,4";"873,1";"874,0";"873,1";"0,9";"52,0";"4,5";"1164,50";""
"17/12/2025";"1800";"23,9";"25,8";"23,7";"79,0";"79,0";"62,0";"19,9";"20,2";"17,1";"872,4";"873,1";"872,4";"3,4";"57,0";"6,1";"1406,80";""
"17/12/2025";"1900";"23,2";"23,9";"22,9";"76,0";"80,0";"75,0";"18,7";"19,8";"18,6";"871,7";"872,4";"871,7";"2,2";"31,0";"6,1";"910,80";""
"17/12/2025";"2000";"22,7";"23,9";"22,6";"83,0";"83,0";"72,0";"19,6";"19,6";"18,2";"871,5";"871,7";"871,5";"0,9";"46,0";"4,1";"627,20";""
"17/12/2025";"2100";"22,3";"23,9";"22,3";"84,0";"84,0";"66,0";"19,4";"19,7";"17,0";"872,1";"872,1";"871,5";"1,3";"72,0";"3,1";"468,80";""
"17/12/2025";"2200";"21,0";"22,3";"21,0";"86,0";"86,0";"76,0";"18,5";"19,3";"17,7";"872,5";"872,5";"872,1";"0,0";"332,0";"2,3";"49,50";""
"17/12/2025";"2300";"20,6";"21,1";"20,5";"91,0";"91,0";"85,0";"19,0";"19,0";"18,2";"873,3";"873,3";"872,5";"0,5";"60,0";"1,1";"";""
"18/12/2025";"0000";"20,7";"20,8";"20,5";"85,0";"91,0";"85,0";"18,1";"18,9";"18,0";"874,1";"874,2";"873,3";"1,6";"23,0";"2,1";"";""
"18/12/2025";"0100";"20,4";"20,7";"20,3";"89,0";"89,0";"85,0";"18,4";"18,5";"18,0";"874,3";"874,3";"874,1";"0,2";"4,0";"2,1";"";""
"18/12/2025";"0200";"20,3";"20,5";"20,1";"88,0";"90,0";"86,0";"18,3";"18,4";"18,0";"874,7";"874,7";"874,3";"0,5";"28,0";"2,6";"";""
"18/12/2025";"0300";"19,6";"20,4";"19,6";"87,0";"91,0";"85,0";"17,3";"18,7";"17,2";"874,1";"874,8";"874,1";"2,0";"250,0";"3,6";"";""
"18/12/2025";"0400";"18,7";"19,6";"18,6";"89,0";"90,0";"84,0";"16,9";"17,3";"16,1";"873,3";"874,1";"873,3";"0,0";"155,0";"4,7";"";""
"18/12/2025";"0500";"18,4";"18,7";"18,2";"91,0";"93,0";"88,0";"16,9";"17,2";"16,7";"872,7";"873,3";"872,7";"1,0";"61,0";"1,6";"";""
"18/12/2025";"0600";"18,7";"18,7";"18,3";"95,0";"95,0";"90,0";"17,9";"17,9";"16,7";"872,9";"872,9";"872,7";"1,5";"47,0";"3,6";"";""
"18/12/2025";"0700";"18,7";"18,8";"18,5";"95,0";"96,0";"95,0";"18,0";"18,1";"17,9";"872,8";"873,0";"872,8";"0,9";"80,0";"3,0";"";""
"18/12/2025";"0800";"18,4";"18,8";"18,2";"95,0";"96,0";"95,0";"17,6";"18,0";"17,5";"873,1";"873,1";"872,8";"1,3";"61,0";"2,1";"";""
"18/12/2025";"0900";"18,6";"18,6";"18,3";"96,0";"96,0";"95,0";"17,9";"17,9";"17,6";"874,0";"874,0";"873,1";"1,8";"29,0";"3,3";"5,20";""
"18/12/2025";"1000";"18,8";"18,9";"18,6";"96,0";"96,0";"96,0";"18,2";"18,2";"17,9";"874,8";"874,8";"874,0";"1,8";"48,0";"4,0";"87,90";""
"18/12/2025";"1100";"18,9";"19,0";"18,3";"93,0";"96,0";"93,0";"17,7";"18,2";"17,4";"875,6";"875,6";"874,8";"2,1";"42,0";"5,8";"254,00";""
"18/12/2025";"1200";"19,7";"19,7";"18,8";"88,0";"93,0";"87,0";"17,6";"17,9";"16,8";"876,0";"876,0";"875,6";"0,5";"235,0";"3,7";"531,70";""
"18/12/2025";"1300";"21,5";"21,6";"19,7";"82,0";"89,0";"80,0";"18,2";"19,0";"17,3";"876,0";"876,1";"876,0";"1,0";"91,0";"1,9";"1157,00";""
"18/12/2025";"1400";"23,6";"23,8";"21,2";"73,0";"83,0";"71,0";"18,4";"19,7";"17,7";"875,7";"876,0";"875,7";"2,3";"71,0";"4,3";"1904,10";""
"18/12/2025";"1500";"24,8";"25,2";"23,3";"68,0";"76,0";"67,0";"18,4";"20,0";"17,7";"875,2";"875,7";"875,2";"3,1";"66,0";"6,3";"2144,20";""
"18/12/2025";"1600";"25,2";"26,6";"24,6";"61,0";"70,0";"57,0";"17,1";"19,0";"16,9";"874,5";"875,1";"874,5";"3,3";"38,0";"6,8";"3229,00";""
"18/12/2025";"1700";"24,8";"25,2";"24,4";"63,0";"68,0";"60,0";"17,3";"18,3";"16,7";"873,4";"874,5";"873,4";"3,0";"55,0";"6,9";"1299,10";""
"18/12/2025";"1800";"21,9";"24,8";"21,9";"77,0";"77,0";"63,0";"17,6";"18,0";"17,2";"872,9";"873,4";"872,9";"1,0";"161,0";"6,9";"649,20";""
"18/12/2025";"1900";"19,7";"22,2";"19,0";"95,0";"95,0";"77,0";"18,8";"18,8";"17,6";"873,2";"873,2";"872,8";"1,3";"159,0";"6,2";"174,80";""
"18/12/2025";"2000";"19,4";"19,9";"19,2";"95,0";"95,0";"94,0";"18,6";"19,0";"18,4";"873,1";"873,3";"873,0";"0,3";"107,0";"2,8";"91,10";""
"18/12/2025";"2100";"19,3";"19,6";"19,1";"95,0";"95,0";"93,0";"18,5";"18,8";"18,0";"873,7";"873,7";"873,1";"0,8";"56,0";"3,4";"54,20";""
"18/12/2025";"2200";"19,7";"19,8";"19,3";"96,0";"96,0";"95,0";"19,1";"19,1";"18,6";"874,2";"874,2";"873,7";"0,1";"18,0";"2,0";"7,00";""
"18/12/2025";"2300";"19,8";"19,9";"19,7";"96,0";"96,0";"96,0";"19,2";"19,3";"19,1";"874,7";"874,7";"874,2";"1,6";"34,0";"2,7";"";""
"19/12/2025";"0000";"19,9";"19,9";"19,7";"96,0";"96,0";"96,0";"19,3";"19,3";"19,1";"875,3";"875,3";"874,7";"1,6";"31,0";"2,7";"";""
"19/12/2025";"0100";"19,8";"19,9";"19,8";"96,0";"96,0";"96,0";"19,2";"19,3";"19,2";"875,8";"875,8";"875,3";"1,6";"30,0";"4,1";"";""
"19/12/2025";"0200";"19,7";"19,8";"19,6";"96,0";"96,0";"96,0";"19,1";"19,2";"19,0";"875,9";"876,0";"875,8";"1,3";"46,0";"2,8";"";""
"19/12/2025";"0300";"19,5";"19,7";"19,4";"96,0";"96,0";"96,0";"18,9";"19,1";"18,8";"875,5";"876,0";"875,5";"1,6";"12,0";"2,3";"";""
"19/12/2025";"0400";"19,6";"19,6";"19,4";"96,0";"96,0";"96,0";"19,0";"19,0";"18,8";"874,8";"875,5";"874,8";"0,1";"148,0";"2,6";"";""
"19/12/2025";"0500";"18,4";"19,6";"18,4";"96,0";"96,0";"96,0";"17,8";"18,9";"17,8";"874,2";"874,8";"874,2";"0,0";"295,0";"0,8";"";""
"19/12/2025";"0600";"18,3";"18,4";"18,0";"97,0";"97,0";"96,0";"17,8";"17,8";"17,4";"874,2";"874,3";"874,0";"0,9";"288,0";"1,9";"";""
"19/12/2025";"0700";"18,4";"18,5";"18,2";"97,0";"97,0";"97,0";"17,8";"18,0";"17,6";"874,2";"874,2";"874,1";"1,3";"278,0";"3,1";"";""
"19/12/2025";"0800";"18,6";"18,6";"18,3";"97,0";"97,0";"97,0";"18,1";"18,1";"17,8";"874,2";"874,3";"874,1";"1,4";"267,0";"2,5";"";""
"19/12/2025";"0900";"18,3";"18,9";"18,2";"96,0";"97,0";"96,0";"17,7";"18,3";"17,6";"874,6";"874,7";"874,2";"0,2";"289,0";"3,5";"6,90";""
"19/12/2025";"1000";"18,8";"18,9";"18,3";"97,0";"97,0";"96,0";"18,3";"18,4";"17,7";"875,2";"875,2";"874,5";"0,0";"72,0";"1,8";"125,40";""
"19/12/2025";"1100";"18,9";"19,2";"18,8";"96,0";"97,0";"96,0";"18,2";"18,7";"18,2";"876,0";"876,0";"875,2";"2,3";"51,0";"4,2";"293,00";""
"19/12/2025";"1200";"18,8";"19,0";"18,6";"97,0";"97,0";"96,0";"18,2";"18,4";"18,1";"876,4";"876,4";"876,0";"1,7";"59,0";"4,8";"182,50";""
"19/12/2025";"1300";"20,0";"20,0";"18,5";"93,0";"97,0";"92,0";"18,9";"18,9";"17,9";"876,3";"876,5";"876,3";"1,2";"59,0";"3,2";"587,80";""
"19/12/2025";"1400";"20,6";"20,8";"20,0";"90,0";"93,0";"88,0";"19,0";"19,2";"18,4";"876,2";"876,4";"876,2";"2,8";"63,0";"5,2";"1047,20";""
"19/12/2025";"1500";"22,7";"22,7";"20,6";"83,0";"90,0";"82,0";"19,7";"19,8";"18,4";"875,3";"876,2";"875,3";"3,3";"69,0";"6,1";"2069,40";""
"19/12/2025";"1600";"22,8";"23,5";"22,3";"83,0";"84,0";"78,0";"19,7";"20,1";"18,5";"875,0";"875,3";"875,0";"3,9";"49,0";"7,9";"2614,30";""
"19/12/2025";"1700";"21,1";"23,1";"20,7";"87,0";"88,0";"79,0";"18,8";"19,9";"18,3";"874,3";"875,0";"874,3";"3,0";"40,0";"8,4";"1323,10";""
"19/12/2025";"1800";"22,5";"22,8";"21,0";"79,0";"88,0";"78,0";"18,7";"19,5";"18,5";"873,5";"874,3";"873,5";"3,7";"50,0";"7,0";"1879,20";""
"19/12/2025";"1900";"22,5";"23,9";"22,3";"78,0";"82,0";"74,0";"18,5";"19,6";"18,2";"872,9";"873,5";"872,9";"2,1";"66,0";"6,0";"1678,20";""
"19/12/2025";"2000";"21,6";"22,6";"21,6";"83,0";"84,0";"77,0";"18,5";"18,8";"17,8";"872,9";"873,0";"872,9";"2,6";"48,0";"4,6";"807,60";""
"19/12/2025";"2100";"20,4";"21,6";"20,4";"89,0";"89,0";"83,0";"18,5";"18,9";"18,5";"873,5";"873,5";"872,9";"1,9";"60,0";"5,0";"316,90";""
"19/12/2025";"2200";"19,6";"20,4";"19,6";"90,0";"91,0";"89,0";"17,9";"18,7";"17,9";"874,0";"874,0";"873,5";"1,5";"56,0";"3,3";"27,40";""
"19/12/2025";"2300";"19,5";"19,7";"19,4";"93,0";"93,0";"90,0";"18,3";"18,4";"18,0";"874,6";"874,6";"874,0";"0,0";"210,0";"2,4";"";""
"20/12/2025";"0000";"18,9";"19,5";"18,9";"94,0";"94,0";"93,0";"18,0";"18,4";"18,0";"875,1";"875,1";"874,6";"0,0";"353,0";"0,5";"";""
"20/12/2025";"0100";"18,1";"18,9";"18,1";"95,0";"95,0";"93,0";"17,2";"18,0";"17,2";"875,7";"875,7";"875,1";"0,3";"259,0";"1,0";"";""
"20/12/2025";"0200";"19,0";"19,1";"17,9";"93,0";"96,0";"93,0";"17,9";"18,1";"17,0";"875,7";"875,8";"875,7";"1,3";"281,0";"2,1";"";""
"20/12/2025";"0300";"18,7";"19,2";"18,7";"94,0";"94,0";"91,0";"17,7";"18,1";"17,5";"875,9";"875,9";"875,7";"0,1";"294,0";"1,5";"";""
"20/12/2025";"0400";"18,7";"18,8";"18,5";"93,0";"94,0";"93,0";"17,6";"17,8";"17,4";"875,1";"875,9";"875,1";"1,7";"65,0";"3,1";"";""
"20/12/2025";"0500";"19,0";"19,1";"18,7";"96,0";"96,0";"93,0";"18,3";"18,4";"17,6";"874,9";"875,1";"874,9";"2,5";"58,0";"4,6";"";""
"20/12/2025";"0600";"18,9";"19,0";"18,8";"96,0";"96,0";"95,0";"18,2";"18,4";"18,1";"874,7";"874,9";"874,6";"1,2";"61,0";"4,6";"";""
"20/12/2025";"0700";"18,8";"19,0";"18,8";"96,0";"96,0";"96,0";"18,1";"18,3";"18,1";"874,8";"874,8";"874,7";"2,3";"54,0";"3,9";"";""
"20/12/2025";"0800";"18,0";"18,9";"18,0";"94,0";"96,0";"93,0";"17,1";"18,2";"16,9";"875,2";"875,2";"874,8";"2,5";"69,0";"5,1";"";""
"20/12/2025";"0900";"17,5";"18,0";"17,5";"96,0";"96,0";"94,0";"16,9";"17,1";"16,7";"875,7";"875,7";"875,2";"2,8";"60,0";"5,1";"1,80";""
"20/12/2025";"1000";"17,7";"17,8";"17,5";"96,0";"96,0";"96,0";"17,1";"17,2";"16,8";"876,2";"876,2";"875,7";"2,9";"57,0";"5,5";"74,20";""
"20/12/2025";"1100";"18,0";"18,0";"17,6";"95,0";"96,0";"95,0";"17,2";"17,2";"16,9";"876,5";"876,5";"876,2";"3,2";"49,0";"5,0";"221,60";""
"20/12/2025";"1200";"18,2";"18,2";"17,6";"95,0";"96,0";"94,0";"17,3";"17,4";"16,8";"877,2";"877,2";"876,5";"3,1";"49,0";"7,2";"510,10";""
"20/12/2025";"1300";"19,8";"19,9";"18,0";"83,0";"95,0";"81,0";"16,7";"17,5";"16,2";"877,1";"877,4";"877,1";"2,8";"57,0";"6,7";"1124,10";""
"20/12/2025";"1400";"23,2";"23,2";"19,8";"69,0";"84,0";"67,0";"17,1";"17,6";"16,1";"876,6";"877,1";"876,6";"3,5";"66,0";"7,3";"1764,90";""
"20/12/2025";"1500";"23,0";"23,6";"22,6";"65,0";"69,0";"59,0";"16,0";"16,8";"14,8";"876,3";"876,6";"876,3";"3,7";"57,0";"8,0";"1893,50";""
"20/12/2025";"1600";"23,0";"23,1";"22,6";"66,0";"67,0";"61,0";"16,4";"16,5";"14,9";"875,7";"876,3";"875,7";"2,8";"64,0";"8,0";"1194,50";""
"20/12/2025";"1700";"23,9";"24,5";"22,8";"64,0";"69,0";"61,0";"16,8";"17,7";"15,9";"875,1";"875,7";"875,1";"2,8";"61,0";"5,8";"1709,30";""
"20/12/2025";"1800";"23,9";"24,3";"23,5";"68,0";"69,0";"62,0";"17,7";"18,0";"16,2";"874,6";"875,1";"874,6";"1,8";"43,0";"5,6";"1155,70";""
"20/12/2025";"1900";"23,1";"24,2";"22,8";"75,0";"76,0";"63,0";"18,5";"18,6";"16,3";"874,4";"874,6";"874,3";"2,5";"32,0";"4,3";"870,50";""
"20/12/2025";"2000";"22,3";"23,6";"22,3";"70,0";"76,0";"67,0";"16,7";"18,9";"16,3";"874,6";"874,6";"874,3";"1,8";"37,0";"5,3";"735,60";""
"20/12/2025";"2100";"21,9";"22,6";"21,8";"73,0";"74,0";"69,0";"16,9";"17,1";"16,4";"874,4";"874,6";"874,3";"0,8";"52,0";"3,3";"297,60";""
"20/12/2025";"2200";"19,9";"21,9";"19,9";"81,0";"81,0";"72,0";"16,5";"17,6";"16,4";"874,9";"874,9";"874,3";"1,5";"282,0";"2,6";"22,20";""
"20/12/2025";"2300";"19,7";"20,1";"19,7";"88,0";"88,0";"81,0";"17,8";"17,8";"16,5";"875,4";"875,5";"874,9";"2,2";"290,0";"3,6";"";""
"21/12/2025";"0000";"19,5";"19,7";"19,5";"90,0";"90,0";"88,0";"17,8";"17,8";"17,6";"876,0";"876,0";"875,4";"1,2";"225,0";"3,3";"";""
"21/12/2025";"0100";"18,8";"19,5";"18,8";"93,0";"93,0";"90,0";"17,7";"17,9";"17,6";"876,2";"876,3";"876,0";"0,4";"197,0";"2,8";"";""
"21/12/2025";"0200";"18,5";"18,8";"18,5";"95,0";"95,0";"93,0";"17,7";"17,8";"17,6";"876,4";"876,4";"876,2";"1,0";"221,0";"2,4";"";""
"21/12/2025";"0300";"18,2";"18,5";"18,2";"95,0";"95,0";"94,0";"17,4";"17,7";"17,3";"876,1";"876,4";"876,1";"0,2";"229,0";"2,0";"";""
"21/12/2025";"0400";"17,8";"18,3";"17,7";"96,0";"96,0";"95,0";"17,1";"17,5";"17,0";"875,3";"876,1";"875,3";"0,9";"292,0";"1,6";"";""
"21/12/2025";"0500";"17,6";"18,0";"17,6";"95,0";"96,0";"95,0";"16,9";"17,2";"16,9";"874,9";"875,4";"874,9";"0,4";"294,0";"1,9";"";""
"21/12/2025";"0600";"17,8";"17,9";"17,6";"95,0";"96,0";"95,0";"17,0";"17,1";"16,9";"874,7";"874,9";"874,5";"1,0";"281,0";"2,0";"";""
"21/12/2025";"0700";"17,5";"17,9";"17,3";"95,0";"95,0";"94,0";"16,7";"17,1";"16,5";"874,5";"874,7";"874,5";"0,3";"325,0";"1,9";"";""
"21/12/2025";"0800";"17,8";"17,9";"17,5";"96,0";"96,0";"95,0";"17,1";"17,1";"16,7";"874,6";"874,7";"874,5";"0,0";"13,0";"1,6";"";""
"21/12/2025";"0900";"18,6";"18,6";"17,7";"90,0";"96,0";"90,0";"16,9";"17,2";"16,7";"875,5";"875,5";"874,6";"1,9";"27,0";"3,3";"13,10";""
"21/12/2025";"1000";"21,1";"21,1";"18,6";"83,0";"90,0";"83,0";"18,1";"18,2";"16,9";"876,1";"876,1";"875,5";"1,7";"71,0";"4,2";"470,50";""
"21/12/2025";"1100";"21,1";"21,8";"20,5";"81,0";"85,0";"79,0";"17,8";"18,4";"17,4";"876,6";"876,6";"876,1";"2,1";"58,0";"5,1";"1120,20";""
"21/12/2025";"1200";"22,4";"23,1";"20,7";"73,0";"84,0";"70,0";"17,4";"18,7";"16,9";"876,7";"876,8";"876,6";"1,9";"91,0";"4,0";"1156,90";""
"21/12/2025";"1300";"24,2";"24,7";"22,4";"61,0";"74,0";"59,0";"16,3";"18,2";"16,2";"876,8";"876,9";"876,7";"1,5";"91,0";"3,9";"2065,80";""
"21/12/2025";"1400";"25,6";"25,6";"24,2";"59,0";"64,0";"51,0";"17,0";"17,4";"14,3";"876,6";"876,9";"876,6";"2,6";"93,0";"5,2";"2153,10";""
"21/12/2025";"1500";"26,2";"27,0";"24,5";"62,0";"71,0";"54,0";"18,3";"20,4";"16,0";"876,1";"876,7";"876,1";"4,4";"72,0";"7,1";"3231,80";""
"21/12/2025";"1600";"23,8";"26,7";"23,6";"69,0";"69,0";"57,0";"17,8";"18,7";"16,0";"875,7";"876,1";"875,7";"3,4";"100,0";"8,0";"2090,90";""
"21/12/2025";"1700";"23,7";"24,1";"21,9";"70,0";"78,0";"68,0";"17,9";"18,9";"17,2";"874,7";"875,8";"874,7";"0,8";"338,0";"5,9";"1162,40";""
"21/12/2025";"1800";"24,8";"25,2";"23,8";"63,0";"72,0";"61,0";"17,3";"19,1";"16,6";"874,1";"874,7";"874,1";"1,7";"62,0";"4,8";"1726,20";""
"21/12/2025";"1900";"26,2";"26,2";"24,3";"63,0";"67,0";"57,0";"18,7";"18,9";"16,2";"873,3";"874,1";"873,3";"1,3";"203,0";"3,4";"1437,70";""
"21/12/2025";"2000";"24,5";"27,4";"24,5";"65,0";"66,0";"56,0";"17,6";"18,5";"16,4";"872,9";"873,3";"872,8";"2,5";"20,0";"5,4";"1539,80";""
"21/12/2025";"2100";"22,6";"24,5";"22,6";"74,0";"74,0";"65,0";"17,7";"18,0";"17,5";"873,6";"873,6";"872,9";"2,0";"312,0";"3,7";"156,10";""
"21/12/2025";"2200";"20,9";"22,7";"20,9";"84,0";"84,0";"74,0";"18,1";"18,5";"17,7";"873,9";"874,0";"873,6";"1,6";"289,0";"4,0";"28,60";""
"21/12/2025";"2300";"20,1";"20,9";"20,1";"86,0";"87,0";"82,0";"17,6";"18,4";"17,5";"874,9";"874,9";"873,9";"2,5";"89,0";"5,3";"";""
"22/12/2025";"0000";"19,4";"20,1";"19,4";"93,0";"93,0";"86,0";"18,3";"18,4";"17,6";"875,3";"875,4";"874,9";"3,2";"39,0";"6,5";"";""
"22/12/2025";"0100";"18,8";"19,4";"18,8";"94,0";"94,0";"91,0";"17,7";"18,3";"17,5";"875,4";"875,4";"875,2";"0,2";"359,0";"6,5";"";""
"22/12/2025";"0200";"19,6";"19,7";"18,6";"79,0";"94,0";"79,0";"15,9";"17,7";"15,9";"875,9";"875,9";"875,4";"2,0";"46,0";"3,6";"";""
"22/12/2025";"0300";"18,1";"19,6";"18,1";"95,0";"95,0";"79,0";"17,2";"17,3";"16,1";"875,5";"876,0";"875,5";"1,7";"68,0";"4,2";"";""
"22/12/2025";"0400";"17,8";"18,2";"17,8";"94,0";"95,0";"93,0";"16,7";"17,3";"16,7";"875,0";"875,5";"875,0";"0,1";"195,0";"4,7";"";""
"22/12/2025";"0500";"17,8";"18,1";"17,7";"94,0";"95,0";"94,0";"16,8";"17,1";"16,7";"875,0";"875,1";"874,8";"2,4";"53,0";"5,0";"";""
"22/12/2025";"0600";"17,6";"17,8";"17,5";"92,0";"95,0";"92,0";"16,3";"16,9";"16,2";"874,8";"875,1";"874,8";"3,1";"40,0";"5,3";"";""
"22/12/2025";"0700";"17,1";"17,6";"17,1";"95,0";"95,0";"92,0";"16,3";"16,6";"16,3";"874,6";"874,8";"874,6";"1,8";"56,0";"6,3";"";""
"22/12/2025";"0800";"17,0";"17,4";"17,0";"91,0";"95,0";"90,0";"15,5";"16,3";"15,5";"875,0";"875,0";"874,6";"0,5";"11,0";"3,9";"";""
"22/12/2025";"0900";"15,7";"17,0";"15,6";"96,0";"96,0";"91,0";"15,0";"15,5";"14,8";"875,1";"875,3";"875,0";"1,1";"358,0";"2,2";"11,40";""
"22/12/2025";"1000";"19,7";"20,2";"15,7";"81,0";"96,0";"79,0";"16,3";"17,0";"15,0";"875,4";"875,5";"875,1";"1,1";"97,0";"2,0";"470,60";""
"22/12/2025";"1100";"22,4";"22,4";"19,7";"65,0";"81,0";"63,0";"15,5";"16,9";"14,8";"875,7";"875,7";"875,4";"2,6";"73,0";"4,1";"1218,30";""
"22/12/2025";"1200";"23,6";"24,2";"22,3";"62,0";"66,0";"57,0";"15,9";"16,8";"14,0";"876,4";"876,4";"875,7";"3,3";"57,0";"6,8";"2291,90";""
"22/12/2025";"1300";"25,2";"25,3";"22,9";"58,0";"67,0";"57,0";"16,4";"17,2";"15,5";"876,6";"876,6";"876,4";"3,8";"69,0";"7,3";"2991,70";""
"22/12/2025";"1400";"25,5";"26,1";"24,2";"58,0";"63,0";"53,0";"16,6";"17,4";"15,1";"876,2";"876,6";"876,2";"3,7";"52,0";"7,4";"3457,10";""
"22/12/2025";"1500";"24,0";"26,0";"23,4";"66,0";"67,0";"55,0";"17,3";"18,2";"15,5";"876,1";"876,3";"876,0";"4,7";"88,0";"8,5";"2956,20";""
"22/12/2025";"1600";"23,6";"25,4";"23,2";"65,0";"70,0";"62,0";"16,6";"18,6";"16,4";"875,7";"876,1";"875,7";"4,9";"87,0";"9,2";"3176,60";""
"22/12/2025";"1700";"23,9";"25,6";"23,4";"62,0";"68,0";"59,0";"16,3";"18,1";"15,9";"875,1";"875,7";"875,0";"4,3";"71,0";"9,2";"2492,90";""
"22/12/2025";"1800";"24,5";"24,8";"22,9";"62,0";"69,0";"61,0";"16,8";"17,8";"16,1";"874,3";"875,1";"874,3";"4,7";"80,0";"10,3";"2525,40";""
"22/12/2025";"1900";"23,8";"25,3";"23,6";"64,0";"64,0";"57,0";"16,6";"17,2";"15,3";"873,8";"874,3";"873,8";"3,0";"68,0";"8,2";"2181,20";""
"22/12/2025";"2000";"23,0";"23,9";"22,8";"66,0";"68,0";"60,0";"16,3";"16,8";"15,2";"874,3";"874,3";"873,8";"2,2";"52,0";"5,6";"738,30";""
"22/12/2025";"2100";"22,3";"23,6";"22,1";"69,0";"70,0";"64,0";"16,3";"16,9";"15,9";"874,3";"874,3";"874,1";"2,7";"58,0";"4,7";"396,00";""
"22/12/2025";"2200";"20,3";"22,3";"20,3";"78,0";"78,0";"69,0";"16,3";"16,4";"15,8";"874,9";"874,9";"874,3";"1,6";"67,0";"4,6";"37,40";""
"22/12/2025";"2300";"20,0";"20,6";"19,9";"80,0";"80,0";"78,0";"16,4";"16,7";"16,3";"875,4";"875,4";"874,9";"1,5";"39,0";"4,0";"";""
"23/12/2025";"0000";"20,0";"20,1";"19,9";"79,0";"80,0";"79,0";"16,3";"16,5";"16,3";"875,8";"875,8";"875,4";"2,0";"37,0";"4,7";"";""
"23/12/2025";"0100";"20,0";"20,2";"19,8";"77,0";"79,0";"76,0";"15,7";"16,3";"15,6";"876,2";"876,2";"875,7";"2,6";"36,0";"4,2";"";""
"23/12/2025";"0200";"18,3";"20,0";"18,3";"87,0";"87,0";"76,0";"16,1";"16,3";"15,7";"877,1";"877,2";"876,1";"3,3";"55,0";"9,9";"";""
"23/12/2025";"0300";"17,6";"18,3";"17,6";"88,0";"88,0";"86,0";"15,6";"16,1";"15,6";"876,6";"877,1";"876,6";"1,4";"67,0";"5,5";"";""
"23/12/2025";"0400";"15,9";"17,7";"15,9";"92,0";"92,0";"87,0";"14,6";"15,6";"14,5";"876,2";"876,6";"876,2";"0,8";"14,0";"3,0";"";""
"23/12/2025";"0500";"17,6";"17,6";"15,9";"80,0";"92,0";"80,0";"14,2";"14,9";"14,2";"875,9";"876,2";"875,9";"1,4";"23,0";"3,5";"";""
"23/12/2025";"0600";"14,9";"17,6";"14,9";"90,0";"90,0";"80,0";"13,4";"14,2";"13,2";"875,7";"875,9";"875,7";"1,2";"346,0";"3,1";"";""
"23/12/2025";"0700";"14,3";"15,3";"14,1";"91,0";"91,0";"87,0";"12,8";"13,5";"12,6";"875,5";"875,7";"875,5";"1,5";"324,0";"2,5";"";""
"23/12/2025";"0800";"15,0";"15,1";"14,1";"88,0";"91,0";"88,0";"13,1";"13,1";"12,6";"875,8";"875,8";"875,5";"1,9";"5,0";"2,6";"";""
"23/12/2025";"0900";"";"";"";"";"";"";"";"";"";"";"";"";"";"";"";"";""
"23/12/2025";"1000";"19,3";"19,4";"16,3";"75,0";"84,0";"74,0";"14,8";"15,3";"13,6";"877,1";"877,2";"876,5";"2,0";"53,0";"4,3";"493,60";""
"23/12/2025";"1100";"20,4";"20,9";"19,2";"76,0";"77,0";"72,0";"15,9";"16,3";"14,9";"877,5";"877,5";"877,1";"3,7";"65,0";"7,5";"1408,40";""
"23/12/2025";"1200";"21,9";"22,3";"20,3";"68,0";"78,0";"67,0";"15,7";"16,9";"15,7";"877,9";"877,9";"877,5";"4,5";"62,0";"8,0";"2264,40";""
"23/12/2025";"1300";"21,8";"23,6";"21,8";"65,0";"70,0";"62,0";"15,0";"16,8";"15,0";"878,1";"878,1";"877,8";"4,0";"58,0";"8,3";"2320,30";""
"23/12/2025";"1400";"24,9";"25,0";"21,7";"59,0";"67,0";"56,0";"16,2";"16,3";"14,4";"877,6";"878,1";"877,6";"3,9";"68,0";"9,2";"3297,60";""
"23/12/2025";"1500";"24,9";"26,6";"24,3";"51,0";"59,0";"49,0";"14,0";"16,9";"14,0";"877,5";"877,6";"877,4";"4,6";"64,0";"11,2";"3792,60";""
"23/12/2025";"1600";"26,1";"26,3";"23,0";"54,0";"67,0";"51,0";"16,2";"17,9";"14,5";"876,9";"877,5";"876,9";"4,3";"51,0";"9,2";"2543,70";""
"23/12/2025";"1700";"20,7";"26,0";"18,1";"81,0";"91,0";"54,0";"17,2";"19,3";"13,8";"876,5";"877,3";"876,5";"1,6";"22,0";"9,2";"1173,00";""
"23/12/2025";"1800";"23,0";"23,4";"20,4";"74,0";"89,0";"70,0";"18,0";"20,2";"17,0";"875,5";"876,5";"875,5";"3,1";"37,0";"6,7";"2001,70";""
"23/12/2025";"1900";"24,4";"25,0";"23,0";"68,0";"75,0";"61,0";"18,1";"19,1";"16,1";"874,8";"875,5";"874,8";"2,3";"55,0";"6,7";"2269,10";""
"23/12/2025";"2000";"24,3";"25,1";"23,4";"63,0";"68,0";"61,0";"16,8";"18,0";"16,2";"874,6";"874,8";"874,4";"2,8";"49,0";"6,3";"1360,20";""
"23/12/2025";"2100";"22,6";"24,5";"22,6";"67,0";"68,0";"59,0";"16,1";"17,3";"15,7";"874,8";"874,8";"874,5";"1,9";"61,0";"5,6";"507,50";""
"23/12/2025";"2200";"21,3";"22,6";"21,3";"76,0";"76,0";"66,0";"16,8";"16,9";"16,0";"874,9";"874,9";"874,6";"0,7";"62,0";"4,4";"99,50";""
"23/12/2025";"2300";"18,7";"21,5";"18,7";"84,0";"87,0";"73,0";"16,0";"17,3";"16,0";"875,4";"875,6";"874,9";"2,9";"27,0";"7,3";"";""
"24/12/2025";"0000";"17,7";"18,7";"17,5";"88,0";"89,0";"83,0";"15,6";"16,0";"15,3";"876,1";"876,1";"875,4";"0,4";"94,0";"5,2";"";""
"24/12/2025";"0100";"17,6";"17,8";"17,4";"89,0";"91,0";"87,0";"15,8";"16,0";"15,4";"876,3";"876,4";"876,1";"0,8";"24,0";"1,9";"";""
"24/12/2025";"0200";"17,4";"18,4";"17,4";"90,0";"91,0";"87,0";"15,6";"16,3";"15,6";"876,1";"876,4";"876,1";"0,6";"62,0";"2,5";"";""
"24/12/2025";"0300";"17,1";"17,4";"16,8";"91,0";"92,0";"89,0";"15,7";"15,8";"15,2";"876,0";"876,2";"876,0";"1,0";"28,0";"2,0";"";""
"24/12/2025";"0400";"15,5";"17,1";"15,5";"94,0";"95,0";"90,0";"14,6";"15,6";"14,5";"875,6";"876,0";"875,6";"0,0";"321,0";"1,4";"";""
"24/12/2025";"0500";"15,7";"15,9";"15,0";"95,0";"96,0";"94,0";"15,0";"15,2";"14,3";"875,4";"875,6";"875,4";"0,0";"275,0";"0,6";"";""
"24/12/2025";"0600";"15,2";"15,8";"15,0";"94,0";"96,0";"93,0";"14,3";"15,1";"14,1";"875,2";"875,4";"875,2";"0,0";"77,0";"0,6";"";""
"24/12/2025";"0700";"15,5";"15,6";"15,0";"96,0";"96,0";"94,0";"14,8";"14,8";"14,0";"875,0";"875,2";"874,9";"1,2";"74,0";"1,6";"";""
"24/12/2025";"0800";"16,4";"16,5";"15,2";"92,0";"96,0";"92,0";"15,1";"15,3";"14,5";"875,3";"875,3";"875,0";"1,6";"50,0";"3,1";"";""
"24/12/2025";"0900";"16,3";"17,0";"16,1";"93,0";"93,0";"90,0";"15,2";"15,5";"14,9";"875,8";"875,8";"875,2";"0,1";"103,0";"2,9";"10,50";""
"24/12/2025";"1000";"20,9";"20,9";"16,2";"78,0";"94,0";"77,0";"17,0";"17,4";"15,2";"876,2";"876,2";"875,8";"1,1";"88,0";"2,0";"455,10";""
"24/12/2025";"1100";"22,4";"22,7";"20,9";"69,0";"79,0";"66,0";"16,5";"17,1";"16,0";"876,5";"876,6";"876,2";"2,8";"63,0";"5,6";"1379,50";""
"24/12/2025";"1200";"21,2";"23,2";"21,2";"70,0";"72,0";"66,0";"15,6";"17,2";"14,9";"877,0";"877,1";"876,5";"3,4";"66,0";"7,6";"1293,60";""
"24/12/2025";"1300";"22,6";"22,8";"21,2";"69,0";"71,0";"66,0";"16,6";"17,0";"15,2";"877,0";"877,2";"877,0";"3,8";"77,0";"8,6";"1637,20";""
"24/12/2025";"1400";"23,1";"23,9";"22,5";"65,0";"72,0";"62,0";"16,2";"17,6";"15,4";"877,1";"877,1";"877,0";"3,3";"71,0";"7,9";"1952,20";""
"24/12/2025";"1500";"25,3";"25,9";"22,6";"57,0";"69,0";"55,0";"16,0";"18,6";"15,7";"876,9";"877,1";"876,9";"3,8";"72,0";"7,5";"3028,00";""
"24/12/2025";"1600";"25,1";"26,3";"24,1";"55,0";"62,0";"51,0";"15,3";"17,3";"14,3";"876,3";"876,9";"876,3";"4,0";"67,0";"7,9";"3540,90";""
"24/12/2025";"1700";"26,4";"26,9";"24,9";"49,0";"58,0";"46,0";"14,8";"17,1";"13,5";"875,7";"876,3";"875,7";"4,4";"72,0";"7,9";"3430,40";""
"24/12/2025";"1800";"25,8";"27,1";"25,4";"51,0";"51,0";"44,0";"14,8";"15,7";"13,3";"875,2";"875,7";"875,2";"4,0";"82,0";"7,8";"3027,50";""
"24/12/2025";"1900";"25,3";"27,2";"25,0";"55,0";"55,0";"46,0";"15,5";"16,2";"14,0";"874,6";"875,2";"874,6";"3,4";"87,0";"8,1";"2179,60";""
"24/12/2025";"2000";"25,2";"25,9";"24,8";"52,0";"56,0";"49,0";"14,7";"15,7";"13,4";"874,4";"874,6";"874,4";"3,9";"76,0";"7,1";"1518,00";""
"24/12/2025";"2100";"23,7";"25,3";"23,7";"59,0";"60,0";"52,0";"15,3";"15,5";"14,3";"874,6";"874,6";"874,3";"3,3";"69,0";"7,2";"594,60";""
"24/12/2025";"2200";"21,0";"23,7";"21,0";"72,0";"72,0";"59,0";"15,8";"15,9";"15,3";"874,8";"874,8";"874,6";"0,4";"53,0";"6,4";"30,60";""
"24/12/2025";"2300";"18,6";"21,0";"18,6";"85,0";"85,0";"72,0";"16,0";"16,4";"15,7";"875,2";"875,2";"874,8";"0,1";"26,0";"2,2";"";""
"25/12/2025";"0000";"17,9";"18,6";"17,9";"87,0";"88,0";"85,0";"15,6";"16,3";"15,6";"875,7";"875,7";"875,2";"0,0";"37,0";"1,1";"";""
"25/12/2025";"0100";"17,6";"18,1";"17,5";"89,0";"90,0";"87,0";"15,8";"16,1";"15,6";"876,1";"876,1";"875,7";"0,8";"5,0";"1,3";"";""
"25/12/2025";"0200";"17,1";"17,8";"16,9";"93,0";"93,0";"89,0";"15,9";"16,0";"15,4";"876,3";"876,3";"876,1";"0,0";"243,0";"1,2";"";""
"25/12/2025";"0300";"17,4";"18,3";"17,1";"91,0";"93,0";"87,0";"15,8";"16,4";"15,7";"875,5";"876,3";"875,5";"0,1";"75,0";"1,8";"";""
"25/12/2025";"0400";"16,9";"17,4";"16,6";"92,0";"93,0";"90,0";"15,6";"16,1";"15,2";"875,3";"875,5";"875,0";"0,0";"10,0";"1,2";"";""
"25/12/2025";"0500";"17,5";"17,6";"16,7";"89,0";"92,0";"88,0";"15,6";"15,9";"15,2";"875,4";"875,5";"875,3";"1,7";"349,0";"2,1";"";""
"25/12/2025";"0600";"16,4";"17,5";"16,0";"94,0";"94,0";"89,0";"15,4";"15,8";"14,9";"875,3";"875,5";"875,2";"0,1";"229,0";"2,1";"";""
"25/12/2025";"0700";"16,3";"16,4";"15,5";"95,0";"95,0";"93,0";"15,4";"15,5";"14,6";"875,4";"875,4";"875,2";"0,0";"359,0";"1,6";"";""
"25/12/2025";"0800";"16,6";"16,7";"16,0";"91,0";"95,0";"91,0";"15,1";"15,7";"15,0";"875,8";"875,8";"875,4";"1,3";"336,0";"2,4";"";""
"25/12/2025";"0900";"15,8";"16,6";"15,3";"94,0";"94,0";"90,0";"14,8";"15,1";"14,1";"875,9";"875,9";"875,7";"0,9";"246,0";"2,4";"11,80";""
"25/12/2025";"1000";"21,6";"21,6";"15,8";"76,0";"94,0";"76,0";"17,2";"17,3";"14,8";"876,6";"876,6";"875,8";"0,4";"333,0";"3,2";"461,10";""
"25/12/2025";"1100";"23,3";"23,8";"21,6";"68,0";"76,0";"65,0";"17,0";"18,1";"16,5";"876,9";"876,9";"876,6";"2,4";"34,0";"4,3";"1396,50";""
"25/12/2025";"1200";"25,3";"25,6";"22,7";"61,0";"68,0";"60,0";"17,2";"18,2";"16,1";"877,6";"877,6";"876,9";"3,5";"70,0";"6,4";"1792,50";""
"25/12/2025";"1300";"24,8";"26,3";"24,2";"58,0";"65,0";"56,0";"16,1";"18,0";"16,1";"877,7";"877,7";"877,5";"3,3";"79,0";"7,2";"2663,50";""
"25/12/2025";"1400";"26,7";"26,8";"23,8";"55,0";"65,0";"50,0";"17,0";"18,0";"15,0";"877,6";"877,8";"877,5";"2,4";"83,0";"7,2";"3376,40";""
"25/12/2025";"1500";"27,1";"27,7";"24,8";"50,0";"59,0";"46,0";"15,9";"17,5";"14,4";"877,2";"877,7";"877,2";"2,6";"40,0";"6,2";"3330,30";""
"25/12/2025";"1600";"27,9";"28,5";"26,5";"49,0";"52,0";"43,0";"16,1";"16,6";"14,0";"876,7";"877,2";"876,7";"2,7";"49,0";"6,7";"3827,10";""
"25/12/2025";"1700";"27,1";"29,2";"26,7";"49,0";"55,0";"45,0";"15,4";"17,7";"15,1";"876,0";"876,7";"876,0";"3,5";"60,0";"7,4";"3354,40";""
"25/12/2025";"1800";"28,2";"28,6";"26,6";"42,0";"55,0";"35,0";"14,1";"17,4";"11,3";"874,9";"876,0";"874,9";"3,2";"73,0";"6,9";"3212,10";""
"25/12/2025";"1900";"27,8";"28,9";"26,9";"38,0";"45,0";"35,0";"12,2";"14,9";"11,1";"874,2";"874,9";"874,2";"3,2";"109,0";"7,1";"2406,00";""
"25/12/2025";"2000";"25,9";"28,5";"25,9";"46,0";"46,0";"38,0";"13,5";"14,5";"12,6";"874,3";"874,4";"874,2";"2,5";"84,0";"6,5";"1174,30";""
"25/12/2025";"2100";"23,7";"25,9";"23,7";"58,0";"59,0";"46,0";"15,0";"15,2";"13,7";"874,7";"875,0";"874,3";"1,8";"50,0";"4,6";"160,20";""
"25/12/2025";"2200";"22,3";"23,7";"22,3";"65,0";"66,0";"58,0";"15,5";"15,8";"15,1";"875,5";"875,5";"874,7";"0,6";"327,0";"3,6";"14,30";""
"25/12/2025";"2300";"21,2";"22,3";"21,0";"76,0";"79,0";"65,0";"16,8";"17,2";"15,6";"876,2";"876,3";"875,5";"0,6";"225,0";"3,1";"";""
"26/12/2025";"0000";"20,2";"21,4";"20,2";"83,0";"84,0";"76,0";"17,2";"17,7";"16,9";"876,5";"876,5";"876,2";"1,1";"246,0";"2,8";"";""
"26/12/2025";"0100";"19,8";"20,2";"19,7";"84,0";"85,0";"82,0";"17,1";"17,5";"17,1";"877,0";"877,0";"876,5";"1,1";"213,0";"2,3";"";""
"26/12/2025";"0200";"18,8";"19,8";"18,8";"87,0";"87,0";"82,0";"16,6";"17,2";"16,5";"876,8";"877,1";"876,8";"1,1";"273,0";"2,8";"";""
"26/12/2025";"0300";"18,2";"18,8";"18,0";"91,0";"92,0";"87,0";"16,6";"16,8";"16,5";"876,5";"876,8";"876,5";"1,0";"254,0";"1,8";"";""
"26/12/2025";"0400";"17,5";"18,3";"17,4";"93,0";"93,0";"89,0";"16,3";"16,7";"16,1";"875,9";"876,5";"875,9";"0,9";"264,0";"1,6";"";""
"26/12/2025";"0500";"17,7";"18,1";"17,2";"92,0";"94,0";"92,0";"16,5";"17,1";"16,1";"875,5";"876,0";"875,5";"1,3";"294,0";"2,5";"";""
"26/12/2025";"0600";"17,8";"18,1";"17,6";"95,0";"95,0";"92,0";"16,9";"17,1";"16,4";"875,5";"875,5";"875,4";"0,7";"267,0";"2,0";"";""
"26/12/2025";"0700";"18,6";"19,1";"17,6";"94,0";"95,0";"93,0";"17,6";"18,2";"16,6";"875,8";"875,8";"875,5";"0,4";"332,0";"1,6";"";""
"26/12/2025";"0800";"18,3";"18,6";"18,1";"95,0";"95,0";"94,0";"17,5";"17,8";"17,2";"876,2";"876,2";"875,8";"0,6";"280,0";"1,5";"";""
"26/12/2025";"0900";"18,7";"18,7";"18,1";"95,0";"95,0";"95,0";"17,9";"17,9";"17,4";"876,7";"876,7";"876,2";"0,0";"92,0";"1,3";"6,00";""
"26/12/2025";"1000";"19,9";"19,9";"18,5";"95,0";"95,0";"95,0";"19,1";"19,1";"17,7";"877,4";"877,4";"876,7";"0,0";"347,0";"0,3";"132,40";""
"26/12/2025";"1100";"21,2";"21,2";"19,8";"86,0";"95,0";"84,0";"18,9";"19,3";"18,2";"877,6";"877,6";"877,4";"0,8";"72,0";"2,1";"370,20";""
"26/12/2025";"1200";"22,8";"23,0";"21,2";"74,0";"86,0";"73,0";"18,1";"18,9";"17,7";"877,9";"878,0";"877,6";"2,3";"63,0";"5,2";"832,60";""
"26/12/2025";"1300";"25,0";"25,1";"22,8";"61,0";"75,0";"61,0";"17,1";"18,5";"16,6";"878,4";"878,4";"877,9";"2,9";"62,0";"5,6";"1551,50";""
"26/12/2025";"1400";"27,2";"27,5";"24,6";"49,0";"63,0";"49,0";"15,4";"17,5";"15,3";"878,1";"878,4";"878,1";"3,8";"54,0";"7,1";"2961,20";""
"26/12/2025";"1500";"27,7";"27,7";"26,6";"52,0";"54,0";"49,0";"16,9";"17,2";"15,5";"877,8";"878,1";"877,8";"2,0";"27,0";"7,1";"3110,50";""
"26/12/2025";"1600";"27,5";"28,6";"27,0";"49,0";"55,0";"46,0";"15,7";"17,9";"14,8";"877,2";"877,8";"877,2";"2,1";"25,0";"5,7";"2916,30";""
"26/12/2025";"1700";"29,4";"29,9";"27,5";"37,0";"51,0";"33,0";"13,0";"17,0";"11,5";"876,7";"877,2";"876,7";"2,9";"80,0";"8,2";"3559,60";""
"26/12/2025";"1800";"28,4";"29,8";"28,1";"33,0";"39,0";"30,0";"10,8";"13,1";"9,9";"876,0";"876,7";"876,0";"3,1";"81,0";"7,6";"3028,90";""
"26/12/2025";"1900";"27,5";"29,4";"27,5";"32,0";"37,0";"31,0";"9,2";"12,5";"9,2";"875,6";"876,0";"875,6";"2,5";"72,0";"7,2";"1912,90";""
"26/12/2025";"2000";"27,9";"29,1";"27,6";"37,0";"39,0";"28,0";"12,0";"13,0";"8,5";"875,4";"875,6";"875,4";"2,7";"52,0";"5,7";"1717,50";""
"26/12/2025";"2100";"26,2";"28,0";"26,0";"46,0";"47,0";"37,0";"13,6";"13,8";"11,7";"875,3";"875,4";"875,3";"2,5";"85,0";"5,9";"644,30";""
"26/12/2025";"2200";"21,4";"26,2";"21,4";"65,0";"65,0";"46,0";"14,6";"14,7";"13,4";"875,5";"875,5";"875,3";"0,4";"18,0";"4,6";"30,50";""
"26/12/2025";"2300";"20,3";"21,4";"20,3";"70,0";"70,0";"65,0";"14,7";"15,0";"14,6";"875,9";"875,9";"875,5";"0,5";"332,0";"2,7";"";""
"27/12/2025";"0000";"19,4";"20,4";"19,4";"73,0";"74,0";"69,0";"14,5";"14,7";"14,4";"876,3";"876,3";"875,9";"0,0";"45,0";"2,1";"";""
"27/12/2025";"0100";"19,3";"19,7";"18,4";"74,0";"78,0";"73,0";"14,4";"14,9";"14,3";"876,8";"876,8";"876,3";"0,3";"36,0";"2,4";"";""
"27/12/2025";"0200";"19,0";"19,6";"17,4";"76,0";"83,0";"72,0";"14,6";"14,8";"14,1";"876,9";"877,0";"876,8";"1,1";"11,0";"1,8";"";""
"27/12/2025";"0300";"19,0";"19,6";"18,5";"76,0";"78,0";"73,0";"14,7";"14,8";"14,2";"876,8";"877,0";"876,8";"0,3";"37,0";"2,8";"";""
"27/12/2025";"0400";"17,0";"19,0";"16,8";"85,0";"86,0";"76,0";"14,5";"14,9";"14,3";"876,5";"876,8";"876,5";"0,8";"278,0";"1,8";"";""
"27/12/2025";"0500";"16,7";"18,0";"16,2";"88,0";"89,0";"82,0";"14,7";"14,9";"14,1";"876,2";"876,5";"876,2";"0,9";"277,0";"1,5";"";""
"27/12/2025";"0600";"18,2";"18,3";"16,6";"87,0";"89,0";"84,0";"15,9";"16,1";"14,6";"876,0";"876,2";"876,0";"1,9";"318,0";"2,3";"";""
"27/12/2025";"0700";"17,4";"18,4";"17,4";"91,0";"92,0";"86,0";"15,9";"16,9";"15,7";"876,1";"876,1";"875,9";"0,0";"18,0";"2,9";"";""
"27/12/2025";"0800";"16,7";"17,4";"16,2";"93,0";"95,0";"90,0";"15,6";"16,1";"14,9";"876,4";"876,4";"876,1";"0,9";"275,0";"1,2";"";""
"27/12/2025";"0900";"17,1";"17,5";"16,1";"93,0";"95,0";"89,0";"16,0";"16,4";"15,0";"877,1";"877,1";"876,4";"0,0";"283,0";"1,6";"8,70";""
"27/12/2025";"1000";"23,6";"23,6";"17,0";"72,0";"93,0";"72,0";"18,3";"19,3";"15,7";"877,6";"877,6";"877,1";"0,0";"250,0";"1,2";"441,30";""
"27/12/2025";"1100";"26,2";"26,3";"23,6";"52,0";"73,0";"52,0";"15,5";"18,7";"15,5";"877,9";"877,9";"877,6";"0,6";"107,0";"2,5";"1362,10";""
"27/12/2025";"1200";"27,0";"27,2";"25,7";"51,0";"55,0";"48,0";"15,8";"16,2";"14,6";"878,2";"878,2";"877,8";"3,0";"122,0";"5,4";"2229,80";""
"27/12/2025";"1300";"27,9";"28,6";"26,7";"45,0";"52,0";"43,0";"15,0";"16,6";"14,2";"878,1";"878,3";"878,1";"2,8";"112,0";"6,1";"3132,20";""
"27/12/2025";"1400";"28,5";"29,3";"26,5";"42,0";"52,0";"40,0";"14,2";"17,5";"13,9";"877,9";"878,1";"877,9";"2,2";"77,0";"6,2";"3283,50";""
"27/12/2025";"1500";"29,5";"30,1";"28,5";"41,0";"45,0";"37,0";"14,8";"16,1";"13,7";"877,5";"877,9";"877,5";"3,1";"61,0";"9,1";"3820,80";""
"27/12/2025";"1600";"29,9";"31,0";"28,8";"33,0";"42,0";"33,0";"11,7";"15,5";"11,7";"877,0";"877,5";"876,9";"3,6";"83,0";"7,1";"3694,90";""
"27/12/2025";"1700";"30,3";"31,0";"29,4";"35,0";"37,0";"31,0";"13,2";"14,0";"11,2";"876,3";"877,0";"876,3";"4,2";"116,0";"8,5";"3756,30";""
"27/12/2025";"1800";"30,7";"31,2";"30,0";"31,0";"36,0";"29,0";"11,8";"13,3";"10,3";"875,8";"876,4";"875,8";"3,1";"92,0";"7,8";"3350,90";""
"27/12/2025";"1900";"29,9";"31,0";"29,3";"33,0";"36,0";"31,0";"11,7";"12,9";"10,9";"875,1";"875,9";"875,1";"3,6";"106,0";"6,8";"2326,10";""
"27/12/2025";"2000";"28,8";"30,4";"28,2";"38,0";"40,0";"32,0";"13,2";"13,8";"11,6";"875,0";"875,2";"874,9";"3,3";"89,0";"6,8";"1612,40";""
"27/12/2025";"2100";"27,5";"28,8";"27,5";"42,0";"42,0";"37,0";"13,3";"13,5";"12,4";"874,9";"875,0";"874,8";"1,3";"42,0";"6,4";"658,20";""
"27/12/2025";"2200";"22,9";"27,5";"22,9";"60,0";"61,0";"41,0";"14,6";"14,9";"13,1";"875,4";"875,4";"874,9";"1,5";"11,0";"2,6";"27,40";""
"27/12/2025";"2300";"21,4";"23,1";"21,3";"65,0";"66,0";"58,0";"14,6";"14,8";"14,4";"875,9";"876,0";"875,4";"0,4";"337,0";"2,2";"";""
"28/12/2025";"0000";"20,5";"21,7";"20,4";"69,0";"69,0";"64,0";"14,7";"14,7";"14,3";"876,2";"876,2";"875,9";"0,0";"15,0";"1,8";"";""
"28/12/2025";"0100";"18,8";"20,5";"18,7";"78,0";"80,0";"69,0";"14,9";"15,2";"14,5";"876,9";"876,9";"876,2";"1,1";"264,0";"1,3";"";""
"28/12/2025";"0200";"21,4";"21,4";"18,9";"69,0";"78,0";"69,0";"15,4";"15,7";"14,7";"877,0";"877,0";"876,9";"0,2";"95,0";"2,6";"";""
"28/12/2025";"0300";"21,3";"22,4";"21,1";"70,0";"73,0";"65,0";"15,7";"16,4";"15,3";"876,5";"877,0";"876,5";"1,8";"40,0";"3,6";"";""
"28/12/2025";"0400";"19,8";"21,3";"19,3";"76,0";"78,0";"70,0";"15,5";"15,6";"15,2";"875,5";"876,5";"875,5";"1,4";"19,0";"3,6";"";""
"28/12/2025";"0500";"18,1";"20,0";"18,1";"84,0";"84,0";"76,0";"15,4";"16,0";"15,2";"875,1";"875,5";"875,1";"0,7";"359,0";"2,5";"";""
"28/12/2025";"0600";"18,4";"18,9";"18,0";"85,0";"88,0";"82,0";"15,7";"16,2";"15,4";"874,8";"875,2";"874,8";"1,5";"254,0";"2,7";"";""
"28/12/2025";"0700";"17,9";"18,8";"17,8";"85,0";"86,0";"81,0";"15,4";"15,7";"15,2";"874,6";"874,8";"874,5";"0,5";"13,0";"2,6";"";""
"28/12/2025";"0800";"18,6";"18,6";"17,5";"85,0";"88,0";"84,0";"16,0";"16,0";"15,3";"875,0";"875,1";"874,6";"1,6";"257,0";"2,8";"";""
"28/12/2025";"0900";"19,7";"19,7";"18,3";"80,0";"86,0";"79,0";"16,2";"16,2";"15,7";"876,1";"876,1";"875,0";"1,9";"258,0";"3,0";"34,10";""
"28/12/2025";"1000";"21,3";"21,8";"19,7";"74,0";"81,0";"71,0";"16,5";"17,0";"16,0";"876,7";"876,7";"876,1";"2,1";"273,0";"3,7";"450,50";""
"28/12/2025";"1100";"22,0";"22,0";"21,3";"73,0";"76,0";"71,0";"17,0";"17,2";"16,1";"876,8";"876,9";"876,7";"1,7";"204,0";"4,3";"738,40";""
"28/12/2025";"1200";"25,0";"25,0";"21,7";"64,0";"76,0";"64,0";"17,8";"18,1";"16,9";"877,2";"877,3";"876,8";"1,4";"249,0";"3,9";"1708,30";""
"28/12/2025";"1300";"25,8";"26,9";"25,1";"58,0";"64,0";"54,0";"16,9";"17,7";"16,1";"877,3";"877,4";"877,2";"3,6";"148,0";"7,0";"3019,30";""
"28/12/2025";"1400";"27,1";"28,1";"25,8";"49,0";"58,0";"48,0";"15,3";"18,0";"15,3";"877,1";"877,5";"877,0";"3,8";"113,0";"7,8";"3147,00";""
"28/12/2025";"1500";"28,7";"29,3";"27,1";"49,0";"52,0";"46,0";"16,8";"17,2";"15,5";"876,5";"877,1";"876,5";"2,5";"78,0";"7,1";"3827,10";""
"28/12/2025";"1600";"29,7";"30,1";"26,9";"50,0";"54,0";"45,0";"18,0";"18,1";"15,5";"875,8";"876,6";"875,8";"2,5";"95,0";"5,8";"2834,60";""
"28/12/2025";"1700";"25,6";"29,9";"25,6";"58,0";"58,0";"45,0";"16,8";"17,6";"15,5";"875,4";"875,8";"875,0";"2,7";"317,0";"8,9";"1635,40";""
"28/12/2025";"1800";"24,4";"25,5";"23,1";"64,0";"70,0";"58,0";"17,1";"17,8";"15,9";"874,3";"875,4";"874,2";"2,6";"256,0";"9,7";"784,40";""
"28/12/2025";"1900";"28,5";"28,6";"24,3";"51,0";"66,0";"50,0";"17,5";"18,8";"17,1";"873,3";"874,4";"873,3";"0,8";"46,0";"4,4";"1794,50";""
"28/12/2025";"2000";"27,5";"29,4";"26,8";"54,0";"54,0";"47,0";"17,3";"17,8";"16,2";"872,7";"873,3";"872,6";"1,6";"121,0";"5,3";"1454,50";""
"28/12/2025";"2100";"26,3";"28,0";"26,3";"53,0";"55,0";"48,0";"16,0";"17,7";"15,3";"873,6";"873,6";"872,8";"1,6";"84,0";"5,3";"437,00";""
"28/12/2025";"2200";"23,6";"26,3";"23,6";"64,0";"64,0";"53,0";"16,5";"16,9";"16,1";"874,4";"874,5";"873,5";"0,5";"31,0";"3,0";"73,40";""
"28/12/2025";"2300";"21,6";"23,6";"21,6";"74,0";"74,0";"64,0";"16,8";"17,0";"16,4";"875,1";"875,2";"874,5";"0,4";"296,0";"1,6";"";""
"29/12/2025";"0000";"21,3";"21,6";"20,3";"81,0";"82,0";"74,0";"17,9";"17,9";"16,7";"876,0";"876,0";"875,1";"2,2";"289,0";"2,9";"";""
"29/12/2025";"0100";"19,6";"21,3";"19,6";"90,0";"90,0";"81,0";"17,9";"18,1";"17,4";"876,1";"876,2";"876,0";"1,2";"280,0";"2,9";"";""
"29/12/2025";"0200";"19,1";"19,6";"18,7";"92,0";"93,0";"90,0";"17,8";"18,2";"17,3";"876,1";"876,2";"876,1";"0,3";"228,0";"2,4";"";""
"29/12/2025";"0300";"19,5";"19,8";"18,5";"90,0";"93,0";"89,0";"17,8";"18,2";"17,3";"875,8";"876,1";"875,8";"1,3";"282,0";"2,5";"";""
"29/12/2025";"0400";"18,4";"19,5";"18,3";"92,0";"92,0";"90,0";"17,0";"17,9";"16,9";"875,4";"875,8";"875,4";"1,1";"238,0";"1,8";"";""
"29/12/2025";"0500";"18,6";"18,9";"18,3";"89,0";"92,0";"89,0";"16,8";"17,3";"16,8";"874,9";"875,4";"874,9";"0,0";"270,0";"2,1";"";""
"29/12/2025";"0600";"18,0";"18,7";"17,7";"94,0";"94,0";"89,0";"17,0";"17,2";"16,4";"874,5";"875,0";"874,5";"0,8";"298,0";"1,9";"";""
"29/12/2025";"0700";"18,1";"18,5";"17,8";"92,0";"94,0";"92,0";"16,9";"17,4";"16,5";"874,5";"874,5";"874,3";"0,1";"199,0";"1,9";"";""
"29/12/2025";"0800";"18,1";"18,2";"17,5";"95,0";"95,0";"92,0";"17,3";"17,3";"16,6";"874,6";"874,6";"874,5";"0,0";"297,0";"0,9";"";""
"29/12/2025";"0900";"18,8";"18,8";"17,7";"91,0";"95,0";"90,0";"17,2";"17,6";"16,8";"875,6";"875,6";"874,6";"0,4";"29,0";"1,7";"16,60";""
"29/12/2025";"1000";"23,1";"23,4";"18,8";"79,0";"91,0";"76,0";"19,2";"19,9";"17,3";"876,1";"876,1";"875,6";"0,0";"72,0";"1,2";"470,80";""
"29/12/2025";"1100";"25,9";"25,9";"23,1";"60,0";"79,0";"60,0";"17,4";"19,9";"16,8";"876,5";"876,5";"876,1";"0,5";"227,0";"2,3";"1029,20";""
"29/12/2025";"1200";"27,9";"27,9";"25,8";"51,0";"61,0";"50,0";"16,7";"17,9";"16,1";"876,9";"876,9";"876,5";"0,9";"162,0";"3,9";"2055,90";""
"29/12/2025";"1300";"26,9";"28,5";"26,4";"54,0";"54,0";"48,0";"16,9";"17,6";"15,5";"876,7";"876,9";"876,7";"2,3";"102,0";"5,0";"2044,70";""
"29/12/2025";"1400";"24,5";"28,3";"24,5";"61,0";"61,0";"49,0";"16,6";"18,4";"16,0";"876,7";"876,8";"876,5";"4,6";"308,0";"9,1";"1266,40";""
"29/12/2025";"1500";"22,8";"25,4";"22,4";"70,0";"74,0";"58,0";"17,0";"18,3";"16,3";"876,6";"876,8";"876,2";"3,6";"198,0";"10,5";"976,50";""
"29/12/2025";"1600";"28,3";"28,3";"22,8";"51,0";"70,0";"50,0";"17,3";"18,5";"16,2";"875,7";"876,6";"875,6";"2,5";"217,0";"5,8";"3571,70";""
"29/12/2025";"1700";"27,7";"29,7";"27,5";"51,0";"54,0";"46,0";"16,6";"18,3";"15,9";"874,9";"875,9";"874,9";"1,0";"226,0";"6,3";"2780,50";""
"29/12/2025";"1800";"27,7";"27,8";"24,3";"60,0";"69,0";"51,0";"19,1";"19,7";"16,4";"874,7";"875,2";"874,7";"3,0";"43,0";"8,3";"1555,00";""
"29/12/2025";"1900";"21,8";"28,5";"21,7";"70,0";"70,0";"58,0";"16,1";"19,6";"15,6";"874,7";"875,0";"874,6";"5,1";"211,0";"9,7";"413,50";""
"29/12/2025";"2000";"24,0";"24,3";"21,8";"62,0";"70,0";"59,0";"16,3";"16,4";"15,6";"874,3";"874,7";"874,1";"1,5";"266,0";"9,7";"499,90";""
"29/12/2025";"2100";"24,0";"24,5";"23,8";"65,0";"68,0";"60,0";"17,0";"17,4";"16,0";"874,6";"874,9";"874,3";"0,4";"280,0";"2,7";"260,70";""
"29/12/2025";"2200";"20,0";"24,0";"20,0";"80,0";"80,0";"64,0";"16,4";"17,2";"16,4";"874,7";"874,7";"873,9";"1,0";"325,0";"2,3";"35,10";""
"29/12/2025";"2300";"19,5";"20,7";"19,5";"81,0";"81,0";"77,0";"16,2";"17,1";"16,0";"875,1";"875,3";"874,7";"0,5";"30,0";"2,3";"";""
"30/12/2025";"0000";"19,7";"20,3";"19,5";"78,0";"82,0";"74,0";"15,9";"16,6";"15,5";"875,4";"875,5";"875,1";"0,0";"85,0";"2,2";"";""
"30/12/2025";"0100";"18,5";"19,7";"18,4";"85,0";"86,0";"78,0";"16,0";"16,2";"15,8";"876,4";"876,4";"875,3";"1,3";"289,0";"1,9";"";""
"30/12/2025";"0200";"19,0";"19,7";"18,5";"84,0";"87,0";"82,0";"16,3";"16,8";"16,1";"876,3";"876,9";"876,3";"1,4";"325,0";"4,4";"";""
"30/12/2025";"0300";"18,7";"19,0";"18,4";"88,0";"90,0";"84,0";"16,7";"17,1";"16,2";"876,1";"876,5";"876,1";"1,4";"241,0";"3,3";"";""
"30/12/2025";"0400";"18,7";"19,3";"18,3";"89,0";"89,0";"85,0";"16,8";"16,9";"16,3";"876,4";"876,4";"876,0";"0,4";"149,0";"3,7";"";""
"30/12/2025";"0500";"18,5";"18,8";"18,2";"92,0";"92,0";"88,0";"17,1";"17,1";"16,4";"876,2";"876,4";"876,2";"0,5";"62,0";"2,4";"";""
"30/12/2025";"0600";"18,4";"18,9";"18,0";"93,0";"94,0";"90,0";"17,3";"17,5";"16,7";"876,0";"876,2";"875,7";"1,2";"314,0";"3,2";"";""
"30/12/2025";"0700";"18,9";"19,8";"18,5";"96,0";"96,0";"92,0";"18,2";"18,6";"17,7";"875,6";"876,0";"875,6";"1,7";"247,0";"5,2";"";""
"30/12/2025";"0800";"17,9";"18,9";"17,9";"96,0";"96,0";"96,0";"17,3";"18,2";"17,3";"875,7";"875,8";"875,6";"0,7";"246,0";"2,9";"";""
"30/12/2025";"0900";"17,2";"17,9";"16,9";"97,0";"97,0";"96,0";"16,6";"17,3";"16,4";"876,3";"876,3";"875,7";"1,7";"268,0";"2,6";"5,00";""
"30/12/2025";"1000";"20,7";"20,7";"17,0";"82,0";"97,0";"82,0";"17,4";"18,0";"16,4";"877,1";"877,1";"876,2";"1,7";"278,0";"2,9";"284,10";""
"30/12/2025";"1100";"24,3";"24,7";"20,7";"66,0";"82,0";"66,0";"17,6";"18,2";"16,7";"877,3";"877,4";"877,1";"1,3";"223,0";"3,6";"1331,40";""
"30/12/2025";"1200";"25,3";"25,6";"24,2";"62,0";"68,0";"60,0";"17,4";"18,2";"17,0";"878,0";"878,0";"877,3";"3,4";"237,0";"5,9";"2190,70";""
"30/12/2025";"1300";"26,0";"26,0";"24,8";"61,0";"64,0";"59,0";"17,8";"17,9";"16,7";"878,3";"878,4";"878,0";"2,5";"231,0";"6,5";"1188,50";""
"30/12/2025";"1400";"25,9";"27,7";"25,9";"66,0";"66,0";"55,0";"19,1";"20,2";"17,9";"878,0";"878,4";"878,0";"3,9";"273,0";"7,2";"3438,80";""
"30/12/2025";"1500";"24,8";"27,6";"24,8";"70,0";"70,0";"58,0";"19,0";"19,4";"18,1";"877,3";"878,1";"877,3";"4,4";"264,0";"7,8";"1451,80";""
"30/12/2025";"1600";"17,0";"24,8";"16,2";"90,0";"90,0";"70,0";"15,3";"19,8";"13,6";"877,6";"878,7";"877,3";"2,4";"10,0";"12,4";"104,80";""
"30/12/2025";"1700";"18,1";"18,1";"16,3";"83,0";"93,0";"82,0";"15,2";"16,3";"14,6";"876,8";"877,7";"876,3";"3,2";"359,0";"5,4";"245,60";""
"30/12/2025";"1800";"24,2";"24,2";"18,1";"74,0";"87,0";"73,0";"19,2";"19,3";"14,9";"875,8";"876,9";"875,8";"2,5";"280,0";"5,4";"1130,00";""
"30/12/2025";"1900";"26,3";"26,5";"24,2";"71,0";"77,0";"70,0";"20,5";"21,5";"19,3";"875,2";"875,8";"875,0";"2,7";"272,0";"9,0";"2726,20";""
"30/12/2025";"2000";"26,7";"27,1";"25,5";"68,0";"73,0";"66,0";"20,3";"20,9";"20,0";"875,3";"875,5";"875,1";"2,3";"218,0";"5,1";"1407,70";""
"30/12/2025";"2100";"24,5";"27,1";"24,5";"76,0";"78,0";"65,0";"20,1";"20,8";"19,5";"875,1";"875,3";"875,0";"2,2";"189,0";"5,1";"542,90";""
"30/12/2025";"2200";"22,0";"24,5";"22,0";"80,0";"84,0";"75,0";"18,5";"20,3";"18,5";"876,4";"876,4";"875,0";"1,9";"199,0";"4,5";"45,50";""
"30/12/2025";"2300";"17,5";"22,1";"17,0";"94,0";"95,0";"79,0";"16,6";"18,5";"14,7";"877,8";"878,2";"876,4";"2,0";"66,0";"16,7";"1,70";""
"31/12/2025";"0000";"18,1";"18,2";"17,5";"91,0";"94,0";"91,0";"16,6";"16,8";"16,4";"877,5";"877,9";"877,2";"2,8";"40,0";"5,5";"";""
"31/12/2025";"0100";"17,8";"18,1";"17,5";"94,0";"94,0";"91,0";"16,8";"16,8";"16,5";"878,4";"878,4";"877,5";"1,1";"37,0";"4,6";"";""
"31/12/2025";"0200";"17,9";"18,0";"17,4";"93,0";"95,0";"93,0";"16,8";"16,9";"16,5";"878,9";"879,0";"878,3";"3,7";"46,0";"6,7";"";""
"31/12/2025";"0300";"17,9";"18,0";"17,8";"90,0";"93,0";"90,0";"16,2";"16,8";"16,2";"878,0";"878,9";"878,0";"3,6";"47,0";"6,5";"";""
"31/12/2025";"0400";"17,2";"17,8";"17,2";"92,0";"92,0";"88,0";"15,9";"16,2";"15,7";"877,3";"878,0";"877,3";"3,1";"261,0";"5,7";"";""
"31/12/2025";"0500";"17,0";"17,9";"17,0";"94,0";"94,0";"91,0";"16,0";"16,4";"15,8";"877,2";"877,4";"877,0";"0,3";"84,0";"4,2";"";""
"31/12/2025";"0600";"16,6";"17,3";"16,5";"95,0";"95,0";"93,0";"15,7";"16,4";"15,5";"876,7";"877,2";"876,7";"0,2";"43,0";"1,3";"";""
"31/12/2025";"0700";"17,2";"17,2";"16,5";"92,0";"95,0";"91,0";"15,8";"16,1";"15,5";"876,9";"877,0";"876,7";"0,9";"70,0";"2,1";"";""
"31/12/2025";"0800";"17,3";"17,3";"16,9";"91,0";"93,0";"90,0";"15,8";"16,1";"15,6";"877,0";"877,0";"876,7";"1,3";"35,0";"2,3";"";""
"31/12/2025";"0900";"16,7";"17,4";"16,3";"88,0";"92,0";"88,0";"14,7";"15,9";"14,7";"877,8";"877,8";"877,0";"0,9";"341,0";"2,3";"8,20";""
"31/12/2025";"1000";"21,7";"21,7";"16,7";"77,0";"91,0";"76,0";"17,4";"18,6";"14,8";"878,6";"878,6";"877,8";"0,0";"248,0";"2,7";"435,00";""
"31/12/2025";"1100";"24,2";"24,3";"21,7";"67,0";"77,0";"64,0";"17,8";"18,7";"15,9";"878,8";"878,8";"878,6";"1,6";"208,0";"2,5";"1307,70";""
"31/12/2025";"1200";"26,2";"26,2";"23,9";"55,0";"68,0";"53,0";"16,4";"18,1";"15,6";"879,2";"879,2";"878,8";"1,3";"140,0";"2,9";"2191,10";""
"31/12/2025";"1300";"26,9";"27,8";"25,8";"53,0";"55,0";"42,0";"16,6";"17,0";"13,4";"879,2";"879,2";"879,1";"2,1";"50,0";"4,6";"2768,00";""
"31/12/2025";"1400";"27,8";"28,3";"26,9";"51,0";"58,0";"46,0";"16,8";"18,4";"15,1";"879,0";"879,2";"879,0";"1,8";"131,0";"4,4";"3547,30";""
"31/12/2025";"1500";"26,1";"29,4";"26,1";"60,0";"62,0";"43,0";"17,8";"18,3";"15,2";"878,6";"879,0";"878,6";"1,1";"330,0";"6,2";"3276,80";""
"31/12/2025";"1600";"17,7";"26,1";"16,6";"94,0";"96,0";"60,0";"16,8";"19,2";"14,3";"879,5";"879,9";"878,5";"2,9";"161,0";"13,9";"194,30";""
"31/12/2025";"1700";"22,2";"22,2";"17,8";"79,0";"95,0";"77,0";"18,4";"19,6";"16,9";"878,5";"879,5";"878,5";"1,3";"247,0";"6,1";"1256,70";""
"31/12/2025";"1800";"24,5";"25,0";"22,2";"66,0";"79,0";"63,0";"17,8";"19,1";"16,2";"878,0";"878,5";"878,0";"1,3";"213,0";"3,6";"1814,30";""
"31/12/2025";"1900";"23,6";"26,0";"23,6";"71,0";"72,0";"58,0";"18,2";"18,8";"16,7";"877,4";"878,0";"877,4";"1,8";"189,0";"6,1";"1555,50";""
"31/12/2025";"2000";"23,6";"24,1";"23,1";"72,0";"74,0";"66,0";"18,3";"18,7";"17,5";"876,6";"877,4";"876,6";"1,2";"36,0";"4,2";"844,40";""
"31/12/2025";"2100";"22,8";"23,6";"22,5";"77,0";"78,0";"71,0";"18,5";"18,6";"17,4";"877,0";"877,1";"876,6";"0,0";"359,0";"3,1";"394,90";""
"31/12/2025";"2200";"19,9";"23,1";"19,9";"87,0";"87,0";"73,0";"17,7";"18,6";"17,7";"877,1";"877,1";"876,8";"0,8";"47,0";"1,5";"58,50";""
"31/12/2025";"2300";"18,5";"19,9";"18,5";"92,0";"93,0";"87,0";"17,1";"17,8";"17,1";"877,3";"877,3";"877,1";"0,0";"51,0";"1,4";"";""
"01/01/2026";"0000";"18,3";"18,8";"18,2";"91,0";"92,0";"89,0";"16,8";"17,2";"16,7";"877,4";"877,5";"877,2";"0,8";"18,0";"1,9";"";""
"01/01/2026";"0100";"18,1";"18,3";"17,6";"89,0";"93,0";"89,0";"16,3";"17,0";"16,2";"877,9";"877,9";"877,4";"0,6";"336,0";"1,7";"";""
"01/01/2026";"0200";"17,3";"18,1";"16,8";"90,0";"94,0";"88,0";"15,6";"16,3";"15,6";"877,9";"878,1";"877,9";"0,5";"38,0";"1,8";"";""
"01/01/2026";"0300";"17,6";"17,6";"16,5";"89,0";"94,0";"89,0";"15,8";"16,0";"15,1";"877,3";"878,0";"877,3";"1,7";"304,0";"2,5";"";""
"01/01/2026";"0400";"17,3";"17,8";"16,4";"87,0";"91,0";"86,0";"15,1";"15,9";"14,8";"876,6";"877,3";"876,6";"0,7";"333,0";"2,6";"";""
"01/01/2026";"0500";"17,5";"17,7";"16,9";"86,0";"89,0";"85,0";"15,1";"15,4";"14,9";"876,2";"876,6";"876,2";"1,9";"310,0";"2,6";"";""
"01/01/2026";"0600";"16,6";"17,7";"16,1";"91,0";"92,0";"85,0";"15,1";"15,2";"14,4";"876,0";"876,2";"875,9";"1,9";"308,0";"2,6";"";""
"01/01/2026";"0700";"16,2";"17,4";"16,2";"91,0";"92,0";"86,0";"14,8";"15,7";"14,2";"875,8";"876,0";"875,8";"0,2";"201,0";"2,9";"";""
"01/01/2026";"0800";"16,0";"16,5";"15,7";"94,0";"95,0";"91,0";"15,1";"15,3";"14,5";"876,1";"876,1";"875,8";"1,5";"260,0";"2,1";"";""
"01/01/2026";"0900";"15,9";"16,4";"15,7";"94,0";"95,0";"93,0";"14,9";"15,6";"14,7";"876,9";"876,9";"876,1";"1,1";"266,0";"2,0";"9,00";""
"01/01/2026";"1000";"21,4";"22,1";"15,9";"77,0";"95,0";"76,0";"17,1";"18,5";"15,1";"877,2";"877,2";"876,8";"0,1";"128,0";"2,0";"413,30";""
"01/01/2026";"1100";"24,5";"24,5";"21,4";"68,0";"78,0";"66,0";"18,2";"18,7";"17,2";"877,4";"877,5";"877,2";"1,3";"205,0";"2,4";"1258,10";""
"01/01/2026";"1200";"26,2";"26,3";"24,5";"55,0";"68,0";"52,0";"16,6";"18,4";"15,4";"877,7";"877,7";"877,4";"1,1";"261,0";"3,1";"2179,20";""
"01/01/2026";"1300";"27,9";"28,1";"26,3";"44,0";"56,0";"39,0";"14,7";"16,9";"13,0";"877,6";"877,7";"877,5";"1,4";"187,0";"3,1";"2930,80";""
"01/01/2026";"1400";"28,1";"29,4";"27,7";"47,0";"48,0";"39,0";"15,8";"16,1";"13,2";"877,4";"877,7";"877,4";"2,2";"238,0";"5,8";"3364,50";""
"01/01/2026";"1500";"28,0";"29,6";"27,0";"55,0";"57,0";"43,0";"18,0";"19,0";"14,8";"876,9";"877,4";"876,9";"4,4";"229,0";"7,9";"3246,20";""
"01/01/2026";"1600";"23,5";"28,6";"23,4";"72,0";"72,0";"52,0";"18,2";"18,8";"17,0";"876,9";"877,1";"876,7";"2,4";"73,0";"7,9";"835,80";""
"01/01/2026";"1700";"27,6";"27,6";"23,5";"52,0";"73,0";"52,0";"16,7";"19,1";"16,7";"875,5";"876,9";"875,5";"2,1";"144,0";"5,7";"2926,20";""
"01/01/2026";"1800";"27,4";"29,0";"26,3";"55,0";"58,0";"48,0";"17,6";"18,6";"15,8";"874,3";"875,5";"874,3";"2,4";"203,0";"5,7";"1645,10";""
"01/01/2026";"1900";"24,0";"28,0";"24,0";"74,0";"74,0";"51,0";"19,1";"19,3";"16,5";"874,0";"874,3";"873,9";"1,5";"180,0";"5,2";"757,80";""
"01/01/2026";"2000";"19,7";"24,0";"16,4";"93,0";"94,0";"68,0";"18,6";"19,9";"13,1";"874,2";"875,7";"873,8";"4,1";"245,0";"19,0";"250,80";""
"01/01/2026";"2100";"19,7";"21,2";"19,1";"92,0";"94,0";"86,0";"18,4";"19,4";"17,7";"874,7";"874,8";"874,0";"2,0";"44,0";"9,5";"170,70";""
"01/01/2026";"2200";"20,0";"20,3";"19,6";"92,0";"93,0";"90,0";"18,7";"19,0";"18,3";"874,8";"874,9";"874,6";"1,0";"238,0";"3,3";"135,10";""
"01/01/2026";"2300";"19,3";"20,0";"19,3";"93,0";"93,0";"90,0";"18,2";"18,7";"18,0";"875,5";"875,5";"874,8";"0,1";"240,0";"3,0";"";""
"02/01/2026";"0000";"18,8";"19,4";"18,6";"94,0";"95,0";"93,0";"17,8";"18,3";"17,6";"876,2";"876,2";"875,5";"0,2";"68,0";"1,3";"";""
"02/01/2026";"0100";"19,6";"19,6";"18,5";"90,0";"95,0";"90,0";"17,9";"18,2";"17,3";"876,8";"876,8";"876,2";"1,7";"296,0";"2,9";"";""
"02/01/2026";"0200";"18,2";"19,8";"18,0";"94,0";"94,0";"88,0";"17,3";"18,0";"17,0";"876,6";"877,0";"876,6";"0,1";"191,0";"2,9";"";""
"02/01/2026";"0300";"18,4";"18,6";"17,8";"94,0";"95,0";"93,0";"17,4";"17,7";"16,7";"876,1";"876,6";"876,1";"1,1";"210,0";"2,3";"";""
"02/01/2026";"0400";"18,9";"19,0";"17,8";"92,0";"95,0";"92,0";"17,6";"17,9";"16,8";"875,3";"876,2";"875,3";"0,8";"215,0";"2,8";"";""
"02/01/2026";"0500";"18,9";"18,9";"18,4";"92,0";"94,0";"92,0";"17,6";"17,8";"17,2";"874,6";"875,3";"874,5";"1,7";"215,0";"2,7";"";""
"02/01/2026";"0600";"18,9";"19,0";"18,3";"92,0";"94,0";"92,0";"17,6";"17,7";"17,2";"874,2";"874,6";"874,2";"2,0";"278,0";"3,0";"";""
"02/01/2026";"0700";"18,5";"19,4";"18,5";"93,0";"93,0";"90,0";"17,3";"17,9";"17,3";"874,0";"874,2";"873,9";"1,6";"281,0";"3,8";"";""
"02/01/2026";"0800";"18,6";"19,0";"18,5";"93,0";"93,0";"92,0";"17,5";"17,8";"17,4";"874,3";"874,3";"874,0";"2,0";"261,0";"3,5";"";""
"02/01/2026";"0900";"18,6";"18,8";"18,3";"95,0";"95,0";"93,0";"17,7";"17,9";"17,3";"874,8";"874,8";"874,3";"0,9";"228,0";"2,9";"6,60";""
"02/01/2026";"1000";"21,2";"21,3";"18,5";"86,0";"95,0";"86,0";"18,8";"19,2";"17,6";"875,4";"875,5";"874,8";"0,6";"196,0";"2,2";"370,60";""
"02/01/2026";"1100";"23,8";"23,9";"21,2";"78,0";"87,0";"78,0";"19,8";"20,4";"18,6";"875,9";"875,9";"875,4";"1,3";"226,0";"2,8";"1218,70";""
"02/01/2026";"1200";"25,0";"25,0";"23,2";"70,0";"81,0";"70,0";"19,2";"20,2";"18,8";"876,2";"876,2";"875,9";"3,0";"223,0";"6,0";"1742,40";""
"02/01/2026";"1300";"26,2";"27,0";"24,2";"63,0";"74,0";"61,0";"18,5";"20,0";"18,0";"876,4";"876,4";"876,1";"2,7";"237,0";"6,0";"2546,70";""
"02/01/2026";"1400";"22,3";"27,0";"22,3";"85,0";"89,0";"61,0";"19,6";"21,1";"17,8";"876,2";"876,5";"876,2";"2,8";"262,0";"6,4";"1050,70";""
"02/01/2026";"1500";"22,9";"23,6";"22,3";"84,0";"89,0";"79,0";"20,0";"20,9";"19,2";"875,8";"876,2";"875,6";"0,9";"18,0";"6,0";"613,20";""
"02/01/2026";"1600";"21,8";"22,9";"20,9";"84,0";"87,0";"83,0";"19,0";"20,0";"18,3";"874,9";"875,8";"874,8";"1,6";"359,0";"5,1";"323,70";""
"02/01/2026";"1700";"23,7";"23,7";"20,9";"71,0";"89,0";"71,0";"18,3";"20,0";"17,8";"873,5";"874,9";"873,5";"3,3";"294,0";"7,9";"865,60";""
"02/01/2026";"1800";"24,8";"24,9";"23,6";"71,0";"73,0";"68,0";"19,2";"19,6";"17,5";"872,2";"873,5";"872,2";"3,5";"266,0";"7,9";"1413,80";""
"02/01/2026";"1900";"23,8";"25,1";"23,1";"74,0";"78,0";"68,0";"19,0";"19,6";"18,5";"871,5";"872,2";"871,5";"0,2";"237,0";"6,3";"963,00";""
"02/01/2026";"2000";"24,0";"24,5";"23,8";"75,0";"76,0";"72,0";"19,2";"19,8";"18,8";"872,1";"872,1";"871,4";"3,1";"292,0";"7,0";"588,30";""
"02/01/2026";"2100";"23,1";"24,1";"23,1";"75,0";"76,0";"73,0";"18,5";"19,2";"18,4";"872,0";"872,1";"871,9";"2,1";"269,0";"6,4";"322,20";""
"02/01/2026";"2200";"20,9";"23,1";"20,9";"84,0";"84,0";"75,0";"18,1";"18,6";"18,1";"872,5";"872,5";"872,0";"1,4";"264,0";"3,8";"45,10";""
"02/01/2026";"2300";"19,1";"20,9";"19,0";"92,0";"92,0";"84,0";"17,7";"18,1";"17,5";"873,5";"873,5";"872,5";"0,0";"80,0";"2,5";"";""
"03/01/2026";"0000";"18,0";"19,1";"18,0";"94,0";"94,0";"91,0";"17,0";"17,8";"16,9";"874,5";"874,5";"873,5";"0,6";"249,0";"1,7";"";""
"03/01/2026";"0100";"19,0";"19,6";"18,0";"89,0";"95,0";"86,0";"17,1";"17,8";"16,7";"875,1";"875,1";"874,5";"1,4";"231,0";"2,3";"";""
"03/01/2026";"0200";"19,9";"20,2";"18,8";"86,0";"89,0";"81,0";"17,5";"17,5";"16,2";"875,0";"875,5";"875,0";"2,0";"270,0";"3,9";"";""
"03/01/2026";"0300";"20,1";"20,3";"19,7";"89,0";"89,0";"86,0";"18,3";"18,3";"17,4";"875,0";"875,2";"874,8";"2,2";"261,0";"6,0";"";""
"03/01/2026";"0400";"20,0";"20,2";"19,9";"93,0";"93,0";"89,0";"18,8";"18,8";"18,4";"874,7";"875,0";"874,7";"2,5";"252,0";"5,2";"";""
"03/01/2026";"0500";"19,5";"20,1";"19,5";"94,0";"94,0";"92,0";"18,6";"18,8";"18,4";"874,3";"874,7";"874,2";"2,1";"260,0";"4,9";"";""
"03/01/2026";"0600";"19,7";"19,7";"19,5";"92,0";"94,0";"92,0";"18,4";"18,6";"18,4";"874,2";"874,3";"874,0";"2,1";"238,0";"4,6";"";""
"03/01/2026";"0700";"18,9";"19,7";"18,8";"95,0";"95,0";"92,0";"18,0";"18,5";"17,8";"874,6";"874,6";"874,2";"3,4";"253,0";"11,1";"";""
"03/01/2026";"0800";"17,4";"18,9";"17,4";"92,0";"95,0";"90,0";"16,1";"18,0";"16,0";"874,8";"874,8";"874,6";"2,4";"263,0";"9,2";"";""
"03/01/2026";"0900";"17,6";"17,6";"17,2";"94,0";"95,0";"90,0";"16,6";"16,7";"15,7";"874,9";"874,9";"874,8";"4,1";"297,0";"8,3";"";""
"03/01/2026";"1000";"17,4";"17,7";"17,4";"93,0";"94,0";"93,0";"16,3";"16,8";"16,2";"875,2";"875,2";"874,9";"2,2";"277,0";"8,0";"53,50";""
"03/01/2026";"1100";"18,1";"18,2";"17,4";"93,0";"94,0";"89,0";"17,0";"17,1";"16,0";"875,7";"875,7";"875,1";"3,9";"262,0";"8,9";"349,00";""
"03/01/2026";"1200";"19,3";"19,3";"18,1";"87,0";"93,0";"87,0";"17,1";"17,2";"16,6";"875,9";"875,9";"875,7";"4,5";"277,0";"8,3";"706,00";""
"03/01/2026";"1300";"21,4";"21,4";"19,3";"78,0";"87,0";"78,0";"17,5";"18,1";"17,0";"875,8";"876,0";"875,8";"3,2";"276,0";"10,0";"1371,20";""
"03/01/2026";"1400";"23,2";"23,2";"21,4";"71,0";"79,0";"71,0";"17,6";"18,1";"16,9";"875,8";"875,8";"875,7";"3,3";"269,0";"7,0";"1681,70";""
"03/01/2026";"1500";"22,0";"23,2";"21,9";"77,0";"77,0";"69,0";"17,7";"18,2";"16,8";"875,9";"875,9";"875,7";"4,2";"272,0";"9,8";"1763,30";""
"03/01/2026";"1600";"23,1";"23,2";"21,9";"73,0";"78,0";"73,0";"18,0";"18,6";"17,3";"875,4";"875,9";"875,4";"3,6";"272,0";"8,1";"1645,00";""
"03/01/2026";"1700";"25,1";"25,7";"23,0";"66,0";"74,0";"63,0";"18,3";"18,7";"17,2";"874,5";"875,4";"874,5";"4,2";"267,0";"8,9";"2513,70";""
"03/01/2026";"1800";"23,8";"25,4";"23,7";"68,0";"68,0";"62,0";"17,6";"18,6";"17,1";"873,4";"874,5";"873,4";"3,6";"275,0";"9,5";"2602,70";""
"03/01/2026";"1900";"24,4";"25,2";"23,5";"65,0";"70,0";"62,0";"17,3";"18,7";"17,0";"873,0";"873,4";"872,9";"4,1";"284,0";"8,0";"1890,10";""
"03/01/2026";"2000";"24,1";"24,4";"22,9";"68,0";"72,0";"65,0";"17,9";"18,6";"17,4";"873,0";"873,2";"873,0";"2,7";"274,0";"7,6";"1147,10";""
"03/01/2026";"2100";"22,6";"24,1";"22,5";"73,0";"74,0";"67,0";"17,6";"17,8";"17,2";"872,9";"873,0";"872,9";"1,7";"276,0";"6,0";"547,20";""
"03/01/2026";"2200";"19,8";"22,9";"19,8";"85,0";"85,0";"72,0";"17,3";"17,9";"17,1";"873,8";"873,8";"872,9";"0,8";"300,0";"3,7";"80,90";""
"03/01/2026";"2300";"19,2";"19,8";"18,9";"87,0";"89,0";"85,0";"17,0";"17,4";"16,8";"874,3";"874,3";"873,8";"1,3";"342,0";"2,2";"";""
"04/01/2026";"0000";"18,9";"19,4";"18,4";"90,0";"91,0";"86,0";"17,2";"17,2";"16,8";"875,3";"875,3";"874,2";"1,2";"16,0";"2,4";"";""
"04/01/2026";"0100";"19,8";"19,8";"18,9";"85,0";"90,0";"85,0";"17,2";"17,5";"17,1";"876,1";"876,2";"875,3";"2,0";"13,0";"4,6";"";""
"04/01/2026";"0200";"19,3";"20,0";"19,2";"87,0";"87,0";"84,0";"17,0";"17,3";"17,0";"876,1";"876,2";"876,0";"3,3";"31,0";"7,1";"";""
"04/01/2026";"0300";"19,0";"19,4";"19,0";"89,0";"89,0";"85,0";"17,1";"17,1";"16,7";"875,6";"876,1";"875,6";"1,7";"339,0";"7,6";"";""
"04/01/2026";"0400";"18,5";"19,0";"18,2";"91,0";"92,0";"89,0";"16,9";"17,3";"16,6";"875,2";"875,6";"875,2";"3,8";"311,0";"7,8";"";""
"04/01/2026";"0500";"18,4";"18,6";"18,3";"92,0";"93,0";"91,0";"17,1";"17,2";"16,9";"874,8";"875,2";"874,8";"2,7";"299,0";"8,0";"";""
"04/01/2026";"0600";"18,2";"18,5";"18,2";"93,0";"94,0";"92,0";"17,1";"17,2";"17,1";"874,4";"874,8";"874,4";"2,9";"310,0";"8,3";"";""
"04/01/2026";"0700";"17,5";"18,3";"17,5";"93,0";"93,0";"91,0";"16,3";"17,2";"16,3";"874,0";"874,4";"874,0";"3,9";"316,0";"8,4";"";""
"04/01/2026";"0800";"17,4";"17,5";"17,3";"90,0";"93,0";"90,0";"15,8";"16,3";"15,8";"874,3";"874,3";"873,9";"1,9";"314,0";"8,4";"";""
"04/01/2026";"0900";"17,7";"17,8";"17,2";"89,0";"91,0";"88,0";"15,8";"15,8";"15,6";"874,8";"874,8";"874,3";"2,7";"317,0";"7,0";"";""
"04/01/2026";"1000";"18,4";"18,4";"17,7";"85,0";"89,0";"85,0";"15,7";"15,8";"15,7";"875,0";"875,0";"874,7";"3,1";"312,0";"10,2";"126,30";""
"04/01/2026";"1100";"19,4";"19,6";"18,4";"80,0";"85,0";"79,0";"15,9";"16,5";"15,8";"875,5";"875,5";"875,0";"4,7";"305,0";"9,3";"646,10";""
"04/01/2026";"1200";"21,3";"21,3";"19,4";"76,0";"81,0";"75,0";"16,8";"16,8";"15,9";"875,9";"876,0";"875,5";"5,6";"309,0";"11,5";"1250,20";""
"04/01/2026";"1300";"21,7";"22,8";"20,8";"71,0";"76,0";"68,0";"16,1";"17,1";"16,0";"876,4";"876,4";"875,9";"5,9";"316,0";"14,3";"3104,20";""
"04/01/2026";"1400";"22,4";"22,4";"20,9";"72,0";"76,0";"71,0";"17,1";"17,4";"16,0";"876,4";"876,5";"876,3";"3,4";"327,0";"12,4";"1581,40";""
"04/01/2026";"1500";"21,7";"22,7";"21,1";"76,0";"77,0";"71,0";"17,3";"17,5";"16,4";"876,3";"876,5";"876,2";"4,1";"296,0";"9,5";"1621,70";""
"04/01/2026";"1600";"23,9";"23,9";"20,8";"68,0";"80,0";"67,0";"17,6";"18,0";"16,6";"875,9";"876,3";"875,9";"4,2";"298,0";"10,1";"2389,10";""
"04/01/2026";"1700";"23,2";"24,6";"22,5";"70,0";"75,0";"65,0";"17,5";"18,8";"17,0";"875,3";"875,9";"875,3";"4,5";"294,0";"9,7";"2696,10";""
"04/01/2026";"1800";"23,2";"24,3";"22,5";"69,0";"73,0";"66,0";"17,1";"18,1";"16,6";"874,4";"875,3";"874,4";"6,1";"291,0";"10,6";"2425,20";""
"04/01/2026";"1900";"21,1";"23,5";"20,6";"81,0";"82,0";"69,0";"17,7";"18,3";"17,0";"874,0";"874,5";"874,0";"5,2";"282,0";"10,6";"1922,20";""
"04/01/2026";"2000";"20,4";"21,8";"20,1";"84,0";"84,0";"78,0";"17,5";"18,1";"17,0";"873,7";"874,0";"873,7";"4,9";"297,0";"10,4";"1046,40";""
"04/01/2026";"2100";"19,6";"21,9";"19,4";"84,0";"88,0";"76,0";"16,8";"18,0";"16,8";"874,0";"874,0";"873,7";"3,3";"297,0";"9,7";"744,70";""
"04/01/2026";"2200";"18,9";"19,5";"18,9";"86,0";"87,0";"84,0";"16,5";"17,0";"16,5";"874,6";"874,6";"874,0";"2,4";"274,0";"5,8";"50,30";""
"04/01/2026";"2300";"18,5";"18,9";"18,5";"90,0";"90,0";"86,0";"16,9";"16,9";"16,4";"875,2";"875,2";"874,6";"1,5";"233,0";"4,8";"";""
"05/01/2026";"0000";"18,4";"18,5";"18,3";"88,0";"90,0";"88,0";"16,5";"16,8";"16,5";"875,8";"875,8";"875,2";"1,2";"235,0";"4,2";"";""
"05/01/2026";"0100";"18,3";"18,5";"18,0";"90,0";"90,0";"88,0";"16,5";"16,8";"16,3";"876,5";"876,5";"875,8";"0,4";"160,0";"2,8";"";""
"05/01/2026";"0200";"18,1";"18,3";"17,9";"93,0";"93,0";"90,0";"16,9";"17,1";"16,6";"876,7";"876,7";"876,5";"1,0";"224,0";"2,5";"";""
"05/01/2026";"0300";"18,1";"18,2";"18,0";"92,0";"93,0";"90,0";"16,8";"16,8";"16,6";"876,6";"876,9";"876,6";"0,3";"170,0";"2,9";"";""
"05/01/2026";"0400";"18,1";"18,2";"18,0";"89,0";"92,0";"88,0";"16,2";"16,8";"16,2";"876,0";"876,6";"876,0";"1,8";"269,0";"3,1";"";""
"05/01/2026";"0500";"18,0";"18,2";"18,0";"90,0";"90,0";"89,0";"16,4";"16,4";"16,2";"875,5";"876,0";"875,5";"0,0";"67,0";"4,1";"";""
"05/01/2026";"0600";"18,0";"18,2";"17,8";"93,0";"93,0";"90,0";"16,8";"16,8";"16,4";"874,9";"875,5";"874,9";"0,0";"142,0";"0,8";"";""
"05/01/2026";"0700";"17,4";"18,0";"17,4";"94,0";"94,0";"92,0";"16,5";"16,8";"16,4";"874,5";"874,9";"874,5";"0,0";"338,0";"0,0";"";""
"05/01/2026";"0800";"17,7";"17,7";"17,4";"90,0";"94,0";"90,0";"16,1";"16,5";"16,0";"874,8";"874,8";"874,5";"1,5";"31,0";"2,8";"";""
"05/01/2026";"0900";"17,5";"17,7";"17,5";"92,0";"92,0";"90,0";"16,2";"16,4";"16,0";"875,2";"875,2";"874,8";"0,0";"338,0";"2,4";"";""
"05/01/2026";"1000";"19,1";"19,1";"17,5";"83,0";"92,0";"82,0";"16,2";"16,3";"15,8";"876,1";"876,1";"875,2";"1,4";"358,0";"4,7";"106,80";""
"05/01/2026";"1100";"19,5";"19,5";"19,0";"83,0";"85,0";"82,0";"16,5";"16,6";"16,0";"876,4";"876,4";"876,1";"1,7";"338,0";"4,8";"214,80";""
"05/01/2026";"1200";"19,5";"19,5";"18,5";"85,0";"92,0";"82,0";"16,9";"17,4";"16,3";"877,0";"877,0";"876,4";"2,1";"5,0";"5,3";"364,30";""
"05/01/2026";"1300";"20,8";"20,8";"19,0";"87,0";"94,0";"85,0";"18,5";"19,1";"17,3";"877,2";"877,3";"877,0";"2,5";"50,0";"5,4";"1134,40";""
"05/01/2026";"1400";"21,0";"21,3";"20,5";"78,0";"86,0";"76,0";"17,0";"18,0";"16,3";"876,8";"877,2";"876,8";"4,0";"327,0";"8,9";"1282,50";""
"05/01/2026";"1500";"19,7";"22,0";"19,6";"84,0";"86,0";"74,0";"17,0";"17,8";"16,6";"876,8";"876,9";"876,8";"4,8";"311,0";"10,0";"1352,30";""
"05/01/2026";"1600";"19,3";"19,8";"18,9";"84,0";"87,0";"82,0";"16,5";"17,1";"16,2";"876,5";"876,8";"876,5";"2,8";"301,0";"10,0";"900,90";""
"05/01/2026";"1700";"20,9";"20,9";"19,1";"73,0";"85,0";"71,0";"15,8";"17,0";"15,3";"875,7";"876,5";"875,7";"3,2";"315,0";"8,7";"1351,20";""
"05/01/2026";"1800";"21,8";"21,8";"20,8";"72,0";"75,0";"68,0";"16,5";"16,7";"15,5";"874,5";"875,7";"874,5";"4,4";"294,0";"10,0";"1492,60";""
"05/01/2026";"1900";"20,7";"21,8";"20,7";"78,0";"78,0";"71,0";"16,7";"16,9";"16,1";"873,8";"874,5";"873,8";"4,8";"281,0";"10,5";"1278,60";""
"05/01/2026";"2000";"20,4";"20,8";"20,3";"82,0";"82,0";"78,0";"17,2";"17,3";"16,6";"873,6";"873,9";"873,6";"3,3";"280,0";"8,5";"697,40";""
"05/01/2026";"2100";"19,5";"20,5";"19,5";"86,0";"86,0";"82,0";"17,1";"17,3";"16,7";"874,0";"874,0";"873,6";"2,9";"282,0";"7,6";"350,90";""
"05/01/2026";"2200";"19,0";"19,5";"19,0";"87,0";"87,0";"86,0";"16,8";"17,2";"16,7";"874,9";"874,9";"874,0";"2,7";"285,0";"7,0";"24,40";""
"05/01/2026";"2300";"18,7";"19,0";"18,7";"86,0";"88,0";"86,0";"16,4";"16,8";"16,3";"875,7";"875,7";"874,9";"1,7";"286,0";"5,6";"";""
"06/01/2026";"0000";"18,4";"18,9";"18,4";"92,0";"92,0";"86,0";"17,1";"17,1";"16,4";"876,6";"876,6";"875,7";"2,0";"283,0";"5,9";"";""
"06/01/2026";"0100";"18,6";"18,6";"18,4";"92,0";"92,0";"91,0";"17,2";"17,2";"17,1";"877,3";"877,3";"876,6";"2,1";"285,0";"5,1";"";""
"06/01/2026";"0200";"18,1";"18,6";"18,1";"92,0";"94,0";"92,0";"16,7";"17,2";"16,7";"877,4";"877,5";"877,3";"2,9";"276,0";"6,4";"";""
"06/01/2026";"0300";"17,8";"18,1";"17,7";"92,0";"93,0";"91,0";"16,5";"16,7";"16,4";"876,9";"877,4";"876,9";"3,7";"289,0";"6,9";"";""
"06/01/2026";"0400";"17,7";"17,9";"17,7";"93,0";"93,0";"92,0";"16,6";"16,6";"16,4";"876,0";"876,9";"876,0";"4,0";"282,0";"8,8";"";""
"06/01/2026";"0500";"17,5";"17,7";"17,5";"94,0";"94,0";"93,0";"16,5";"16,6";"16,4";"875,8";"876,0";"875,8";"2,3";"279,0";"8,1";"";""
"06/01/2026";"0600";"18,0";"18,0";"17,5";"89,0";"94,0";"88,0";"16,1";"16,5";"16,0";"875,4";"875,8";"875,3";"3,8";"299,0";"7,1";"";""
"06/01/2026";"0700";"18,1";"18,1";"17,7";"89,0";"90,0";"88,0";"16,2";"16,2";"15,9";"875,6";"875,6";"875,4";"1,5";"315,0";"7,1";"";""
"06/01/2026";"0800";"17,9";"18,1";"17,8";"92,0";"93,0";"89,0";"16,5";"16,6";"16,2";"875,7";"875,7";"875,6";"1,2";"322,0";"4,3";"";""
"06/01/2026";"0900";"17,5";"17,9";"17,5";"94,0";"94,0";"92,0";"16,5";"16,6";"16,2";"876,1";"876,1";"875,7";"1,4";"16,0";"4,3";"";""
"06/01/2026";"1000";"17,4";"17,6";"17,3";"93,0";"95,0";"93,0";"16,2";"16,7";"16,2";"876,7";"876,7";"876,1";"1,8";"12,0";"4,2";"80,00";""
"06/01/2026";"1100";"17,9";"17,9";"17,4";"90,0";"93,0";"89,0";"16,2";"16,5";"15,9";"877,2";"877,2";"876,7";"3,2";"340,0";"8,0";"274,80";""
"06/01/2026";"1200";"18,9";"19,2";"17,8";"81,0";"90,0";"80,0";"15,6";"16,6";"15,6";"877,9";"877,9";"877,2";"2,5";"352,0";"7,1";"728,40";""
"06/01/2026";"1300";"19,9";"20,0";"18,9";"77,0";"86,0";"77,0";"15,7";"17,0";"15,5";"877,6";"878,1";"877,6";"5,4";"316,0";"10,3";"1297,30";""
"06/01/2026";"1400";"21,8";"21,9";"19,9";"72,0";"80,0";"69,0";"16,5";"17,0";"15,4";"877,3";"877,7";"877,2";"3,3";"300,0";"10,5";"1683,90";""
"06/01/2026";"1500";"22,0";"22,5";"20,9";"72,0";"76,0";"70,0";"16,7";"17,6";"15,8";"877,2";"877,3";"877,2";"3,3";"298,0";"9,6";"2381,30";""
"06/01/2026";"1600";"22,9";"23,2";"21,3";"69,0";"75,0";"66,0";"16,8";"17,4";"16,1";"876,9";"877,4";"876,9";"2,6";"295,0";"7,4";"2227,60";""
"06/01/2026";"1700";"23,0";"23,4";"22,0";"66,0";"72,0";"65,0";"16,4";"17,2";"16,0";"876,5";"877,0";"876,5";"3,7";"286,0";"7,5";"1960,30";""
"06/01/2026";"1800";"23,0";"24,5";"22,6";"65,0";"69,0";"60,0";"16,1";"17,5";"15,8";"875,8";"876,5";"875,7";"3,8";"285,0";"7,5";"2338,50";""
"06/01/2026";"1900";"23,3";"24,4";"22,7";"64,0";"68,0";"62,0";"16,2";"17,3";"15,8";"874,9";"875,8";"874,9";"2,9";"292,0";"7,5";"1595,80";""
"06/01/2026";"2000";"23,6";"24,6";"22,8";"58,0";"67,0";"57,0";"15,0";"16,9";"15,0";"874,9";"875,1";"874,9";"3,3";"278,0";"7,0";"1267,90";""
"06/01/2026";"2100";"21,6";"23,6";"21,6";"65,0";"67,0";"58,0";"14,8";"15,6";"14,4";"875,5";"875,5";"874,9";"2,4";"288,0";"7,0";"513,80";""
"06/01/2026";"2200";"19,3";"21,6";"19,3";"86,0";"86,0";"65,0";"17,0";"17,1";"14,7";"876,1";"876,1";"875,5";"0,9";"8,0";"5,1";"34,70";""
"06/01/2026";"2300";"19,0";"19,4";"18,9";"93,0";"93,0";"86,0";"17,9";"17,9";"17,0";"876,5";"876,5";"876,1";"2,2";"30,0";"4,2";"";""
"07/01/2026";"0000";"18,8";"19,0";"18,7";"95,0";"95,0";"93,0";"17,9";"18,0";"17,9";"877,3";"877,3";"876,5";"1,9";"36,0";"4,2";"";""
"07/01/2026";"0100";"18,7";"18,8";"18,6";"95,0";"95,0";"95,0";"17,9";"17,9";"17,8";"878,2";"878,2";"877,3";"2,0";"46,0";"4,8";"";""
"07/01/2026";"0200";"18,5";"18,8";"18,4";"96,0";"96,0";"95,0";"17,8";"18,1";"17,7";"878,3";"878,4";"878,2";"2,6";"51,0";"4,4";"";""
"07/01/2026";"0300";"18,0";"18,5";"17,9";"96,0";"96,0";"96,0";"17,4";"17,8";"17,3";"877,7";"878,3";"877,7";"2,5";"51,0";"5,3";"";""
"07/01/2026";"0400";"18,0";"18,0";"17,9";"97,0";"97,0";"96,0";"17,4";"17,4";"17,3";"877,2";"877,7";"877,2";"2,8";"54,0";"5,0";"";""
"07/01/2026";"0500";"17,9";"18,0";"17,8";"97,0";"97,0";"97,0";"17,4";"17,5";"17,3";"876,6";"877,2";"876,6";"2,4";"52,0";"5,0";"";""
"07/01/2026";"0600";"17,9";"17,9";"17,9";"96,0";"97,0";"96,0";"17,3";"17,4";"17,3";"876,1";"876,6";"876,1";"2,6";"50,0";"5,7";"";""
"07/01/2026";"0700";"17,9";"18,0";"17,8";"96,0";"96,0";"96,0";"17,3";"17,4";"17,2";"876,3";"876,3";"876,1";"2,5";"65,0";"5,1";"";""
"07/01/2026";"0800";"18,0";"18,0";"17,8";"96,0";"97,0";"96,0";"17,3";"17,4";"17,3";"876,4";"876,4";"876,2";"3,1";"51,0";"5,6";"";""
"07/01/2026";"0900";"17,7";"18,0";"17,7";"96,0";"96,0";"96,0";"17,1";"17,3";"17,1";"876,9";"876,9";"876,4";"3,3";"57,0";"6,2";"4,10";""
"07/01/2026";"1000";"17,7";"17,8";"17,6";"96,0";"96,0";"96,0";"17,0";"17,2";"17,0";"877,7";"877,7";"876,9";"2,9";"47,0";"6,0";"89,10";""
"07/01/2026";"1100";"18,5";"18,5";"17,7";"94,0";"96,0";"94,0";"17,5";"17,6";"17,0";"878,4";"878,4";"877,7";"2,5";"44,0";"5,6";"357,30";""
"07/01/2026";"1200";"22,4";"22,4";"18,4";"76,0";"94,0";"76,0";"18,1";"18,3";"17,1";"878,7";"878,7";"878,4";"3,6";"66,0";"7,4";"1420,30";""
"07/01/2026";"1300";"23,5";"23,8";"21,1";"72,0";"82,0";"70,0";"18,0";"18,9";"17,1";"878,8";"878,8";"878,6";"3,6";"53,0";"8,8";"2734,30";""
"07/01/2026";"1400";"22,6";"23,5";"21,4";"78,0";"80,0";"72,0";"18,4";"18,4";"17,3";"878,5";"878,8";"878,5";"3,2";"65,0";"7,6";"1881,50";""
"07/01/2026";"1500";"22,6";"23,4";"21,8";"74,0";"81,0";"72,0";"17,8";"18,9";"17,8";"878,1";"878,5";"878,1";"3,4";"61,0";"6,3";"2194,40";""
"07/01/2026";"1600";"23,4";"23,4";"22,4";"72,0";"78,0";"70,0";"18,2";"18,7";"17,3";"877,8";"878,2";"877,8";"2,7";"53,0";"6,4";"1814,80";""
"07/01/2026";"1700";"22,3";"23,9";"22,1";"77,0";"80,0";"69,0";"18,0";"18,6";"17,4";"877,0";"877,8";"877,0";"2,7";"62,0";"6,1";"1550,60";""
"07/01/2026";"1800";"24,3";"24,3";"22,3";"68,0";"79,0";"68,0";"17,9";"19,1";"17,4";"876,2";"877,0";"876,2";"2,3";"62,0";"4,8";"1557,30";""
"07/01/2026";"1900";"21,7";"24,5";"21,6";"82,0";"83,0";"67,0";"18,4";"18,7";"17,4";"875,6";"876,2";"875,6";"2,4";"38,0";"5,7";"962,60";""
"07/01/2026";"2000";"21,8";"22,1";"21,7";"80,0";"82,0";"76,0";"18,1";"18,4";"17,6";"875,9";"875,9";"875,5";"1,1";"71,0";"4,3";"324,40";""
"07/01/2026";"2100";"19,4";"21,9";"19,4";"88,0";"89,0";"79,0";"17,4";"18,5";"17,4";"876,6";"876,6";"875,8";"2,1";"338,0";"5,5";"91,10";""
"07/01/2026";"2200";"18,2";"19,4";"18,0";"94,0";"95,0";"88,0";"17,3";"17,7";"16,9";"877,0";"877,3";"876,6";"1,5";"296,0";"4,9";"1,70";""
"07/01/2026";"2300";"18,1";"18,5";"18,1";"95,0";"96,0";"94,0";"17,3";"17,7";"17,3";"877,5";"877,6";"877,0";"0,9";"190,0";"3,2";"";""
"08/01/2026";"0000";"18,1";"18,1";"17,7";"95,0";"96,0";"95,0";"17,3";"17,3";"16,9";"878,0";"878,0";"877,5";"2,0";"32,0";"4,1";"";""
"08/01/2026";"0100";"17,9";"18,2";"17,9";"96,0";"96,0";"95,0";"17,3";"17,5";"17,2";"878,6";"878,6";"878,0";"1,4";"55,0";"4,6";"";""
"08/01/2026";"0200";"17,7";"18,0";"17,6";"96,0";"96,0";"95,0";"17,0";"17,3";"16,9";"878,9";"879,4";"878,6";"1,8";"59,0";"5,1";"";""
"08/01/2026";"0300";"17,6";"17,9";"17,5";"96,0";"97,0";"96,0";"17,0";"17,3";"16,9";"877,7";"878,9";"877,7";"0,6";"126,0";"3,9";"";""
"08/01/2026";"0400";"";"";"";"";"";"";"";"";"";"";"";"";"";"";"";"";""
"08/01/2026";"0500";"17,3";"17,5";"17,2";"96,0";"96,0";"94,0";"16,6";"16,7";"16,2";"877,1";"877,4";"877,1";"0,4";"72,0";"3,0";"";""
"08/01/2026";"0600";"18,2";"18,3";"17,3";"93,0";"96,0";"93,0";"17,1";"17,3";"16,6";"876,7";"877,1";"876,7";"2,1";"55,0";"4,7";"";""
"08/01/2026";"0700";"17,8";"18,2";"17,8";"95,0";"95,0";"93,0";"16,9";"17,1";"16,9";"876,6";"876,7";"876,5";"1,2";"56,0";"3,3";"";""
"08/01/2026";"0800";"17,7";"18,0";"17,7";"95,0";"95,0";"94,0";"17,0";"17,2";"16,8";"876,9";"876,9";"876,6";"2,0";"65,0";"3,4";"";""
"08/01/2026";"0900";"17,4";"17,7";"17,4";"95,0";"96,0";"95,0";"16,5";"17,0";"16,5";"877,5";"877,5";"876,8";"1,6";"35,0";"4,4";"1,80";""
"08/01/2026";"1000";"18,1";"18,2";"17,3";"94,0";"95,0";"94,0";"17,2";"17,4";"16,5";"877,9";"877,9";"877,5";"1,9";"48,0";"3,4";"189,60";""
"08/01/2026";"1100";"20,7";"20,7";"18,1";"91,0";"95,0";"89,0";"19,1";"19,1";"17,2";"878,2";"878,2";"877,9";"2,9";"70,0";"5,7";"840,50";""
"08/01/2026";"1200";"21,4";"22,0";"20,4";"85,0";"90,0";"81,0";"18,8";"19,1";"17,5";"878,3";"878,3";"878,2";"4,0";"63,0";"7,9";"1914,30";""
"08/01/2026";"1300";"21,6";"22,4";"20,8";"81,0";"85,0";"73,0";"18,2";"18,8";"16,7";"878,6";"878,6";"878,3";"3,9";"69,0";"10,1";"1895,00";""
"08/01/2026";"1400";"23,1";"23,8";"20,8";"73,0";"85,0";"67,0";"17,9";"18,7";"17,1";"878,4";"878,7";"878,4";"3,5";"59,0";"8,6";"2167,40";""
"08/01/2026";"1500";"25,9";"25,9";"23,2";"64,0";"73,0";"60,0";"18,6";"18,6";"16,3";"878,2";"878,5";"878,2";"3,2";"37,0";"9,8";"3891,30";""
"08/01/2026";"1600";"25,8";"26,4";"24,2";"58,0";"66,0";"55,0";"16,8";"18,4";"16,0";"877,9";"878,2";"877,9";"4,0";"50,0";"8,0";"4010,50";""
"08/01/2026";"1700";"26,6";"27,0";"25,5";"49,0";"59,0";"47,0";"15,2";"17,2";"14,6";"877,1";"877,9";"877,1";"3,7";"43,0";"7,7";"3862,30";""
"08/01/2026";"1800";"27,5";"27,5";"25,7";"49,0";"56,0";"42,0";"15,6";"16,8";"13,3";"876,3";"877,1";"876,3";"3,7";"60,0";"8,4";"3283,90";""
"08/01/2026";"1900";"25,9";"27,6";"25,4";"55,0";"55,0";"41,0";"16,0";"16,0";"12,7";"875,6";"876,4";"875,5";"4,2";"86,0";"9,2";"2305,00";""
"08/01/2026";"2000";"25,5";"26,5";"24,6";"51,0";"56,0";"49,0";"14,6";"15,8";"14,5";"875,8";"875,8";"875,6";"3,3";"103,0";"9,2";"1377,80";""
"08/01/2026";"2100";"24,4";"25,9";"24,4";"56,0";"57,0";"50,0";"15,0";"15,7";"14,5";"875,9";"876,0";"875,7";"2,0";"90,0";"5,6";"656,00";""
"08/01/2026";"2200";"20,8";"24,4";"20,7";"73,0";"73,0";"55,0";"15,8";"15,8";"14,9";"876,6";"876,6";"875,9";"0,0";"8,0";"3,9";"33,10";""
"08/01/2026";"2300";"19,4";"20,8";"18,6";"80,0";"84,0";"73,0";"15,9";"16,1";"15,5";"877,0";"877,0";"876,6";"0,5";"303,0";"1,4";"";""
"09/01/2026";"0000";"19,4";"19,6";"19,0";"79,0";"82,0";"79,0";"15,8";"15,9";"15,6";"877,3";"877,4";"877,0";"1,6";"314,0";"2,1";"";""
"09/01/2026";"0100";"20,8";"20,8";"18,4";"77,0";"87,0";"77,0";"16,6";"16,9";"15,8";"878,0";"878,0";"877,3";"2,6";"105,0";"5,9";"";""
"09/01/2026";"0200";"18,8";"21,3";"18,5";"93,0";"93,0";"73,0";"17,6";"17,6";"16,1";"878,8";"878,9";"877,9";"3,1";"54,0";"10,1";"";""
"09/01/2026";"0300";"18,4";"18,9";"18,3";"95,0";"95,0";"90,0";"17,5";"17,6";"17,1";"877,7";"878,8";"877,7";"1,6";"304,0";"6,6";"";""
"09/01/2026";"0400";"18,3";"18,4";"18,1";"96,0";"96,0";"95,0";"17,6";"17,6";"17,3";"876,9";"877,7";"876,9";"0,2";"108,0";"2,4";"";""
"09/01/2026";"0500";"17,2";"18,3";"17,2";"96,0";"96,0";"95,0";"16,5";"17,6";"16,5";"876,7";"876,9";"876,7";"0,2";"26,0";"1,2";"";""
"09/01/2026";"0600";"17,2";"17,3";"16,9";"93,0";"96,0";"93,0";"16,1";"16,5";"16,1";"876,6";"876,7";"876,5";"1,4";"4,0";"2,4";"";""
"09/01/2026";"0700";"16,5";"17,4";"16,5";"95,0";"95,0";"93,0";"15,6";"16,5";"15,6";"876,6";"876,8";"876,6";"0,0";"67,0";"2,4";"";""
"09/01/2026";"0800";"16,4";"16,5";"16,0";"96,0";"96,0";"94,0";"15,7";"15,7";"15,1";"876,7";"876,7";"876,6";"0,8";"87,0";"1,6";"";""
"09/01/2026";"0900";"17,4";"17,5";"16,2";"93,0";"96,0";"92,0";"16,2";"16,3";"15,4";"877,3";"877,3";"876,7";"1,5";"76,0";"3,2";"1,80";""
"09/01/2026";"1000";"19,7";"19,7";"17,2";"85,0";"94,0";"85,0";"17,1";"17,4";"16,1";"877,7";"877,7";"877,3";"2,1";"52,0";"4,4";"287,10";""
"09/01/2026";"1100";"22,5";"22,6";"19,7";"77,0";"85,0";"76,0";"18,2";"18,6";"16,9";"878,0";"878,0";"877,7";"3,2";"65,0";"7,2";"1302,30";""
"09/01/2026";"1200";"23,3";"23,8";"22,3";"71,0";"78,0";"70,0";"17,7";"19,1";"17,5";"878,3";"878,3";"878,0";"4,5";"66,0";"9,1";"2469,20";""
"09/01/2026";"1300";"23,8";"24,7";"23,3";"67,0";"74,0";"64,0";"17,4";"18,6";"16,8";"878,7";"878,7";"878,3";"5,0";"96,0";"10,7";"2978,10";""
"09/01/2026";"1400";"23,7";"26,3";"23,7";"70,0";"70,0";"58,0";"17,9";"18,8";"16,7";"878,5";"878,7";"878,5";"2,9";"58,0";"9,1";"2701,80";""
"09/01/2026";"1500";"24,4";"26,2";"23,6";"66,0";"70,0";"59,0";"17,5";"19,3";"16,8";"878,1";"878,6";"878,1";"2,5";"64,0";"6,9";"2010,80";""
"09/01/2026";"1600";"24,9";"27,0";"24,4";"62,0";"66,0";"55,0";"17,2";"18,8";"16,5";"877,6";"878,1";"877,6";"3,3";"82,0";"7,8";"2842,40";""
"09/01/2026";"1700";"25,5";"27,2";"24,9";"59,0";"63,0";"52,0";"16,9";"18,1";"15,8";"876,9";"877,6";"876,8";"2,9";"82,0";"7,8";"2892,90";""
"09/01/2026";"1800";"27,1";"28,0";"25,5";"56,0";"61,0";"51,0";"17,6";"18,4";"16,4";"876,2";"876,9";"876,2";"2,5";"51,0";"7,7";"2942,10";""
"09/01/2026";"1900";"26,3";"28,5";"26,2";"53,0";"58,0";"47,0";"15,9";"18,4";"15,1";"875,8";"876,3";"875,7";"4,1";"104,0";"8,2";"2469,70";""
"09/01/2026";"2000";"25,8";"27,5";"25,1";"60,0";"62,0";"52,0";"17,4";"17,8";"16,0";"875,8";"876,0";"875,8";"2,8";"49,0";"8,0";"1533,10";""
"09/01/2026";"2100";"24,9";"26,0";"24,9";"56,0";"62,0";"54,0";"15,4";"17,5";"15,3";"875,7";"875,8";"875,5";"3,2";"95,0";"7,1";"832,60";""
"09/01/2026";"2200";"23,7";"24,9";"23,7";"65,0";"65,0";"56,0";"16,8";"16,8";"15,5";"876,2";"876,2";"875,7";"1,9";"118,0";"5,9";"73,80";""
"09/01/2026";"2300";"23,0";"23,7";"22,9";"73,0";"74,0";"65,0";"18,0";"18,1";"16,7";"877,0";"877,0";"876,2";"1,6";"136,0";"3,3";"";""
"10/01/2026";"0000";"22,3";"23,0";"21,2";"75,0";"83,0";"73,0";"17,6";"18,2";"17,6";"877,4";"877,4";"877,0";"2,1";"149,0";"5,7";"";""
"10/01/2026";"0100";"19,3";"22,4";"19,3";"89,0";"91,0";"74,0";"17,4";"18,8";"17,3";"878,2";"878,3";"877,4";"3,9";"70,0";"8,8";"";""
"10/01/2026";"0200";"18,6";"19,3";"18,0";"95,0";"95,0";"88,0";"17,7";"17,7";"16,5";"878,3";"878,6";"878,2";"0,5";"51,0";"8,8";"";""
"10/01/2026";"0300";"18,5";"19,0";"18,3";"95,0";"95,0";"94,0";"17,7";"18,2";"17,5";"877,8";"878,5";"877,8";"0,5";"297,0";"4,1";"";""
"10/01/2026";"0400";"18,3";"18,5";"18,0";"96,0";"96,0";"95,0";"17,6";"17,7";"17,3";"877,3";"877,8";"877,3";"0,8";"52,0";"2,4";"";""
"10/01/2026";"0500";"18,4";"18,6";"18,0";"92,0";"96,0";"91,0";"17,0";"17,6";"17,0";"876,8";"877,3";"876,7";"1,7";"38,0";"4,4";"";""
"10/01/2026";"0600";"18,5";"18,7";"18,3";"90,0";"92,0";"90,0";"16,9";"17,0";"16,9";"876,5";"876,8";"876,5";"1,8";"34,0";"4,7";"";""
"10/01/2026";"0700";"17,4";"18,5";"17,4";"93,0";"93,0";"90,0";"16,2";"16,9";"16,2";"876,2";"876,5";"876,2";"1,4";"41,0";"2,9";"";""
"10/01/2026";"0800";"17,5";"17,5";"16,7";"94,0";"96,0";"93,0";"16,5";"16,6";"15,9";"876,1";"876,2";"876,0";"1,4";"61,0";"2,6";"";""
"10/01/2026";"0900";"17,9";"18,0";"16,8";"91,0";"94,0";"91,0";"16,5";"16,5";"15,8";"876,6";"876,6";"876,0";"2,4";"69,0";"4,5";"3,40";""
"10/01/2026";"1000";"20,1";"20,5";"17,9";"85,0";"92,0";"83,0";"17,4";"17,8";"16,5";"877,0";"877,0";"876,6";"2,9";"76,0";"5,0";"402,30";""
"10/01/2026";"1100";"20,6";"21,1";"19,6";"85,0";"88,0";"82,0";"17,9";"18,6";"17,0";"877,5";"877,5";"877,0";"2,9";"58,0";"6,2";"1021,70";""
"10/01/2026";"1200";"22,8";"22,8";"20,5";"74,0";"85,0";"74,0";"17,8";"18,4";"17,2";"877,8";"877,8";"877,5";"4,5";"81,0";"8,4";"2008,90";""
"10/01/2026";"1300";"23,6";"23,7";"22,4";"69,0";"76,0";"68,0";"17,7";"18,3";"17,2";"878,1";"878,1";"877,8";"4,5";"77,0";"9,3";"3010,50";""
"10/01/2026";"1400";"24,5";"24,8";"23,5";"67,0";"72,0";"65,0";"17,9";"18,8";"16,8";"878,1";"878,3";"878,0";"3,7";"79,0";"9,5";"3136,60";""
"10/01/2026";"1500";"24,5";"25,9";"23,4";"68,0";"72,0";"60,0";"18,2";"19,0";"16,8";"877,7";"878,1";"877,7";"3,0";"62,0";"8,3";"2820,30";""
"10/01/2026";"1600";"25,7";"26,4";"24,2";"57,0";"70,0";"55,0";"16,4";"18,5";"15,5";"877,2";"877,7";"877,1";"4,5";"85,0";"8,3";"3441,70";""
"10/01/2026";"1700";"26,7";"27,4";"25,7";"53,0";"58,0";"51,0";"16,2";"17,4";"15,8";"876,4";"877,2";"876,4";"3,3";"67,0";"8,3";"3955,00";""
"10/01/2026";"1800";"27,2";"28,1";"26,2";"47,0";"55,0";"44,0";"15,0";"17,4";"14,1";"875,4";"876,4";"875,3";"3,6";"87,0";"8,4";"3218,10";""
"10/01/2026";"1900";"26,9";"28,5";"26,8";"49,0";"49,0";"41,0";"15,2";"15,2";"12,8";"874,7";"875,4";"874,7";"3,6";"99,0";"8,4";"2779,10";""
"10/01/2026";"2000";"26,2";"27,1";"25,7";"53,0";"57,0";"48,0";"15,7";"17,4";"14,6";"874,1";"874,7";"874,1";"2,8";"77,0";"8,6";"1856,20";""
"10/01/2026";"2100";"24,5";"26,3";"24,5";"60,0";"60,0";"52,0";"16,2";"16,6";"15,4";"874,1";"874,2";"874,1";"3,6";"85,0";"7,2";"858,30";""
"10/01/2026";"2200";"22,4";"24,5";"22,4";"70,0";"70,0";"60,0";"16,6";"16,7";"16,1";"874,7";"874,7";"874,1";"1,2";"79,0";"7,2";"51,80";""
"10/01/2026";"2300";"20,8";"22,5";"20,8";"77,0";"77,0";"70,0";"16,6";"17,1";"16,4";"875,0";"875,0";"874,7";"0,5";"118,0";"2,4";"";""
"11/01/2026";"0000";"18,8";"20,8";"18,8";"87,0";"87,0";"77,0";"16,5";"16,8";"16,5";"875,9";"875,9";"875,0";"0,0";"13,0";"1,7";"";""
"11/01/2026";"0100";"19,5";"19,8";"18,2";"87,0";"90,0";"86,0";"17,2";"17,5";"16,5";"876,5";"876,5";"875,9";"0,9";"316,0";"1,7";"";""
"11/01/2026";"0200";"20,3";"20,3";"19,1";"83,0";"88,0";"83,0";"17,3";"17,7";"16,9";"876,6";"876,7";"876,5";"0,1";"82,0";"1,5";"";""
"11/01/2026";"0300";"20,7";"20,8";"20,0";"84,0";"86,0";"82,0";"17,9";"18,0";"17,2";"876,5";"876,6";"876,4";"0,8";"129,0";"2,4";"";""
"11/01/2026";"0400";"18,7";"20,8";"18,5";"94,0";"94,0";"81,0";"17,7";"17,7";"16,8";"876,2";"876,5";"876,1";"1,8";"125,0";"8,9";"";""
"11/01/2026";"0500";"18,8";"19,1";"18,7";"94,0";"95,0";"93,0";"17,7";"18,2";"17,7";"876,0";"876,2";"875,8";"0,9";"70,0";"4,2";"";""
"11/01/2026";"0600";"18,0";"18,8";"17,9";"95,0";"95,0";"94,0";"17,2";"18,1";"17,2";"875,6";"876,0";"875,5";"1,0";"49,0";"2,2";"";""
"11/01/2026";"0700";"17,1";"18,1";"16,6";"96,0";"96,0";"95,0";"16,6";"17,3";"15,9";"875,6";"875,7";"875,5";"1,2";"65,0";"2,0";"";""
"11/01/2026";"0800";"17,6";"17,6";"16,9";"93,0";"96,0";"93,0";"16,5";"16,9";"16,2";"875,9";"875,9";"875,5";"1,9";"49,0";"3,2";"";""
"11/01/2026";"0900";"17,6";"17,8";"17,3";"94,0";"94,0";"92,0";"16,6";"16,6";"16,3";"876,2";"876,3";"875,9";"1,4";"75,0";"3,5";"3,40";""
"11/01/2026";"1000";"19,5";"19,8";"17,5";"89,0";"95,0";"88,0";"17,7";"18,1";"16,6";"876,8";"876,8";"876,2";"2,4";"67,0";"4,3";"326,00";""
"11/01/2026";"1100";"21,1";"21,1";"19,4";"84,0";"91,0";"83,0";"18,3";"18,4";"17,5";"877,3";"877,3";"876,8";"3,5";"72,0";"6,7";"1170,50";""
"11/01/2026";"1200";"22,2";"22,6";"20,3";"71,0";"86,0";"70,0";"16,8";"18,5";"16,4";"877,6";"877,7";"877,3";"5,0";"90,0";"8,4";"2277,60";""
"11/01/2026";"1300";"23,0";"24,0";"21,8";"70,0";"74,0";"64,0";"17,3";"17,9";"16,2";"877,7";"877,8";"877,6";"4,4";"46,0";"10,4";"2547,90";""
"11/01/2026";"1400";"25,5";"25,5";"23,0";"63,0";"72,0";"60,0";"18,0";"18,0";"16,2";"877,6";"877,8";"877,5";"3,7";"73,0";"10,6";"3278,00";""
"11/01/2026";"1500";"26,4";"26,4";"25,0";"59,0";"63,0";"56,0";"17,6";"18,1";"16,4";"877,3";"877,6";"877,2";"3,4";"36,0";"8,4";"3854,70";""
"11/01/2026";"1600";"26,1";"27,9";"25,5";"57,0";"59,0";"52,0";"17,0";"18,0";"16,0";"876,6";"877,3";"876,6";"2,9";"51,0";"7,5";"3837,40";""
"11/01/2026";"1700";"26,5";"27,9";"25,4";"53,0";"59,0";"49,0";"16,1";"18,0";"15,0";"875,6";"876,6";"875,6";"3,1";"103,0";"7,8";"3569,60";""
"11/01/2026";"1800";"27,4";"28,1";"26,2";"49,0";"53,0";"45,0";"15,8";"16,5";"14,4";"874,6";"875,6";"874,6";"3,7";"72,0";"7,2";"3365,90";""
"11/01/2026";"1900";"26,7";"27,9";"25,6";"48,0";"52,0";"42,0";"14,8";"15,6";"13,3";"874,2";"874,6";"874,2";"2,8";"99,0";"7,1";"2329,60";""
"11/01/2026";"2000";"25,1";"27,4";"25,1";"49,0";"55,0";"45,0";"13,7";"16,0";"13,5";"873,9";"874,2";"873,9";"3,8";"111,0";"6,3";"1267,90";""
"11/01/2026";"2100";"25,0";"26,0";"25,0";"54,0";"55,0";"46,0";"15,1";"15,8";"13,4";"873,7";"873,9";"873,7";"2,7";"91,0";"6,3";"733,60";""
"11/01/2026";"2200";"22,1";"25,0";"22,1";"67,0";"67,0";"54,0";"15,6";"16,1";"15,3";"874,1";"874,1";"873,7";"1,5";"70,0";"5,0";"44,30";""
"11/01/2026";"2300";"20,1";"22,1";"19,7";"77,0";"78,0";"67,0";"15,9";"16,0";"15,5";"874,7";"874,7";"874,1";"1,5";"342,0";"4,1";"";""
"12/01/2026";"0000";"18,4";"20,1";"18,4";"84,0";"84,0";"77,0";"15,7";"16,1";"15,7";"875,8";"875,8";"874,7";"0,4";"59,0";"2,5";"";""
"12/01/2026";"0100";"19,1";"19,3";"18,2";"85,0";"88,0";"84,0";"16,5";"16,5";"15,7";"876,8";"876,8";"875,8";"1,1";"305,0";"1,4";"";""
"12/01/2026";"0200";"18,6";"19,2";"18,5";"84,0";"88,0";"84,0";"16,0";"17,0";"15,9";"876,4";"876,9";"876,4";"0,7";"4,0";"1,9";"";""
"12/01/2026";"0300";"18,6";"19,0";"18,4";"83,0";"85,0";"82,0";"15,7";"16,0";"15,6";"876,3";"876,6";"876,3";"0,2";"64,0";"2,0";"";""
"12/01/2026";"0400";"18,5";"19,3";"18,3";"85,0";"85,0";"81,0";"15,8";"16,3";"15,4";"876,1";"876,5";"876,1";"0,0";"325,0";"3,3";"";""
"12/01/2026";"0500";"17,2";"18,5";"16,9";"92,0";"92,0";"85,0";"15,8";"16,0";"15,4";"876,0";"876,2";"876,0";"0,0";"340,0";"2,1";"";""
"12/01/2026";"0600";"17,3";"17,4";"17,0";"90,0";"92,0";"89,0";"15,7";"15,7";"15,3";"875,6";"876,0";"875,6";"0,8";"278,0";"1,5";"";""
"12/01/2026";"0700";"18,4";"18,5";"17,2";"85,0";"90,0";"85,0";"15,9";"16,1";"15,5";"875,8";"875,8";"875,6";"0,9";"41,0";"2,5";"";""
"12/01/2026";"0800";"18,8";"18,9";"18,0";"84,0";"87,0";"83,0";"16,0";"16,1";"15,8";"875,8";"875,8";"875,6";"1,3";"17,0";"3,0";"";""
"12/01/2026";"0900";"18,5";"19,0";"18,4";"85,0";"85,0";"83,0";"16,0";"16,1";"15,9";"876,6";"876,6";"875,8";"1,6";"9,0";"2,9";"";""
"12/01/2026";"1000";"19,2";"19,5";"18,5";"85,0";"86,0";"82,0";"16,5";"16,8";"16,0";"877,5";"877,5";"876,6";"0,0";"262,0";"2,8";"108,50";""
"12/01/2026";"1100";"20,0";"20,2";"19,2";"83,0";"86,0";"81,0";"17,0";"17,4";"16,6";"877,9";"877,9";"877,5";"0,4";"135,0";"1,6";"336,90";""
"12/01/2026";"1200";"24,8";"24,9";"20,0";"62,0";"85,0";"62,0";"17,1";"18,3";"16,1";"878,1";"878,2";"877,8";"1,9";"94,0";"4,5";"2047,60";""
"12/01/2026";"1300";"22,3";"26,2";"22,3";"64,0";"66,0";"58,0";"15,3";"18,0";"15,3";"878,5";"878,5";"878,1";"2,4";"293,0";"7,6";"2720,30";""
"12/01/2026";"1400";"20,2";"24,1";"20,2";"87,0";"87,0";"63,0";"18,0";"18,1";"15,0";"878,4";"878,5";"878,2";"1,7";"278,0";"5,6";"1903,50";""
"12/01/2026";"1500";"18,2";"20,2";"18,0";"93,0";"93,0";"83,0";"17,1";"18,8";"16,0";"878,0";"878,5";"878,0";"3,0";"328,0";"9,0";"486,80";""
"12/01/2026";"1600";"17,5";"18,3";"17,4";"88,0";"93,0";"82,0";"15,5";"17,2";"14,3";"878,0";"878,1";"877,8";"1,9";"90,0";"7,2";"380,60";""
"12/01/2026";"1700";"17,7";"18,1";"17,4";"93,0";"93,0";"85,0";"16,5";"16,8";"14,9";"877,2";"878,0";"877,2";"3,7";"43,0";"6,7";"385,40";""
"12/01/2026";"1800";"19,9";"19,9";"17,4";"91,0";"94,0";"90,0";"18,4";"18,4";"16,2";"876,1";"877,1";"876,1";"1,8";"303,0";"6,7";"665,70";""
"12/01/2026";"1900";"21,1";"21,9";"19,9";"74,0";"92,0";"70,0";"16,3";"19,5";"15,8";"875,7";"876,1";"875,4";"3,0";"250,0";"5,5";"1388,70";""
"12/01/2026";"2000";"21,3";"21,5";"21,1";"80,0";"81,0";"74,0";"17,7";"18,0";"16,4";"875,5";"875,9";"875,5";"2,2";"222,0";"6,0";"806,90";""
"12/01/2026";"2100";"20,9";"21,6";"20,8";"84,0";"84,0";"80,0";"18,0";"18,7";"17,7";"875,6";"875,6";"875,2";"1,3";"241,0";"4,5";"420,20";""
"12/01/2026";"2200";"18,8";"20,9";"18,7";"90,0";"92,0";"83,0";"17,2";"18,1";"17,2";"876,3";"876,4";"875,6";"1,8";"289,0";"2,6";"60,70";""
"12/01/2026";"2300";"18,1";"18,8";"17,9";"94,0";"94,0";"90,0";"17,1";"17,4";"16,8";"877,4";"877,4";"876,3";"0,5";"5,0";"2,4";"";""
"13/01/2026";"0000";"16,1";"19,1";"16,1";"96,0";"96,0";"90,0";"15,4";"17,9";"15,4";"879,3";"879,3";"877,4";"5,2";"52,0";"12,9";"";""
"13/01/2026";"0100";"16,3";"16,3";"16,0";"96,0";"97,0";"96,0";"15,6";"15,6";"15,4";"879,5";"879,5";"879,3";"2,7";"50,0";"10,2";"";""
"13/01/2026";"0200";"16,1";"16,3";"16,1";"96,0";"96,0";"96,0";"15,4";"15,7";"15,4";"879,5";"879,7";"879,5";"2,8";"47,0";"6,2";"";""
"13/01/2026";"0300";"16,2";"16,2";"16,0";"96,0";"96,0";"95,0";"15,5";"15,5";"15,2";"878,7";"879,5";"878,7";"0,3";"66,0";"5,7";"";""
"13/01/2026";"0400";"15,9";"16,3";"15,9";"96,0";"96,0";"96,0";"15,3";"15,6";"15,3";"877,7";"878,7";"877,7";"1,0";"342,0";"2,0";"";""
"13/01/2026";"0500";"16,1";"16,2";"15,8";"96,0";"96,0";"95,0";"15,4";"15,5";"15,1";"877,0";"877,7";"876,7";"1,4";"321,0";"2,5";"";""
"13/01/2026";"0600";"15,9";"16,1";"15,9";"96,0";"96,0";"94,0";"15,3";"15,4";"15,0";"876,3";"877,0";"876,3";"2,8";"44,0";"5,4";"";""
"13/01/2026";"0700";"16,2";"16,2";"15,9";"96,0";"96,0";"93,0";"15,5";"15,5";"15,0";"876,3";"876,4";"876,2";"0,4";"125,0";"4,8";"";""
"13/01/2026";"0800";"16,0";"16,2";"16,0";"96,0";"96,0";"96,0";"15,4";"15,5";"15,4";"876,3";"876,3";"876,1";"1,0";"44,0";"2,8";"";""
"13/01/2026";"0900";"16,2";"16,3";"16,0";"96,0";"96,0";"96,0";"15,5";"15,7";"15,4";"876,8";"876,8";"876,3";"1,0";"42,0";"2,2";"2,70";""
"13/01/2026";"1000";"18,6";"18,6";"16,2";"90,0";"96,0";"90,0";"16,9";"17,0";"15,5";"877,3";"877,3";"876,6";"0,3";"162,0";"2,5";"197,40";""
"13/01/2026";"1100";"23,5";"23,5";"18,6";"67,0";"91,0";"64,0";"17,0";"17,5";"16,1";"877,6";"877,6";"877,3";"0,0";"184,0";"1,0";"1000,60";""
"13/01/2026";"1200";"23,0";"23,8";"22,9";"64,0";"71,0";"56,0";"15,9";"17,9";"14,1";"878,4";"878,4";"877,6";"0,8";"85,0";"2,2";"1105,10";""
"13/01/2026";"1300";"24,0";"24,7";"22,7";"58,0";"67,0";"54,0";"15,1";"16,4";"14,4";"878,7";"878,7";"878,4";"1,6";"82,0";"3,0";"1417,60";""
"13/01/2026";"1400";"25,5";"26,3";"24,0";"58,0";"63,0";"54,0";"16,6";"17,4";"15,0";"878,6";"878,8";"878,6";"2,5";"67,0";"5,8";"2286,20";""
"13/01/2026";"1500";"25,7";"27,1";"25,3";"61,0";"63,0";"53,0";"17,6";"18,6";"15,4";"878,4";"878,7";"878,4";"2,9";"59,0";"6,4";"3126,20";""
"13/01/2026";"1600";"27,0";"27,4";"24,9";"62,0";"65,0";"54,0";"19,1";"19,2";"16,6";"878,0";"878,4";"877,9";"3,8";"60,0";"9,1";"3441,70";""
"13/01/2026";"1700";"25,1";"27,1";"25,1";"63,0";"65,0";"56,0";"17,5";"19,0";"16,3";"877,1";"878,0";"877,1";"3,6";"92,0";"8,0";"2959,90";""
"13/01/2026";"1800";"23,7";"25,6";"23,7";"65,0";"67,0";"56,0";"16,6";"17,4";"16,1";"876,7";"877,3";"876,6";"3,3";"100,0";"7,4";"833,90";""
"13/01/2026";"1900";"23,8";"24,2";"23,7";"67,0";"69,0";"65,0";"17,2";"17,8";"16,9";"876,4";"876,9";"876,4";"2,2";"87,0";"5,4";"770,40";""
"13/01/2026";"2000";"23,4";"23,8";"23,3";"70,0";"70,0";"64,0";"17,5";"17,8";"16,6";"875,9";"876,4";"875,9";"0,8";"56,0";"3,9";"483,60";""
"13/01/2026";"2100";"23,0";"23,5";"22,8";"68,0";"74,0";"67,0";"16,7";"18,1";"16,7";"875,7";"875,9";"875,5";"2,3";"135,0";"3,9";"285,00";""
"13/01/2026";"2200";"21,9";"23,0";"21,9";"74,0";"74,0";"67,0";"17,2";"17,5";"16,6";"876,0";"876,0";"875,7";"1,9";"80,0";"3,9";"47,70";""
"13/01/2026";"2300";"19,5";"21,9";"19,5";"77,0";"79,0";"73,0";"15,5";"17,3";"15,3";"877,3";"877,4";"876,0";"3,7";"85,0";"13,2";"";""
"14/01/2026";"0000";"19,0";"20,5";"18,9";"81,0";"81,0";"67,0";"15,6";"15,7";"14,0";"877,7";"877,7";"877,0";"1,8";"76,0";"9,0";"";""
"14/01/2026";"0100";"19,7";"19,7";"19,0";"76,0";"81,0";"72,0";"15,4";"15,6";"14,4";"877,9";"878,0";"877,6";"1,5";"51,0";"4,4";"";""
"14/01/2026";"0200";"20,1";"20,1";"19,1";"72,0";"80,0";"72,0";"14,9";"15,6";"14,9";"878,1";"878,2";"877,9";"1,7";"67,0";"3,1";"";""
"14/01/2026";"0300";"20,0";"20,3";"19,6";"76,0";"78,0";"71,0";"15,6";"15,9";"14,9";"877,8";"878,2";"877,8";"1,6";"55,0";"3,3";"";""
"14/01/2026";"0400";"18,9";"20,2";"18,9";"81,0";"81,0";"75,0";"15,5";"15,8";"15,4";"877,5";"877,8";"877,5";"1,1";"69,0";"3,1";"";""
"14/01/2026";"0500";"18,2";"18,9";"17,7";"86,0";"89,0";"81,0";"15,7";"15,9";"15,4";"877,1";"877,5";"877,1";"0,4";"46,0";"2,2";"";""
"14/01/2026";"0600";"18,8";"19,3";"18,2";"82,0";"86,0";"79,0";"15,6";"15,8";"15,5";"876,9";"877,1";"876,9";"1,0";"58,0";"3,1";"";""
"14/01/2026";"0700";"17,9";"18,8";"17,9";"84,0";"85,0";"82,0";"15,3";"15,6";"15,3";"876,6";"876,9";"876,5";"1,4";"88,0";"2,0";"";""
"14/01/2026";"0800";"17,7";"17,9";"16,9";"86,0";"89,0";"84,0";"15,4";"15,5";"15,0";"876,7";"876,7";"876,5";"1,6";"85,0";"2,5";"";""
"14/01/2026";"0900";"17,5";"17,7";"16,9";"87,0";"89,0";"85,0";"15,3";"15,5";"14,9";"877,1";"877,1";"876,6";"1,6";"52,0";"3,4";"";""
"14/01/2026";"1000";"20,3";"20,4";"17,5";"79,0";"87,0";"78,0";"16,5";"16,9";"15,2";"877,8";"877,8";"877,1";"1,8";"75,0";"3,6";"351,60";""
"14/01/2026";"1100";"21,0";"21,3";"20,3";"76,0";"79,0";"75,0";"16,6";"17,0";"16,2";"878,1";"878,1";"877,8";"3,6";"67,0";"7,0";"1138,70";""
"14/01/2026";"1200";"22,4";"22,4";"21,0";"72,0";"77,0";"72,0";"17,1";"17,4";"16,6";"878,3";"878,4";"878,1";"5,3";"83,0";"10,1";"1652,20";""
"14/01/2026";"1300";"23,4";"23,5";"21,5";"67,0";"73,0";"66,0";"16,8";"17,1";"16,2";"878,4";"878,6";"878,3";"6,2";"95,0";"11,9";"2373,90";""
"14/01/2026";"1400";"25,6";"26,0";"23,2";"63,0";"68,0";"62,0";"17,9";"18,7";"16,5";"878,3";"878,5";"878,2";"3,9";"60,0";"11,4";"3591,90";""
"14/01/2026";"1500";"25,1";"26,0";"24,2";"60,0";"65,0";"59,0";"16,8";"18,5";"16,4";"878,0";"878,3";"878,0";"3,2";"57,0";"8,4";"3089,90";""
"14/01/2026";"1600";"25,9";"26,8";"24,9";"56,0";"64,0";"54,0";"16,5";"18,1";"16,4";"877,5";"878,0";"877,5";"4,9";"100,0";"9,9";"3621,80";""
"14/01/2026";"1700";"25,3";"26,5";"25,2";"57,0";"61,0";"56,0";"16,2";"17,7";"16,0";"877,1";"877,5";"877,1";"4,4";"105,0";"12,6";"2421,30";""
"14/01/2026";"1800";"25,2";"25,9";"24,8";"60,0";"63,0";"56,0";"16,8";"17,6";"16,1";"876,3";"877,1";"876,3";"3,2";"81,0";"8,3";"1793,00";""
"14/01/2026";"1900";"26,7";"27,4";"24,9";"58,0";"63,0";"53,0";"17,8";"18,3";"16,0";"875,2";"876,3";"875,2";"2,7";"95,0";"7,2";"2243,80";""
"14/01/2026";"2000";"25,5";"26,8";"24,9";"60,0";"62,0";"55,0";"17,2";"17,7";"16,2";"874,6";"875,2";"874,6";"4,2";"107,0";"7,4";"1268,30";""
"14/01/2026";"2100";"23,3";"25,8";"22,6";"70,0";"70,0";"59,0";"17,5";"18,0";"14,9";"874,6";"874,8";"874,5";"2,2";"79,0";"10,6";"628,70";""
"14/01/2026";"2200";"22,9";"23,3";"22,8";"73,0";"73,0";"70,0";"17,8";"17,9";"17,4";"875,3";"875,3";"874,6";"1,3";"115,0";"4,7";"102,50";""
"14/01/2026";"2300";"22,2";"23,0";"22,2";"75,0";"75,0";"72,0";"17,6";"17,9";"17,4";"875,8";"875,9";"875,3";"0,9";"105,0";"2,7";"";""
"15/01/2026";"0000";"19,3";"22,2";"19,3";"87,0";"87,0";"75,0";"17,1";"17,7";"17,0";"876,3";"876,3";"875,8";"0,5";"31,0";"2,1";"";""
"15/01/2026";"0100";"18,4";"19,4";"18,0";"90,0";"90,0";"87,0";"16,8";"17,1";"16,3";"877,1";"877,1";"876,4";"0,0";"87,0";"1,0";"";""
"15/01/2026";"0200";"20,6";"20,6";"18,4";"80,0";"90,0";"80,0";"17,0";"17,2";"16,7";"877,6";"877,6";"877,1";"1,7";"60,0";"3,4";"";""
"15/01/2026";"0300";"20,5";"20,6";"19,9";"71,0";"83,0";"71,0";"14,9";"17,1";"14,9";"877,2";"877,6";"877,2";"3,2";"70,0";"6,3";"";""
"15/01/2026";"0400";"20,2";"20,5";"20,0";"69,0";"71,0";"69,0";"14,4";"14,9";"14,3";"876,5";"877,2";"876,5";"3,7";"71,0";"7,3";"";""
"15/01/2026";"0500";"19,5";"20,2";"19,5";"74,0";"74,0";"69,0";"14,8";"14,8";"14,3";"876,1";"876,5";"876,1";"3,5";"62,0";"7,9";"";""
"15/01/2026";"0600";"19,1";"19,6";"18,8";"76,0";"78,0";"75,0";"14,8";"15,0";"14,8";"876,1";"876,2";"876,1";"3,2";"55,0";"6,5";"";""
"15/01/2026";"0700";"17,9";"19,3";"17,9";"82,0";"82,0";"75,0";"14,7";"14,8";"14,6";"876,0";"876,2";"876,0";"2,4";"24,0";"5,4";"";""
"15/01/2026";"0800";"17,5";"18,2";"17,5";"82,0";"82,0";"81,0";"14,4";"14,8";"14,4";"876,2";"876,3";"875,9";"1,6";"39,0";"3,7";"";""
"15/01/2026";"0900";"17,7";"17,7";"15,7";"84,0";"90,0";"82,0";"14,9";"14,9";"13,8";"877,0";"877,0";"876,2";"1,8";"50,0";"3,8";"";""
"15/01/2026";"1000";"19,0";"19,0";"17,7";"82,0";"84,0";"81,0";"15,8";"15,8";"14,9";"877,7";"877,7";"877,0";"2,8";"57,0";"6,8";"85,50";""
"15/01/2026";"1100";"22,0";"22,0";"19,0";"74,0";"82,0";"73,0";"17,2";"17,3";"15,8";"878,2";"878,2";"877,7";"3,6";"58,0";"7,7";"1086,50";""
"15/01/2026";"1200";"22,4";"23,0";"21,8";"69,0";"75,0";"69,0";"16,5";"17,7";"16,4";"878,7";"878,7";"878,2";"4,2";"49,0";"7,8";"1915,40";""
"15/01/2026";"1300";"22,9";"24,4";"21,7";"68,0";"72,0";"62,0";"16,7";"17,7";"15,9";"878,9";"878,9";"878,7";"2,6";"66,0";"6,9";"2369,10";""
"15/01/2026";"1400";"24,8";"25,5";"23,0";"65,0";"68,0";"60,0";"17,7";"18,3";"15,9";"878,9";"879,0";"878,8";"3,1";"62,0";"6,9";"2825,20";""
"15/01/2026";"1500";"25,3";"26,2";"23,8";"61,0";"65,0";"55,0";"17,2";"17,8";"15,7";"878,3";"878,9";"878,3";"2,6";"86,0";"5,4";"2850,90";""
"15/01/2026";"1600";"26,0";"26,7";"24,5";"55,0";"63,0";"55,0";"16,1";"17,9";"16,1";"878,0";"878,3";"877,9";"4,1";"103,0";"7,6";"3257,20";""
"15/01/2026";"1700";"27,2";"28,1";"25,7";"49,0";"57,0";"49,0";"15,6";"17,4";"15,0";"877,0";"877,9";"877,0";"3,4";"85,0";"8,1";"3587,20";""
"15/01/2026";"1800";"27,0";"27,7";"25,8";"47,0";"53,0";"44,0";"14,8";"16,1";"13,7";"876,7";"877,0";"876,7";"4,1";"81,0";"7,8";"3028,70";""
"15/01/2026";"1900";"26,3";"27,7";"26,3";"48,0";"49,0";"45,0";"14,6";"15,5";"13,8";"876,0";"876,7";"876,0";"4,2";"91,0";"8,9";"2651,50";""
"15/01/2026";"2000";"25,2";"26,4";"25,2";"56,0";"59,0";"46,0";"15,9";"16,7";"13,8";"875,8";"876,0";"875,8";"3,0";"79,0";"8,9";"980,00";""
"15/01/2026";"2100";"24,1";"25,3";"24,1";"60,0";"60,0";"56,0";"16,0";"16,5";"15,6";"875,7";"875,9";"875,7";"2,7";"101,0";"6,1";"631,90";""
"15/01/2026";"2200";"21,2";"24,1";"21,2";"74,0";"74,0";"60,0";"16,4";"16,4";"15,9";"876,1";"876,1";"875,7";"0,9";"75,0";"6,1";"66,80";""
"15/01/2026";"2300";"21,3";"21,5";"20,3";"76,0";"80,0";"74,0";"16,8";"17,1";"16,3";"876,3";"876,3";"876,0";"0,9";"105,0";"2,5";"";""
"16/01/2026";"0000";"19,3";"21,5";"19,2";"83,0";"83,0";"74,0";"16,3";"16,7";"16,3";"876,8";"876,8";"876,3";"0,9";"50,0";"3,2";"";""
"16/01/2026";"0100";"19,2";"20,0";"19,2";"84,0";"84,0";"80,0";"16,3";"16,6";"16,3";"877,4";"877,4";"876,8";"1,0";"102,0";"2,9";"";""
"16/01/2026";"0200";"19,1";"20,8";"19,0";"85,0";"85,0";"78,0";"16,5";"17,0";"16,4";"877,8";"877,8";"877,4";"1,3";"86,0";"3,0";"";""
"16/01/2026";"0300";"18,8";"19,3";"18,5";"87,0";"87,0";"84,0";"16,7";"16,7";"16,0";"877,5";"877,8";"877,5";"1,5";"69,0";"3,2";"";""
"16/01/2026";"0400";"19,1";"19,5";"18,6";"79,0";"88,0";"79,0";"15,4";"16,7";"15,4";"877,1";"877,5";"877,0";"2,6";"83,0";"5,3";"";""
"16/01/2026";"0500";"19,2";"19,5";"19,1";"75,0";"79,0";"74,0";"14,6";"15,4";"14,6";"876,6";"877,1";"876,6";"3,4";"88,0";"6,6";"";""
"16/01/2026";"0600";"18,6";"19,2";"17,8";"71,0";"78,0";"71,0";"13,3";"14,6";"13,3";"876,6";"876,7";"876,6";"2,6";"83,0";"6,0";"";""
"16/01/2026";"0700";"18,1";"19,1";"18,1";"74,0";"74,0";"69,0";"13,4";"13,5";"13,2";"876,4";"876,7";"876,3";"2,2";"85,0";"6,1";"";""
"16/01/2026";"0800";"18,1";"18,1";"16,9";"73,0";"78,0";"73,0";"13,2";"13,5";"13,0";"876,4";"876,5";"876,4";"2,8";"99,0";"6,2";"";""
"16/01/2026";"0900";"17,8";"18,3";"17,6";"76,0";"76,0";"72,0";"13,5";"13,5";"13,1";"876,8";"876,8";"876,4";"2,6";"80,0";"6,4";"";""
"16/01/2026";"1000";"19,1";"19,5";"17,6";"72,0";"77,0";"70,0";"14,0";"14,1";"13,4";"877,5";"877,5";"876,8";"4,0";"65,0";"8,3";"286,90";""
"16/01/2026";"1100";"21,3";"21,3";"19,1";"68,0";"73,0";"67,0";"15,1";"15,4";"14,1";"877,9";"877,9";"877,5";"3,9";"68,0";"8,7";"1253,40";""
"16/01/2026";"1200";"22,1";"22,6";"21,1";"66,0";"68,0";"64,0";"15,5";"16,1";"14,7";"878,5";"878,5";"877,9";"3,7";"68,0";"9,1";"2085,60";""
"16/01/2026";"1300";"23,4";"23,7";"22,1";"65,0";"68,0";"63,0";"16,5";"16,7";"15,6";"878,6";"878,6";"878,5";"3,5";"46,0";"7,2";"2653,60";""
"16/01/2026";"1400";"24,4";"25,5";"23,2";"59,0";"66,0";"56,0";"16,0";"17,4";"15,8";"878,4";"878,6";"878,4";"3,2";"61,0";"7,0";"2996,70";""
"16/01/2026";"1500";"25,5";"26,5";"23,9";"51,0";"62,0";"50,0";"14,6";"16,9";"14,6";"878,0";"878,5";"878,0";"2,8";"47,0";"7,2";"3199,20";""
"16/01/2026";"1600";"26,5";"27,3";"24,8";"49,0";"57,0";"46,0";"14,7";"17,5";"14,0";"877,6";"878,0";"877,6";"3,3";"49,0";"7,2";"3833,20";""
"16/01/2026";"1700";"27,6";"27,9";"25,4";"46,0";"53,0";"43,0";"15,0";"16,4";"13,3";"876,8";"877,6";"876,8";"2,5";"62,0";"6,7";"3654,00";""
"16/01/2026";"1800";"27,4";"28,0";"26,5";"43,0";"50,0";"39,0";"13,9";"16,0";"11,6";"876,0";"876,8";"876,0";"2,0";"35,0";"7,6";"3215,10";""
"16/01/2026";"1900";"27,2";"28,1";"25,7";"43,0";"51,0";"41,0";"13,5";"15,3";"12,8";"875,4";"876,0";"875,4";"1,8";"54,0";"6,3";"2311,50";""
"16/01/2026";"2000";"26,4";"27,5";"25,5";"44,0";"47,0";"39,0";"13,2";"14,0";"11,9";"875,1";"875,5";"875,1";"2,5";"80,0";"6,0";"1411,20";""
"16/01/2026";"2100";"25,1";"26,6";"25,1";"50,0";"51,0";"44,0";"14,0";"14,9";"13,1";"875,1";"875,2";"875,0";"2,9";"110,0";"5,1";"894,50";""
"16/01/2026";"2200";"21,6";"25,1";"21,6";"66,0";"66,0";"50,0";"15,1";"15,1";"14,1";"875,2";"875,2";"875,0";"0,5";"67,0";"4,6";"57,10";""
"16/01/2026";"2300";"21,1";"22,2";"19,5";"71,0";"78,0";"67,0";"15,7";"16,4";"15,0";"875,4";"875,4";"875,1";"0,9";"106,0";"2,8";"";""
"17/01/2026";"0000";"19,8";"21,1";"18,8";"79,0";"84,0";"71,0";"16,1";"16,1";"15,7";"876,0";"876,0";"875,4";"0,0";"337,0";"2,1";"";""
"17/01/2026";"0100";"18,8";"19,8";"18,5";"86,0";"86,0";"79,0";"16,3";"16,3";"15,9";"876,9";"876,9";"876,1";"0,0";"286,0";"0,5";"";""
"17/01/2026";"0200";"18,4";"19,7";"18,4";"85,0";"87,0";"81,0";"15,8";"16,5";"15,8";"877,1";"877,1";"876,9";"0,9";"264,0";"1,4";"";""
"17/01/2026";"0300";"19,2";"19,7";"18,0";"79,0";"86,0";"78,0";"15,6";"15,8";"15,4";"876,6";"877,1";"876,6";"0,6";"292,0";"2,4";"";""
"17/01/2026";"0400";"20,6";"20,9";"19,2";"75,0";"80,0";"73,0";"15,9";"16,1";"15,5";"876,4";"876,6";"876,3";"1,6";"105,0";"4,0";"";""
"17/01/2026";"0500";"19,1";"20,8";"18,9";"78,0";"79,0";"73,0";"15,2";"15,8";"15,1";"875,9";"876,4";"875,9";"1,7";"68,0";"5,4";"";""
"17/01/2026";"0600";"19,0";"19,5";"18,6";"77,0";"80,0";"76,0";"15,0";"15,2";"15,0";"875,7";"875,9";"875,7";"2,2";"57,0";"4,9";"";""
"17/01/2026";"0700";"17,6";"19,4";"17,6";"83,0";"83,0";"75,0";"14,7";"15,0";"14,7";"876,0";"876,0";"875,7";"0,9";"64,0";"4,0";"";""
"17/01/2026";"0800";"16,4";"17,6";"16,4";"89,0";"89,0";"83,0";"14,6";"14,7";"14,4";"876,3";"876,3";"876,0";"0,7";"68,0";"2,5";"";""
"17/01/2026";"0900";"17,3";"17,4";"15,9";"83,0";"91,0";"82,0";"14,3";"14,8";"14,2";"876,4";"876,4";"876,2";"1,3";"21,0";"3,0";"";""
"17/01/2026";"1000";"20,0";"20,4";"16,8";"77,0";"86,0";"76,0";"15,9";"16,3";"14,2";"876,5";"876,7";"876,4";"1,4";"73,0";"2,7";"267,20";""
"17/01/2026";"1100";"22,3";"22,6";"20,0";"66,0";"78,0";"65,0";"15,7";"16,4";"15,3";"876,7";"876,7";"876,5";"3,1";"69,0";"5,4";"1177,20";""
"17/01/2026";"1200";"23,1";"24,0";"22,2";"58,0";"68,0";"57,0";"14,5";"16,3";"14,5";"877,2";"877,2";"876,6";"4,9";"83,0";"8,8";"2114,20";""
"17/01/2026";"1300";"24,4";"24,5";"22,9";"59,0";"60,0";"56,0";"15,7";"15,7";"14,2";"877,0";"877,2";"877,0";"4,3";"91,0";"8,8";"2866,50";""
"17/01/2026";"1400";"24,9";"26,2";"23,7";"58,0";"59,0";"54,0";"16,0";"17,0";"14,6";"876,8";"877,1";"876,8";"3,3";"56,0";"7,9";"3440,60";""
"17/01/2026";"1500";"26,5";"26,9";"24,9";"55,0";"60,0";"51,0";"16,7";"17,5";"15,7";"876,3";"876,8";"876,3";"2,7";"51,0";"6,5";"3818,50";""
"17/01/2026";"1600";"27,5";"27,9";"26,5";"45,0";"56,0";"44,0";"14,6";"17,6";"13,7";"875,7";"876,4";"875,7";"2,3";"81,0";"7,2";"3981,30";""
"17/01/2026";"1700";"28,1";"28,8";"27,1";"42,0";"48,0";"39,0";"13,9";"15,4";"12,8";"874,7";"875,7";"874,7";"1,7";"100,0";"5,4";"3804,40";""
"17/01/2026";"1800";"28,1";"29,1";"27,7";"41,0";"45,0";"37,0";"13,7";"15,3";"12,1";"873,8";"874,7";"873,8";"2,6";"60,0";"5,9";"3334,30";""
"17/01/2026";"1900";"26,0";"28,1";"26,0";"50,0";"52,0";"40,0";"14,7";"15,4";"12,7";"873,0";"873,8";"873,0";"2,0";"52,0";"5,9";"891,70";""
"17/01/2026";"2000";"24,7";"26,2";"24,7";"60,0";"60,0";"49,0";"16,3";"16,3";"14,4";"873,0";"873,1";"873,0";"1,2";"354,0";"3,7";"358,60";""
"17/01/2026";"2100";"24,4";"26,2";"23,9";"58,0";"64,0";"50,0";"15,5";"16,9";"14,8";"872,9";"873,1";"872,8";"0,0";"337,0";"4,7";"335,10";""
"17/01/2026";"2200";"20,4";"24,4";"20,4";"74,0";"76,0";"58,0";"15,5";"16,8";"15,5";"873,5";"873,5";"872,9";"0,0";"78,0";"1,2";"37,10";""
"17/01/2026";"2300";"19,3";"20,9";"19,2";"77,0";"79,0";"72,0";"15,2";"15,7";"15,2";"874,3";"874,3";"873,5";"0,0";"40,0";"0,0";"";""
"18/01/2026";"0000";"18,8";"19,7";"18,8";"75,0";"78,0";"71,0";"14,3";"15,4";"14,2";"875,0";"875,0";"874,3";"0,7";"15,0";"1,3";"";""
"18/01/2026";"0100";"18,5";"18,9";"18,2";"75,0";"78,0";"74,0";"14,0";"14,5";"13,9";"875,8";"875,8";"875,0";"0,8";"44,0";"1,9";"";""
"18/01/2026";"0200";"18,8";"18,8";"17,9";"74,0";"79,0";"74,0";"14,0";"14,4";"13,9";"876,2";"876,3";"875,8";"2,4";"301,0";"3,2";"";""
"18/01/2026";"0300";"17,2";"18,9";"17,0";"81,0";"82,0";"73,0";"13,9";"14,5";"13,7";"875,8";"876,2";"875,8";"0,2";"256,0";"3,4";"";""
"18/01/2026";"0400";"16,6";"17,4";"16,2";"84,0";"86,0";"81,0";"13,9";"14,2";"13,7";"875,2";"875,8";"875,2";"0,7";"297,0";"1,9";"";""
"18/01/2026";"0500";"16,7";"17,3";"15,9";"83,0";"88,0";"82,0";"13,7";"14,4";"13,7";"874,9";"875,2";"874,9";"0,1";"343,0";"2,4";"";""
"18/01/2026";"0600";"16,7";"17,3";"16,3";"84,0";"86,0";"82,0";"14,0";"14,5";"13,7";"874,7";"874,9";"874,7";"0,5";"58,0";"1,4";"";""
"18/01/2026";"0700";"15,3";"17,9";"15,2";"91,0";"91,0";"81,0";"13,9";"14,7";"13,6";"874,5";"874,8";"874,5";"0,0";"230,0";"1,3";"";""
"18/01/2026";"0800";"15,2";"16,1";"15,0";"90,0";"92,0";"87,0";"13,7";"14,2";"13,3";"874,6";"874,6";"874,5";"0,0";"300,0";"1,2";"";""
"18/01/2026";"0900";"15,6";"15,7";"14,9";"92,0";"92,0";"90,0";"14,4";"14,4";"13,4";"875,2";"875,2";"874,6";"0,8";"251,0";"2,0";"0,60";""
"18/01/2026";"1000";"21,0";"21,0";"15,6";"73,0";"93,0";"73,0";"16,0";"16,4";"14,4";"875,6";"875,6";"875,2";"0,3";"231,0";"2,1";"335,40";""
"18/01/2026";"1100";"23,4";"23,7";"20,9";"65,0";"74,0";"64,0";"16,4";"16,9";"15,4";"875,9";"875,9";"875,6";"0,8";"182,0";"2,3";"1139,10";""
"18/01/2026";"1200";"25,2";"26,0";"23,0";"58,0";"65,0";"55,0";"16,4";"17,3";"15,4";"876,1";"876,2";"875,9";"1,3";"63,0";"3,3";"2030,20";""
"18/01/2026";"1300";"24,7";"26,5";"24,2";"56,0";"62,0";"55,0";"15,4";"17,7";"15,4";"876,3";"876,3";"876,1";"0,7";"201,0";"3,5";"1779,30";""
"18/01/2026";"1400";"24,8";"25,8";"24,5";"59,0";"60,0";"54,0";"16,2";"17,1";"15,4";"876,1";"876,4";"876,1";"2,5";"187,0";"5,2";"1691,70";""
"18/01/2026";"1500";"18,2";"26,2";"18,2";"87,0";"87,0";"55,0";"15,9";"17,4";"15,4";"876,0";"876,1";"875,8";"5,6";"340,0";"12,2";"990,50";""
"18/01/2026";"1600";"19,7";"19,7";"16,3";"95,0";"95,0";"87,0";"18,9";"18,9";"14,5";"875,3";"876,6";"875,3";"0,8";"90,0";"21,8";"804,60";""
"18/01/2026";"1700";"23,9";"24,6";"19,4";"72,0";"95,0";"63,0";"18,7";"19,8";"16,8";"874,2";"875,3";"874,2";"0,9";"43,0";"4,6";"3015,90";""
"18/01/2026";"1800";"18,4";"23,9";"18,4";"87,0";"87,0";"68,0";"16,3";"18,3";"15,7";"874,1";"874,4";"874,1";"3,6";"247,0";"7,9";"508,80";""
"18/01/2026";"1900";"23,1";"23,3";"18,2";"61,0";"89,0";"60,0";"15,2";"16,6";"14,4";"872,8";"874,1";"872,8";"1,9";"291,0";"7,5";"1205,80";""
"18/01/2026";"2000";"21,1";"23,2";"21,1";"73,0";"73,0";"61,0";"16,1";"16,4";"14,9";"872,6";"872,8";"872,4";"1,9";"272,0";"3,7";"743,20";""
"18/01/2026";"2100";"21,3";"21,3";"21,0";"79,0";"81,0";"73,0";"17,6";"17,7";"16,1";"873,0";"873,1";"872,6";"0,0";"229,0";"2,9";"227,10";""
"18/01/2026";"2200";"18,6";"21,4";"18,6";"91,0";"91,0";"79,0";"17,1";"18,0";"17,1";"873,5";"873,5";"872,9";"0,4";"347,0";"1,8";"55,10";""
"18/01/2026";"2300";"19,5";"19,5";"18,6";"88,0";"91,0";"87,0";"17,4";"17,4";"17,1";"874,0";"874,0";"873,5";"1,3";"338,0";"3,1";"";""
"19/01/2026";"0000";"19,8";"20,2";"19,5";"89,0";"89,0";"85,0";"18,0";"18,0";"17,4";"875,0";"875,0";"874,0";"0,1";"196,0";"3,4";"";""
"19/01/2026";"0100";"19,4";"19,7";"19,4";"92,0";"92,0";"89,0";"18,1";"18,1";"17,7";"875,6";"875,6";"875,0";"0,2";"242,0";"2,6";"";""
"19/01/2026";"0200";"18,9";"19,7";"18,9";"93,0";"93,0";"91,0";"17,7";"18,3";"17,6";"875,1";"875,6";"875,1";"0,8";"249,0";"2,4";"";""
"19/01/2026";"0300";"19,1";"19,1";"18,5";"92,0";"95,0";"92,0";"17,8";"18,0";"17,4";"875,4";"875,4";"875,1";"1,2";"274,0";"2,0";"";""
"19/01/2026";"0400";"18,9";"19,1";"18,8";"93,0";"94,0";"92,0";"17,8";"17,9";"17,7";"874,8";"875,4";"874,8";"0,1";"298,0";"2,3";"";""
"19/01/2026";"0500";"18,8";"19,0";"18,8";"94,0";"94,0";"92,0";"17,8";"17,9";"17,6";"874,3";"874,8";"874,3";"1,1";"51,0";"2,6";"";""
"19/01/2026";"0600";"18,7";"18,8";"18,6";"96,0";"96,0";"94,0";"18,0";"18,1";"17,8";"874,1";"874,3";"874,1";"1,1";"66,0";"3,5";"";""
"19/01/2026";"0700";"18,6";"18,7";"18,5";"97,0";"97,0";"96,0";"18,0";"18,1";"18,0";"873,7";"874,1";"873,6";"2,1";"39,0";"4,2";"";""
"19/01/2026";"0800";"18,3";"18,6";"18,3";"97,0";"97,0";"97,0";"17,8";"18,1";"17,8";"873,7";"873,7";"873,6";"2,6";"47,0";"5,5";"";""
"19/01/2026";"0900";"18,0";"18,3";"18,0";"97,0";"97,0";"97,0";"17,6";"17,8";"17,5";"874,1";"874,1";"873,5";"2,7";"34,0";"5,1";"1,00";""
"19/01/2026";"1000";"18,3";"18,3";"17,9";"97,0";"97,0";"97,0";"17,8";"17,8";"17,5";"874,7";"874,7";"874,1";"1,3";"55,0";"4,3";"190,10";""
"19/01/2026";"1100";"19,2";"19,3";"18,2";"97,0";"97,0";"97,0";"18,7";"18,8";"17,8";"874,9";"875,0";"874,7";"0,2";"126,0";"2,4";"502,90";""
"19/01/2026";"1200";"21,5";"21,5";"19,2";"81,0";"97,0";"81,0";"18,0";"19,7";"17,7";"875,6";"875,6";"874,9";"0,2";"227,0";"1,8";"706,80";""
"19/01/2026";"1300";"22,6";"23,0";"21,5";"76,0";"81,0";"75,0";"18,2";"18,9";"18,0";"875,8";"875,9";"875,6";"0,3";"109,0";"1,8";"916,90";""
"19/01/2026";"1400";"22,1";"23,8";"22,1";"78,0";"78,0";"66,0";"18,0";"19,1";"16,8";"875,7";"875,9";"875,6";"3,7";"286,0";"7,7";"881,30";""
"19/01/2026";"1500";"22,7";"23,7";"22,1";"73,0";"78,0";"70,0";"17,7";"18,3";"17,4";"875,5";"876,0";"875,5";"1,5";"16,0";"7,7";"1015,10";""
"19/01/2026";"1600";"22,0";"22,7";"21,3";"80,0";"84,0";"74,0";"18,4";"18,8";"17,7";"875,0";"875,5";"875,0";"3,3";"279,0";"6,6";"630,60";""
"19/01/2026";"1700";"21,7";"22,1";"21,5";"78,0";"80,0";"77,0";"17,7";"18,4";"17,6";"874,3";"875,0";"874,2";"4,0";"279,0";"8,5";"758,40";""
"19/01/2026";"1800";"21,2";"22,6";"21,2";"77,0";"80,0";"75,0";"17,0";"18,3";"17,0";"873,3";"874,4";"873,3";"4,2";"289,0";"8,5";"1109,10";""
"19/01/2026";"1900";"23,0";"23,9";"21,1";"68,0";"78,0";"67,0";"16,9";"17,8";"16,5";"872,6";"873,3";"872,6";"2,8";"277,0";"7,6";"1495,20";""
"19/01/2026";"2000";"23,0";"23,4";"22,2";"70,0";"73,0";"68,0";"17,2";"17,8";"16,8";"871,6";"872,6";"871,6";"2,9";"286,0";"7,3";"1515,90";""
"19/01/2026";"2100";"21,3";"23,2";"21,3";"76,0";"78,0";"70,0";"17,0";"17,6";"16,7";"871,6";"871,6";"871,4";"0,1";"206,0";"5,9";"456,80";""
"19/01/2026";"2200";"19,5";"21,4";"19,5";"87,0";"87,0";"77,0";"17,3";"17,5";"16,9";"872,3";"872,4";"871,6";"0,8";"250,0";"1,8";"66,00";""
"19/01/2026";"2300";"18,3";"19,5";"18,2";"91,0";"91,0";"87,0";"16,9";"17,3";"16,7";"872,7";"872,7";"872,2";"0,8";"290,0";"2,1";"";""
"20/01/2026";"0000";"18,7";"18,8";"17,4";"84,0";"92,0";"84,0";"16,0";"16,9";"15,7";"873,8";"873,9";"872,7";"2,0";"277,0";"3,4";"";""
"20/01/2026";"0100";"19,6";"19,6";"18,6";"77,0";"84,0";"77,0";"15,4";"16,0";"15,1";"874,2";"874,2";"873,8";"1,8";"276,0";"4,6";"";""
"20/01/2026";"0200";"19,3";"19,7";"19,0";"78,0";"81,0";"76,0";"15,4";"15,8";"15,2";"874,9";"875,0";"874,2";"3,0";"289,0";"5,0";"";""
"20/01/2026";"0300";"18,3";"19,3";"18,2";"87,0";"87,0";"78,0";"16,1";"16,1";"15,4";"874,7";"875,0";"874,7";"1,8";"244,0";"5,7";"";""
"20/01/2026";"0400";"18,2";"18,6";"18,0";"88,0";"88,0";"86,0";"16,1";"16,2";"16,0";"874,0";"874,7";"874,0";"2,2";"262,0";"4,0";"";""
"20/01/2026";"0500";"17,9";"18,5";"17,9";"89,0";"89,0";"86,0";"16,1";"16,2";"16,0";"873,5";"874,0";"873,5";"0,9";"248,0";"4,7";"";""
"20/01/2026";"0600";"17,5";"18,0";"17,1";"91,0";"92,0";"89,0";"15,9";"16,1";"15,7";"873,0";"873,6";"873,0";"1,3";"248,0";"3,2";"";""
"20/01/2026";"0700";"17,5";"17,6";"17,1";"91,0";"92,0";"90,0";"15,9";"16,0";"15,7";"872,7";"873,0";"872,7";"2,4";"264,0";"4,0";"";""
"20/01/2026";"0800";"17,0";"17,6";"17,0";"93,0";"93,0";"90,0";"15,8";"16,0";"15,5";"872,6";"872,7";"872,5";"1,5";"196,0";"3,9";"";""
"20/01/2026";"0900";"17,2";"17,3";"16,8";"93,0";"93,0";"91,0";"16,1";"16,1";"15,6";"873,2";"873,2";"872,6";"1,4";"253,0";"3,3";"";""
"20/01/2026";"1000";"19,3";"19,3";"17,2";"83,0";"93,0";"82,0";"16,3";"16,6";"16,0";"874,0";"874,0";"873,2";"3,2";"281,0";"6,4";"270,70";""
"20/01/2026";"1100";"20,2";"20,4";"19,3";"81,0";"84,0";"80,0";"16,8";"17,3";"16,3";"874,8";"874,8";"874,0";"2,5";"261,0";"6,5";"679,50";""
"20/01/2026";"1200";"21,6";"21,6";"20,1";"77,0";"82,0";"77,0";"17,5";"17,6";"16,6";"875,2";"875,2";"874,8";"2,4";"294,0";"6,0";"873,20";""
"20/01/2026";"1300";"22,4";"22,6";"21,6";"72,0";"77,0";"72,0";"17,2";"17,8";"17,0";"875,7";"875,7";"875,2";"3,2";"277,0";"7,0";"1284,90";""
"20/01/2026";"1400";"22,5";"23,2";"22,3";"72,0";"75,0";"71,0";"17,3";"18,3";"17,2";"875,5";"875,7";"875,5";"3,4";"290,0";"7,8";"1634,20";""
"20/01/2026";"1500";"23,1";"23,1";"22,1";"72,0";"75,0";"72,0";"17,8";"17,9";"17,1";"874,9";"875,5";"874,9";"3,5";"278,0";"8,2";"1436,30";""
"20/01/2026";"1600";"24,8";"25,7";"22,8";"61,0";"73,0";"59,0";"16,7";"18,1";"16,3";"874,2";"874,9";"874,2";"3,4";"294,0";"7,9";"2816,60";""
"20/01/2026";"1700";"24,6";"26,1";"24,1";"62,0";"64,0";"57,0";"16,9";"17,8";"16,4";"873,4";"874,2";"873,4";"2,8";"272,0";"7,9";"2356,00";""
"20/01/2026";"1800";"24,5";"26,9";"24,2";"60,0";"64,0";"55,0";"16,2";"18,1";"16,1";"872,6";"873,5";"872,6";"3,0";"289,0";"7,6";"1653,70";""
"20/01/2026";"1900";"20,6";"24,7";"20,6";"85,0";"86,0";"59,0";"17,9";"18,3";"16,1";"872,6";"872,8";"872,5";"3,7";"306,0";"10,5";"605,70";""
"20/01/2026";"2000";"20,1";"21,1";"20,1";"83,0";"87,0";"81,0";"17,1";"18,6";"17,1";"873,0";"873,1";"872,6";"2,4";"343,0";"7,7";"466,60";""
"20/01/2026";"2100";"18,8";"20,1";"18,8";"89,0";"90,0";"83,0";"17,0";"17,4";"16,7";"873,4";"873,4";"872,9";"1,2";"336,0";"5,7";"121,00";""
"20/01/2026";"2200";"18,8";"18,9";"18,6";"90,0";"91,0";"88,0";"17,2";"17,4";"16,6";"874,0";"874,0";"873,4";"1,4";"25,0";"5,4";"18,70";""
"20/01/2026";"2300";"18,3";"18,8";"18,3";"89,0";"92,0";"87,0";"16,5";"17,3";"16,3";"874,6";"874,6";"874,0";"1,6";"358,0";"4,4";"";""
"21/01/2026";"0000";"18,5";"18,5";"18,1";"88,0";"92,0";"88,0";"16,5";"17,0";"16,4";"875,0";"875,0";"874,6";"0,6";"285,0";"3,9";"";""
"21/01/2026";"0100";"18,4";"18,6";"18,3";"88,0";"89,0";"86,0";"16,4";"16,6";"16,1";"875,5";"875,5";"875,0";"1,1";"328,0";"3,8";"";""
"21/01/2026";"0200";"18,0";"18,6";"18,0";"86,0";"88,0";"84,0";"15,6";"16,4";"15,6";"875,8";"875,9";"875,5";"3,0";"313,0";"7,4";"";""
"21/01/2026";"0300";"18,0";"18,1";"18,0";"86,0";"86,0";"84,0";"15,6";"15,7";"15,4";"875,3";"875,8";"875,3";"0,9";"265,0";"7,4";"";""
"21/01/2026";"0400";"17,9";"18,1";"17,9";"85,0";"87,0";"83,0";"15,3";"15,7";"15,2";"874,9";"875,3";"874,9";"1,4";"295,0";"4,0";"";""
"21/01/2026";"0500";"17,4";"17,9";"17,4";"93,0";"93,0";"84,0";"16,2";"16,3";"15,1";"874,4";"874,9";"874,4";"0,0";"123,0";"3,3";"";""
"21/01/2026";"0600";"17,6";"17,6";"17,3";"91,0";"94,0";"91,0";"16,1";"16,6";"16,1";"874,1";"874,4";"874,1";"0,9";"296,0";"3,5";"";""
"21/01/2026";"0700";"17,8";"17,8";"17,5";"92,0";"92,0";"90,0";"16,4";"16,4";"16,0";"873,9";"874,1";"873,8";"0,1";"115,0";"4,3";"";""
"21/01/2026";"0800";"17,4";"17,8";"17,4";"93,0";"93,0";"90,0";"16,3";"16,4";"16,1";"874,2";"874,2";"873,9";"1,2";"285,0";"4,1";"";""
"21/01/2026";"0900";"17,1";"17,4";"17,1";"92,0";"94,0";"92,0";"15,8";"16,3";"15,8";"874,4";"874,4";"874,2";"1,7";"299,0";"5,0";"";""
"21/01/2026";"1000";"17,5";"17,5";"17,1";"94,0";"94,0";"92,0";"16,4";"16,4";"15,8";"875,0";"875,0";"874,4";"1,4";"285,0";"4,1";"133,50";""
"21/01/2026";"1100";"18,7";"18,8";"17,5";"88,0";"94,0";"88,0";"16,7";"17,0";"16,4";"875,4";"875,4";"875,0";"2,8";"288,0";"6,3";"628,10";""
"21/01/2026";"1200";"19,5";"19,5";"18,6";"84,0";"89,0";"83,0";"16,8";"16,9";"16,4";"875,9";"875,9";"875,4";"1,9";"308,0";"6,3";"715,00";""
"21/01/2026";"1300";"20,4";"20,6";"19,3";"76,0";"85,0";"76,0";"16,0";"16,8";"16,0";"876,0";"876,0";"875,9";"3,4";"299,0";"6,3";"947,90";""
"21/01/2026";"1400";"21,0";"21,3";"20,4";"76,0";"79,0";"75,0";"16,7";"17,0";"16,1";"876,2";"876,2";"876,0";"3,1";"291,0";"7,7";"1195,00";""
"21/01/2026";"1500";"22,0";"22,1";"21,0";"70,0";"77,0";"70,0";"16,4";"17,1";"16,2";"875,9";"876,2";"875,9";"3,2";"288,0";"5,8";"1251,20";""
"21/01/2026";"1600";"22,9";"23,2";"21,9";"68,0";"72,0";"67,0";"16,7";"17,3";"16,0";"875,2";"875,9";"875,2";"3,3";"294,0";"6,8";"1788,10";""
"21/01/2026";"1700";"23,0";"24,0";"22,9";"66,0";"69,0";"63,0";"16,4";"17,4";"16,1";"874,2";"875,2";"874,2";"3,2";"295,0";"7,8";"2352,50";""
"21/01/2026";"1800";"24,9";"25,5";"22,7";"58,0";"69,0";"58,0";"16,0";"17,9";"15,6";"873,3";"874,2";"873,3";"2,7";"305,0";"7,5";"2679,20";""
"21/01/2026";"1900";"23,3";"25,6";"23,2";"60,0";"63,0";"54,0";"15,2";"17,3";"14,8";"872,6";"873,3";"872,6";"3,9";"300,0";"7,8";"2378,50";""
"21/01/2026";"2000";"24,1";"25,3";"22,3";"62,0";"65,0";"57,0";"16,5";"16,8";"14,9";"872,4";"872,6";"872,4";"3,9";"266,0";"9,2";"1332,30";""
"21/01/2026";"2100";"21,5";"24,2";"21,3";"73,0";"74,0";"61,0";"16,5";"16,6";"15,5";"873,2";"873,2";"872,4";"2,5";"296,0";"6,8";"744,20";""
"21/01/2026";"2200";"20,2";"21,6";"20,2";"81,0";"81,0";"73,0";"16,8";"16,9";"16,5";"874,3";"874,3";"873,2";"1,5";"265,0";"5,4";"109,60";""
"21/01/2026";"2300";"19,7";"20,3";"19,7";"85,0";"85,0";"81,0";"17,1";"17,1";"16,8";"874,9";"874,9";"874,3";"1,9";"268,0";"3,2";"";""
"22/01/2026";"0000";"19,4";"19,7";"19,2";"88,0";"89,0";"85,0";"17,4";"17,4";"17,1";"875,4";"875,5";"874,9";"0,4";"228,0";"3,6";"";""
"22/01/2026";"0100";"19,0";"19,3";"18,6";"89,0";"92,0";"88,0";"17,1";"17,4";"17,0";"875,6";"875,6";"875,3";"1,1";"257,0";"2,1";"";""
"22/01/2026";"0200";"18,6";"19,3";"18,6";"91,0";"91,0";"89,0";"17,1";"17,6";"17,1";"875,8";"875,9";"875,6";"3,0";"298,0";"6,3";"";""
"22/01/2026";"0300";"17,5";"18,6";"17,5";"91,0";"94,0";"90,0";"16,0";"17,2";"15,9";"875,5";"875,9";"875,5";"1,8";"288,0";"6,3";"";""
"22/01/2026";"0400";"18,0";"18,1";"17,4";"94,0";"94,0";"91,0";"17,1";"17,1";"16,0";"875,3";"875,6";"875,3";"1,1";"261,0";"4,4";"";""
"22/01/2026";"0500";"18,1";"18,1";"18,0";"95,0";"95,0";"94,0";"17,3";"17,3";"17,0";"874,6";"875,3";"874,6";"1,8";"264,0";"3,5";"";""
"22/01/2026";"0600";"17,1";"18,2";"17,1";"95,0";"95,0";"94,0";"16,3";"17,4";"16,2";"874,4";"874,7";"874,4";"1,0";"348,0";"3,9";"";""
"22/01/2026";"0700";"17,1";"17,1";"17,0";"96,0";"96,0";"95,0";"16,4";"16,5";"16,3";"873,9";"874,4";"873,9";"1,2";"259,0";"2,5";"";""
"22/01/2026";"0800";"17,2";"17,2";"17,1";"96,0";"96,0";"96,0";"16,6";"16,6";"16,5";"874,0";"874,0";"873,9";"2,9";"265,0";"4,6";"";""
"22/01/2026";"0900";"17,7";"17,7";"17,2";"97,0";"97,0";"96,0";"17,1";"17,1";"16,6";"874,9";"874,9";"874,0";"0,3";"299,0";"4,6";"";""
"22/01/2026";"1000";"17,9";"17,9";"17,6";"96,0";"97,0";"96,0";"17,2";"17,2";"17,1";"875,7";"875,7";"874,9";"0,8";"295,0";"3,4";"48,20";""
"22/01/2026";"1100";"18,7";"18,8";"17,9";"95,0";"96,0";"95,0";"17,9";"18,0";"17,2";"876,3";"876,3";"875,7";"0,1";"271,0";"2,3";"255,20";""
"22/01/2026";"1200";"20,2";"20,2";"18,7";"86,0";"95,0";"85,0";"17,8";"18,1";"17,2";"876,8";"876,8";"876,3";"1,8";"276,0";"3,2";"753,50";""
"22/01/2026";"1300";"21,3";"21,4";"20,1";"76,0";"87,0";"76,0";"16,9";"18,5";"16,9";"876,9";"876,9";"876,8";"2,7";"317,0";"5,2";"1001,10";""
"22/01/2026";"1400";"22,1";"22,7";"20,7";"72,0";"83,0";"71,0";"16,7";"17,9";"16,7";"876,4";"876,9";"876,4";"3,6";"316,0";"7,0";"1939,40";""
"22/01/2026";"1500";"23,2";"23,8";"22,0";"68,0";"76,0";"65,0";"16,8";"18,6";"16,5";"875,8";"876,4";"875,8";"3,1";"328,0";"7,6";"2525,80";""
"22/01/2026";"1600";"21,2";"25,5";"21,0";"81,0";"82,0";"60,0";"17,9";"18,3";"16,0";"875,3";"875,8";"875,3";"4,4";"307,0";"8,5";"2725,50";""
"22/01/2026";"1700";"22,8";"23,6";"21,2";"73,0";"83,0";"71,0";"17,6";"19,4";"17,3";"874,5";"875,3";"874,5";"3,5";"338,0";"8,5";"2442,10";""
"22/01/2026";"1800";"24,9";"25,2";"22,2";"62,0";"75,0";"60,0";"17,3";"17,8";"16,1";"873,8";"874,5";"873,8";"3,6";"348,0";"9,5";"3249,30";""
"22/01/2026";"1900";"23,8";"25,4";"23,6";"65,0";"66,0";"61,0";"16,9";"17,8";"16,4";"873,1";"873,8";"873,1";"3,1";"7,0";"7,9";"2184,60";""
"22/01/2026";"2000";"22,1";"23,8";"22,1";"73,0";"73,0";"65,0";"17,0";"17,3";"16,4";"873,4";"873,4";"873,1";"2,8";"303,0";"5,4";"534,00";""
"22/01/2026";"2100";"19,4";"22,1";"19,4";"93,0";"93,0";"73,0";"18,2";"18,2";"16,9";"873,7";"873,7";"873,3";"1,7";"276,0";"5,3";"132,70";""
"22/01/2026";"2200";"19,4";"19,6";"19,4";"92,0";"94,0";"92,0";"18,0";"18,5";"18,0";"874,3";"874,4";"873,7";"0,7";"58,0";"3,0";"47,30";""
"22/01/2026";"2300";"18,9";"19,4";"18,9";"95,0";"95,0";"92,0";"18,1";"18,2";"18,0";"875,1";"875,1";"874,3";"1,9";"41,0";"3,2";"";""
"23/01/2026";"0000";"18,5";"19,0";"18,5";"96,0";"96,0";"95,0";"17,8";"18,2";"17,7";"875,2";"875,2";"875,0";"2,0";"57,0";"3,9";"";""
"23/01/2026";"0100";"18,6";"18,6";"18,4";"96,0";"96,0";"96,0";"18,0";"18,0";"17,7";"875,7";"875,7";"875,2";"0,3";"65,0";"2,8";"";""
"23/01/2026";"0200";"18,5";"18,6";"18,4";"96,0";"96,0";"96,0";"17,9";"18,0";"17,8";"875,7";"875,7";"875,6";"0,0";"268,0";"1,3";"";""
"23/01/2026";"0300";"18,6";"18,7";"18,4";"97,0";"97,0";"96,0";"18,0";"18,1";"17,8";"875,6";"875,7";"875,6";"0,1";"199,0";"1,4";"";""
"23/01/2026";"0400";"18,7";"18,7";"18,4";"96,0";"97,0";"96,0";"18,1";"18,1";"17,9";"875,2";"875,7";"875,2";"0,3";"95,0";"1,1";"";""
"23/01/2026";"0500";"18,4";"18,7";"18,3";"96,0";"96,0";"96,0";"17,8";"18,1";"17,7";"874,5";"875,2";"874,5";"0,7";"203,0";"1,6";"";""
"23/01/2026";"0600";"18,1";"18,4";"18,1";"96,0";"96,0";"96,0";"17,5";"17,7";"17,4";"874,0";"874,5";"874,0";"0,2";"337,0";"1,5";"";""
"23/01/2026";"0700";"18,0";"18,3";"18,0";"97,0";"97,0";"96,0";"17,5";"17,6";"17,5";"873,8";"874,0";"873,8";"1,4";"35,0";"2,9";"";""
"23/01/2026";"0800";"17,9";"18,0";"17,9";"97,0";"97,0";"97,0";"17,4";"17,5";"17,4";"874,1";"874,1";"873,8";"1,5";"61,0";"2,8";"";""
"23/01/2026";"0900";"17,9";"17,9";"17,8";"97,0";"97,0";"97,0";"17,4";"17,4";"17,3";"874,9";"874,9";"874,1";"0,7";"29,0";"2,8";"";""
"23/01/2026";"1000";"18,1";"18,1";"17,8";"97,0";"97,0";"97,0";"17,6";"17,7";"17,4";"875,5";"875,5";"874,9";"0,5";"50,0";"2,1";"56,90";""
"23/01/2026";"1100";"19,0";"19,0";"18,0";"97,0";"97,0";"97,0";"18,5";"18,5";"17,5";"876,1";"876,1";"875,5";"1,7";"67,0";"2,9";"452,30";""
"23/01/2026";"1200";"20,1";"20,2";"18,8";"90,0";"97,0";"88,0";"18,5";"19,1";"17,8";"876,8";"876,8";"876,1";"1,7";"57,0";"4,1";"1004,80";""
"23/01/2026";"1300";"19,8";"20,1";"19,0";"90,0";"94,0";"89,0";"18,2";"18,6";"17,7";"877,1";"877,1";"876,8";"2,9";"52,0";"6,2";"849,60";""
"23/01/2026";"1400";"23,1";"23,1";"19,7";"78,0";"92,0";"75,0";"19,1";"19,7";"17,7";"877,0";"877,2";"877,0";"3,2";"31,0";"8,7";"2619,70";""
"23/01/2026";"1500";"22,9";"23,6";"21,9";"74,0";"79,0";"70,0";"18,1";"18,9";"17,2";"876,5";"877,0";"876,5";"4,5";"53,0";"7,7";"2613,20";""
"23/01/2026";"1600";"24,7";"24,7";"21,9";"68,0";"79,0";"66,0";"18,5";"19,4";"17,3";"875,5";"876,5";"875,5";"3,4";"42,0";"8,1";"3327,00";""
"23/01/2026";"1700";"23,5";"25,7";"23,4";"69,0";"72,0";"61,0";"17,6";"19,0";"16,7";"874,8";"875,5";"874,8";"4,0";"58,0";"7,9";"2461,00";""
"23/01/2026";"1800";"22,7";"24,7";"22,7";"76,0";"78,0";"68,0";"18,2";"18,8";"17,7";"874,3";"874,7";"874,3";"2,3";"45,0";"7,4";"1232,20";""
"23/01/2026";"1900";"20,9";"22,7";"19,6";"81,0";"91,0";"75,0";"17,6";"19,4";"17,3";"874,2";"874,4";"874,2";"0,8";"317,0";"6,3";"433,00";""
"23/01/2026";"2000";"21,0";"21,1";"20,8";"80,0";"84,0";"79,0";"17,4";"18,2";"17,2";"874,3";"874,5";"874,1";"2,1";"313,0";"4,9";"179,10";""
"23/01/2026";"2100";"18,7";"21,0";"18,6";"91,0";"93,0";"79,0";"17,1";"17,8";"17,1";"873,7";"874,5";"873,7";"4,8";"309,0";"10,0";"50,60";""
"23/01/2026";"2200";"18,4";"19,1";"18,3";"93,0";"94,0";"86,0";"17,3";"17,4";"16,6";"875,0";"875,2";"873,6";"1,7";"236,0";"10,0";"17,10";""
"23/01/2026";"2300";"18,0";"18,4";"17,8";"95,0";"96,0";"93,0";"17,2";"17,4";"17,0";"876,0";"876,0";"875,0";"0,6";"143,0";"3,5";"";""
"24/01/2026";"0000";"17,1";"18,0";"16,9";"96,0";"96,0";"95,0";"16,4";"17,2";"16,1";"876,5";"876,5";"876,0";"1,3";"268,0";"2,1";"";""
"24/01/2026";"0100";"16,6";"17,2";"16,5";"96,0";"96,0";"95,0";"16,0";"16,5";"15,7";"877,3";"877,3";"876,5";"1,7";"306,0";"2,9";"";""
"24/01/2026";"0200";"17,6";"17,6";"16,6";"95,0";"96,0";"95,0";"16,8";"16,9";"16,0";"877,7";"877,8";"877,3";"0,0";"301,0";"2,8";"";""
"24/01/2026";"0300";"17,5";"17,7";"17,5";"95,0";"96,0";"95,0";"16,7";"17,0";"16,7";"877,4";"877,8";"877,4";"1,0";"29,0";"1,6";"";""
"24/01/2026";"0400";"18,0";"18,0";"17,4";"95,0";"96,0";"94,0";"17,1";"17,1";"16,6";"876,7";"877,4";"876,7";"2,3";"24,0";"4,4";"";""
"24/01/2026";"0500";"18,0";"18,2";"18,0";"95,0";"96,0";"95,0";"17,3";"17,5";"17,2";"876,3";"876,7";"876,3";"2,1";"37,0";"4,4";"";""
"24/01/2026";"0600";"18,3";"18,4";"18,0";"97,0";"97,0";"95,0";"17,8";"17,8";"17,3";"875,9";"876,3";"875,9";"2,0";"54,0";"4,0";"";""
"24/01/2026";"0700";"17,9";"18,4";"17,8";"97,0";"97,0";"97,0";"17,5";"17,8";"17,3";"875,9";"876,0";"875,8";"2,9";"43,0";"5,8";"0,50";""
"24/01/2026";"0800";"17,4";"18,0";"17,4";"97,0";"97,0";"97,0";"17,0";"17,5";"17,0";"876,2";"876,2";"875,9";"3,6";"52,0";"6,9";"";""
"24/01/2026";"0900";"17,5";"17,5";"17,3";"97,0";"97,0";"97,0";"17,0";"17,1";"16,9";"876,4";"876,4";"876,1";"2,0";"50,0";"6,5";"";""
"24/01/2026";"1000";"17,9";"17,9";"17,5";"97,0";"97,0";"97,0";"17,5";"17,5";"17,0";"876,5";"876,5";"876,4";"0,1";"48,0";"3,5";"76,40";""
"24/01/2026";"1100";"18,8";"18,8";"17,9";"97,0";"97,0";"97,0";"18,4";"18,4";"17,5";"876,9";"876,9";"876,5";"0,3";"61,0";"2,1";"392,10";""
"24/01/2026";"1200";"21,9";"21,9";"18,8";"93,0";"97,0";"93,0";"20,7";"21,1";"18,4";"877,2";"877,2";"876,9";"1,3";"56,0";"2,7";"981,20";""
"24/01/2026";"1300";"23,7";"23,7";"21,9";"66,0";"93,0";"64,0";"16,9";"21,0";"16,3";"877,6";"877,6";"877,1";"2,7";"332,0";"5,9";"1302,60";""
"24/01/2026";"1400";"23,7";"24,2";"23,2";"67,0";"76,0";"61,0";"17,3";"19,2";"15,9";"877,8";"877,8";"877,6";"2,2";"51,0";"6,2";"1515,20";""
"24/01/2026";"1500";"24,3";"24,9";"23,4";"71,0";"75,0";"62,0";"18,7";"19,1";"17,1";"877,7";"877,8";"877,7";"2,1";"55,0";"6,2";"1460,40";""
"24/01/2026";"1600";"24,7";"25,6";"23,4";"68,0";"76,0";"64,0";"18,5";"19,4";"18,0";"877,0";"877,7";"877,0";"3,8";"64,0";"6,8";"2231,50";""
"24/01/2026";"1700";"25,0";"26,6";"24,4";"69,0";"74,0";"63,0";"18,9";"20,6";"18,2";"876,1";"877,0";"876,0";"3,5";"57,0";"7,3";"3331,20";""
"24/01/2026";"1800";"24,6";"25,8";"23,9";"71,0";"75,0";"65,0";"19,1";"20,1";"18,2";"875,3";"876,1";"875,3";"4,1";"63,0";"7,0";"2201,80";""
"24/01/2026";"1900";"23,3";"24,5";"23,3";"78,0";"79,0";"71,0";"19,3";"19,8";"18,6";"875,1";"875,3";"874,9";"3,2";"42,0";"6,7";"972,80";""
"24/01/2026";"2000";"22,3";"23,4";"22,3";"83,0";"83,0";"77,0";"19,2";"19,4";"19,0";"875,5";"875,5";"874,9";"1,2";"70,0";"5,9";"453,40";""
"24/01/2026";"2100";"21,3";"22,2";"21,3";"89,0";"89,0";"83,0";"19,4";"19,4";"19,0";"875,7";"875,7";"875,5";"2,7";"53,0";"5,1";"100,50";""
"24/01/2026";"2200";"20,7";"21,3";"20,7";"91,0";"91,0";"89,0";"19,2";"19,4";"19,0";"875,9";"875,9";"875,7";"1,5";"43,0";"4,2";"25,80";""
"24/01/2026";"2300";"19,2";"20,7";"19,2";"94,0";"94,0";"91,0";"18,2";"19,2";"18,2";"877,0";"877,0";"875,9";"1,0";"35,0";"2,3";"";""
"25/01/2026";"0000";"18,6";"19,4";"18,4";"95,0";"95,0";"93,0";"17,8";"18,4";"17,4";"877,5";"877,5";"877,0";"0,7";"328,0";"1,7";"";""
"25/01/2026";"0100";"17,6";"18,7";"17,5";"95,0";"96,0";"94,0";"16,9";"17,9";"16,7";"878,0";"878,0";"877,4";"0,3";"284,0";"1,7";"";""
"25/01/2026";"0200";"18,1";"18,3";"17,6";"96,0";"96,0";"95,0";"17,4";"17,7";"16,8";"877,5";"878,1";"877,4";"0,4";"11,0";"1,4";"";""
"25/01/2026";"0300";"17,9";"18,3";"17,8";"95,0";"96,0";"95,0";"17,1";"17,6";"17,0";"877,5";"877,8";"877,3";"1,1";"28,0";"1,8";"";""
"25/01/2026";"0400";"18,7";"18,7";"17,9";"94,0";"96,0";"94,0";"17,7";"17,7";"17,1";"877,4";"877,5";"877,2";"1,1";"22,0";"2,6";"";""
"25/01/2026";"0500";"18,2";"18,7";"18,1";"90,0";"94,0";"88,0";"16,5";"17,6";"16,5";"877,1";"877,4";"877,0";"1,0";"38,0";"2,9";"";""
"25/01/2026";"0600";"17,6";"18,3";"17,5";"92,0";"92,0";"90,0";"16,3";"16,6";"16,1";"876,5";"877,1";"876,5";"0,7";"64,0";"2,1";"";""
"25/01/2026";"0700";"17,4";"17,6";"17,2";"93,0";"94,0";"92,0";"16,3";"16,4";"16,1";"876,7";"876,7";"876,3";"0,0";"328,0";"1,3";"";""
"25/01/2026";"0800";"18,1";"18,2";"17,4";"93,0";"94,0";"92,0";"16,8";"17,0";"16,3";"877,0";"877,0";"876,7";"0,2";"52,0";"2,2";"";""
"25/01/2026";"0900";"17,9";"18,1";"17,5";"95,0";"95,0";"93,0";"17,0";"17,0";"16,4";"877,1";"877,3";"876,9";"1,1";"28,0";"1,7";"";""
"25/01/2026";"1000";"19,7";"19,7";"17,5";"92,0";"95,0";"91,0";"18,3";"18,3";"16,6";"877,9";"877,9";"877,1";"0,4";"81,0";"1,4";"168,90";""
"25/01/2026";"1100";"22,3";"22,4";"19,7";"79,0";"92,0";"78,0";"18,3";"19,2";"17,5";"878,4";"878,5";"877,9";"1,1";"64,0";"2,5";"834,20";""
"25/01/2026";"1200";"24,4";"24,4";"21,8";"74,0";"82,0";"72,0";"19,5";"19,5";"18,1";"879,1";"879,1";"878,3";"2,6";"77,0";"4,4";"1949,20";""
"25/01/2026";"1300";"24,5";"25,0";"23,3";"71,0";"74,0";"66,0";"18,9";"19,6";"17,3";"879,2";"879,3";"879,1";"4,1";"43,0";"6,7";"2018,80";""
"25/01/2026";"1400";"22,5";"25,7";"22,5";"78,0";"78,0";"65,0";"18,4";"19,3";"17,2";"879,3";"879,6";"879,2";"4,3";"88,0";"7,9";"1555,50";""
"25/01/2026";"1500";"21,2";"22,5";"21,2";"82,0";"85,0";"78,0";"18,0";"19,0";"18,0";"879,0";"879,3";"879,0";"2,7";"75,0";"7,9";"445,60";""
"25/01/2026";"1600";"21,9";"22,0";"21,1";"83,0";"85,0";"82,0";"18,9";"19,1";"17,9";"878,9";"879,0";"878,9";"3,0";"64,0";"6,5";"898,30";""
"25/01/2026";"1700";"22,8";"23,8";"21,9";"78,0";"83,0";"70,0";"18,8";"19,5";"17,3";"878,4";"878,9";"878,4";"2,6";"42,0";"8,0";"1534,10";""
"25/01/2026";"1800";"25,0";"25,6";"22,4";"66,0";"78,0";"63,0";"18,0";"19,0";"16,8";"877,4";"878,4";"877,4";"2,7";"47,0";"6,2";"2188,90";""
"25/01/2026";"1900";"24,2";"26,1";"24,0";"63,0";"72,0";"63,0";"16,8";"19,6";"16,8";"876,7";"877,4";"876,7";"3,2";"85,0";"6,6";"2122,00";""
"25/01/2026";"2000";"23,5";"24,6";"23,5";"72,0";"72,0";"63,0";"18,3";"18,4";"16,8";"876,1";"876,7";"876,1";"2,7";"52,0";"6,2";"1047,30";""
"25/01/2026";"2100";"22,5";"23,6";"22,5";"78,0";"78,0";"73,0";"18,4";"18,9";"18,2";"876,3";"876,3";"875,9";"1,5";"54,0";"5,5";"703,70";""
"25/01/2026";"2200";"20,5";"22,5";"20,5";"82,0";"82,0";"73,0";"17,4";"18,6";"17,3";"877,1";"877,1";"876,3";"0,9";"54,0";"3,8";"85,70";""
"25/01/2026";"2300";"19,6";"20,5";"19,5";"92,0";"92,0";"82,0";"18,2";"18,4";"17,4";"877,5";"877,5";"877,1";"0,3";"91,0";"2,0";"";""
"26/01/2026";"0000";"19,3";"19,7";"18,9";"94,0";"95,0";"92,0";"18,4";"18,4";"17,8";"878,1";"878,1";"877,5";"0,8";"36,0";"1,5";"";""
"26/01/2026";"0100";"18,5";"19,3";"18,3";"95,0";"95,0";"94,0";"17,7";"18,4";"17,5";"878,8";"878,8";"878,1";"0,2";"28,0";"1,9";"";""
"26/01/2026";"0200";"18,7";"18,7";"17,7";"96,0";"96,0";"95,0";"18,1";"18,1";"16,9";"879,2";"879,3";"878,8";"0,6";"43,0";"1,9";"";""
"26/01/2026";"0300";"18,1";"18,9";"18,0";"96,0";"96,0";"96,0";"17,4";"18,2";"17,3";"878,3";"879,2";"878,3";"0,7";"37,0";"1,9";"";""
"26/01/2026";"0400";"18,7";"18,7";"17,7";"96,0";"96,0";"96,0";"18,1";"18,1";"17,1";"878,1";"878,3";"878,0";"1,0";"115,0";"1,8";"";""
"26/01/2026";"0500";"19,2";"19,7";"18,7";"95,0";"96,0";"91,0";"18,4";"18,4";"18,1";"878,0";"878,1";"877,9";"1,9";"122,0";"3,7";"";""
"26/01/2026";"0600";"18,9";"19,2";"18,9";"95,0";"95,0";"95,0";"18,1";"18,4";"18,1";"877,9";"878,1";"877,9";"2,0";"59,0";"5,1";"";""
"26/01/2026";"0700";"18,8";"18,9";"18,7";"95,0";"96,0";"95,0";"18,0";"18,1";"18,0";"877,7";"877,9";"877,6";"2,5";"53,0";"4,4";"";""
"26/01/2026";"0800";"18,5";"18,8";"18,5";"94,0";"95,0";"94,0";"17,5";"18,0";"17,5";"877,9";"877,9";"877,6";"2,2";"49,0";"5,6";"";""
"26/01/2026";"0900";"18,4";"18,5";"18,3";"94,0";"94,0";"93,0";"17,3";"17,6";"17,2";"878,1";"878,1";"877,8";"2,3";"38,0";"5,8";"";""
"26/01/2026";"1000";"19,6";"19,7";"18,3";"93,0";"94,0";"93,0";"18,5";"18,6";"17,2";"878,8";"878,8";"878,1";"2,6";"71,0";"5,1";"200,30";""
"26/01/2026";"1100";"20,1";"20,2";"19,5";"88,0";"93,0";"86,0";"18,0";"18,8";"17,7";"879,1";"879,1";"878,7";"4,0";"81,0";"8,1";"588,60";""
"26/01/2026";"1200";"21,1";"21,5";"20,0";"82,0";"89,0";"80,0";"17,9";"18,7";"17,5";"879,5";"879,6";"879,1";"4,4";"81,0";"9,1";"1224,50";""
"26/01/2026";"1300";"22,5";"22,9";"20,6";"79,0";"88,0";"74,0";"18,7";"19,1";"17,3";"879,7";"879,7";"879,5";"4,8";"79,0";"9,7";"2032,50";""
"26/01/2026";"1400";"24,0";"24,8";"22,0";"64,0";"81,0";"61,0";"16,8";"19,5";"15,7";"879,6";"879,8";"879,6";"4,8";"103,0";"8,6";"3343,60";""
"26/01/2026";"1500";"24,8";"25,4";"23,7";"60,0";"65,0";"58,0";"16,5";"17,9";"15,8";"879,4";"879,6";"879,2";"4,5";"103,0";"8,9";"3754,10";""
"26/01/2026";"1600";"26,0";"26,8";"24,8";"55,0";"62,0";"54,0";"16,2";"17,5";"15,9";"879,0";"879,4";"879,0";"4,2";"82,0";"9,0";"4149,20";""
"26/01/2026";"1700";"25,8";"27,3";"25,1";"58,0";"60,0";"50,0";"16,8";"17,3";"15,2";"878,5";"879,0";"878,4";"4,0";"85,0";"8,3";"3438,00";""
"26/01/2026";"1800";"26,4";"27,0";"24,5";"56,0";"62,0";"53,0";"16,8";"17,7";"15,6";"877,6";"878,5";"877,6";"3,6";"73,0";"8,3";"1918,60";""
"26/01/2026";"1900";"26,8";"27,6";"25,3";"55,0";"57,0";"49,0";"17,1";"17,2";"15,2";"877,3";"877,6";"877,3";"2,8";"86,0";"7,8";"2251,40";""
"26/01/2026";"2000";"25,8";"26,9";"25,5";"56,0";"58,0";"50,0";"16,3";"16,9";"14,7";"876,7";"877,3";"876,7";"3,0";"89,0";"6,7";"1593,80";""
"26/01/2026";"2100";"24,7";"25,9";"24,6";"60,0";"61,0";"53,0";"16,4";"16,5";"15,4";"876,5";"876,7";"876,5";"2,6";"85,0";"5,9";"676,30";""
"26/01/2026";"2200";"22,0";"24,7";"21,8";"73,0";"74,0";"60,0";"17,0";"17,1";"16,3";"876,7";"876,7";"876,5";"1,6";"64,0";"5,5";"77,60";""
"26/01/2026";"2300";"20,1";"22,0";"20,1";"82,0";"82,0";"73,0";"16,9";"17,0";"16,7";"877,2";"877,2";"876,7";"1,2";"50,0";"3,4";"";""
"27/01/2026";"0000";"19,9";"20,6";"19,8";"83,0";"83,0";"80,0";"16,8";"17,2";"16,7";"877,8";"877,8";"877,2";"1,0";"79,0";"2,7";"";""
"27/01/2026";"0100";"20,8";"20,8";"19,3";"81,0";"86,0";"81,0";"17,4";"17,7";"16,8";"878,2";"878,3";"877,8";"1,6";"83,0";"3,4";"";""
"27/01/2026";"0200";"21,0";"21,4";"20,6";"81,0";"82,0";"78,0";"17,7";"17,7";"17,2";"878,4";"878,6";"878,2";"1,1";"88,0";"3,4";"";""
"27/01/2026";"0300";"19,7";"21,2";"19,5";"88,0";"88,0";"80,0";"17,6";"17,7";"17,3";"878,4";"878,6";"878,4";"1,5";"30,0";"6,5";"";""
"27/01/2026";"0400";"19,6";"19,8";"19,4";"87,0";"89,0";"87,0";"17,4";"17,6";"17,4";"878,0";"878,4";"878,0";"2,5";"67,0";"5,1";"";""
"27/01/2026";"0500";"19,5";"19,6";"19,4";"86,0";"88,0";"86,0";"17,0";"17,4";"17,0";"877,5";"878,0";"877,5";"2,7";"71,0";"5,2";"";""
"27/01/2026";"0600";"18,7";"19,6";"18,7";"90,0";"90,0";"86,0";"17,1";"17,1";"17,0";"877,2";"877,6";"877,2";"2,0";"75,0";"5,1";"";""
"27/01/2026";"0700";"18,7";"18,8";"18,6";"89,0";"91,0";"89,0";"16,9";"17,2";"16,9";"877,2";"877,2";"877,0";"2,2";"98,0";"4,4";"";""
"27/01/2026";"0800";"18,4";"19,0";"18,2";"88,0";"90,0";"86,0";"16,4";"16,9";"16,2";"877,2";"877,2";"877,1";"2,4";"68,0";"5,2";"";""
"27/01/2026";"0900";"18,5";"18,6";"18,3";"88,0";"90,0";"87,0";"16,4";"16,6";"16,3";"877,5";"877,5";"877,2";"3,4";"61,0";"6,0";"";""
"27/01/2026";"1000";"19,9";"19,9";"18,4";"83,0";"88,0";"83,0";"17,0";"17,1";"16,2";"877,8";"877,8";"877,4";"3,2";"72,0";"7,6";"154,70";""
"27/01/2026";"1100";"21,8";"22,1";"19,9";"73,0";"83,0";"73,0";"16,8";"17,2";"16,4";"878,2";"878,2";"877,8";"3,9";"86,0";"7,7";"1144,30";""
"27/01/2026";"1200";"23,0";"23,6";"21,6";"68,0";"75,0";"66,0";"16,8";"17,3";"16,1";"878,7";"878,7";"878,2";"4,3";"76,0";"8,1";"2056,30";""
"27/01/2026";"1300";"23,8";"24,3";"21,4";"70,0";"78,0";"68,0";"17,9";"18,8";"16,7";"879,1";"879,1";"878,7";"3,5";"62,0";"7,7";"2298,20";""
"27/01/2026";"1400";"23,7";"25,5";"23,4";"66,0";"70,0";"61,0";"16,9";"18,7";"16,4";"879,2";"879,2";"878,9";"3,2";"51,0";"9,0";"3205,30";""
"27/01/2026";"1500";"26,2";"26,5";"23,7";"59,0";"68,0";"55,0";"17,5";"18,5";"15,8";"879,0";"879,2";"879,0";"3,2";"81,0";"7,4";"3459,70";""
"27/01/2026";"1600";"26,6";"27,5";"25,4";"56,0";"61,0";"48,0";"17,0";"17,8";"14,9";"878,3";"879,0";"878,3";"3,3";"82,0";"7,3";"3760,40";""
"27/01/2026";"1700";"26,4";"27,9";"25,1";"53,0";"59,0";"47,0";"16,1";"18,0";"15,2";"877,6";"878,3";"877,6";"3,1";"32,0";"7,3";"2627,10";""
"27/01/2026";"1800";"27,5";"28,1";"25,5";"43,0";"57,0";"42,0";"14,0";"16,8";"13,6";"876,7";"877,6";"876,7";"3,1";"90,0";"7,3";"3282,90";""
"27/01/2026";"1900";"27,5";"28,1";"26,6";"48,0";"53,0";"42,0";"15,6";"16,8";"13,6";"875,9";"876,8";"875,9";"2,7";"60,0";"8,4";"2654,30";""
"27/01/2026";"2000";"26,5";"27,6";"26,4";"46,0";"49,0";"42,0";"13,8";"15,6";"13,1";"875,6";"875,9";"875,6";"3,2";"52,0";"7,1";"1862,10";""
"27/01/2026";"2100";"24,9";"26,7";"24,9";"57,0";"57,0";"45,0";"15,8";"15,9";"13,9";"875,5";"875,6";"875,4";"2,0";"72,0";"6,3";"879,50";""
"27/01/2026";"2200";"21,5";"24,9";"21,5";"69,0";"69,0";"57,0";"15,6";"16,2";"15,5";"876,1";"876,1";"875,5";"1,3";"44,0";"3,6";"81,50";""
"27/01/2026";"2300";"19,3";"21,5";"19,3";"80,0";"81,0";"69,0";"15,8";"16,2";"15,6";"877,1";"877,1";"876,1";"0,0";"93,0";"2,3";"";""
"28/01/2026";"0000";"19,0";"19,3";"18,4";"84,0";"86,0";"80,0";"16,3";"16,3";"15,8";"878,0";"878,0";"877,0";"1,3";"321,0";"2,3";"";""
"28/01/2026";"0100";"17,9";"19,1";"17,8";"87,0";"88,0";"84,0";"15,8";"16,4";"15,7";"878,2";"878,3";"877,9";"0,0";"39,0";"2,6";"";""
"28/01/2026";"0200";"18,0";"18,1";"17,7";"86,0";"88,0";"86,0";"15,7";"15,8";"15,5";"878,6";"878,6";"878,2";"0,0";"317,0";"0,8";"";""
"28/01/2026";"0300";"18,2";"18,2";"17,2";"86,0";"90,0";"86,0";"15,8";"15,9";"15,4";"878,5";"878,7";"878,5";"0,1";"97,0";"1,0";"";""
"28/01/2026";"0400";"20,5";"21,2";"17,7";"78,0";"88,0";"77,0";"16,6";"17,4";"15,5";"878,0";"878,5";"878,0";"1,7";"100,0";"4,3";"";""
"28/01/2026";"0500";"19,9";"20,5";"18,5";"81,0";"86,0";"78,0";"16,4";"16,5";"16,0";"877,4";"878,0";"877,4";"1,9";"47,0";"3,9";"";""
"28/01/2026";"0600";"19,5";"20,2";"19,3";"81,0";"81,0";"79,0";"16,1";"16,5";"16,0";"877,2";"877,4";"877,1";"2,0";"65,0";"5,1";"";""
"28/01/2026";"0700";"18,8";"19,8";"18,8";"84,0";"84,0";"79,0";"16,1";"16,2";"15,9";"876,9";"877,3";"876,9";"2,0";"64,0";"4,3";"";""
"28/01/2026";"0800";"18,7";"18,8";"18,2";"85,0";"87,0";"84,0";"16,2";"16,2";"15,9";"877,3";"877,3";"876,9";"2,5";"40,0";"4,0";"";""
"28/01/2026";"0900";"18,3";"18,7";"17,9";"88,0";"89,0";"85,0";"16,2";"16,4";"15,9";"877,9";"877,9";"877,3";"1,7";"66,0";"4,0";"";""
"28/01/2026";"1000";"20,5";"20,5";"17,8";"83,0";"90,0";"81,0";"17,5";"17,7";"15,9";"878,8";"878,8";"877,9";"1,3";"68,0";"3,3";"217,90";""
"28/01/2026";"1100";"22,8";"22,8";"20,5";"73,0";"83,0";"72,0";"17,7";"17,7";"16,8";"879,0";"879,2";"878,8";"3,1";"68,0";"5,8";"959,60";""
"28/01/2026";"1200";"22,7";"23,6";"22,7";"73,0";"73,0";"69,0";"17,5";"18,0";"16,8";"879,5";"879,5";"879,0";"2,9";"62,0";"5,5";"1489,60";""
"28/01/2026";"1300";"25,0";"25,4";"22,7";"65,0";"74,0";"63,0";"18,0";"18,6";"17,4";"879,6";"879,7";"879,6";"4,2";"64,0";"7,4";"2768,40";""
"28/01/2026";"1400";"24,9";"26,3";"24,7";"64,0";"66,0";"60,0";"17,7";"18,7";"17,3";"879,3";"879,6";"879,3";"2,6";"61,0";"7,4";"2948,40";""
"28/01/2026";"1500";"26,8";"27,2";"24,6";"59,0";"66,0";"55,0";"18,2";"18,8";"17,1";"878,8";"879,3";"878,8";"3,1";"44,0";"5,9";"2980,30";""
"28/01/2026";"1600";"27,1";"27,5";"25,4";"55,0";"63,0";"55,0";"17,4";"18,9";"16,6";"878,3";"878,8";"878,3";"3,2";"76,0";"5,8";"2915,10";""
"28/01/2026";"1700";"22,5";"28,2";"22,5";"69,0";"69,0";"51,0";"16,6";"18,4";"16,3";"878,3";"878,3";"877,8";"2,2";"279,0";"6,0";"971,00";""
"28/01/2026";"1800";"20,8";"22,5";"20,4";"85,0";"87,0";"69,0";"18,2";"18,2";"16,0";"877,3";"878,3";"877,3";"2,1";"317,0";"7,7";"310,10";""
"28/01/2026";"1900";"21,5";"21,8";"20,8";"88,0";"90,0";"84,0";"19,5";"19,9";"18,2";"876,6";"877,7";"876,6";"2,2";"48,0";"4,6";"455,30";""
"28/01/2026";"2000";"21,2";"21,5";"20,9";"85,0";"89,0";"85,0";"18,6";"19,3";"18,5";"876,9";"877,0";"876,3";"1,2";"359,0";"3,6";"256,00";""
"28/01/2026";"2100";"21,0";"21,7";"21,0";"88,0";"88,0";"83,0";"18,9";"19,1";"18,4";"876,4";"876,9";"876,4";"0,3";"94,0";"3,0";"68,50";""
"28/01/2026";"2200";"20,2";"21,3";"20,2";"89,0";"90,0";"86,0";"18,4";"19,2";"18,4";"877,1";"877,1";"876,0";"0,3";"244,0";"2,7";"33,30";""
"28/01/2026";"2300";"19,6";"20,2";"19,6";"92,0";"92,0";"89,0";"18,2";"18,5";"18,2";"878,1";"878,1";"877,1";"0,7";"282,0";"3,0";"";""
"29/01/2026";"0000";"18,9";"19,8";"18,9";"92,0";"92,0";"88,0";"17,5";"18,4";"17,5";"878,7";"878,7";"878,1";"1,0";"260,0";"2,6";"";""
"29/01/2026";"0100";"18,4";"18,9";"18,1";"92,0";"93,0";"91,0";"17,1";"17,5";"16,8";"879,3";"879,3";"878,7";"1,4";"285,0";"2,2";"";""
"29/01/2026";"0200";"18,2";"18,6";"18,0";"94,0";"94,0";"92,0";"17,2";"17,4";"16,8";"879,3";"879,5";"879,3";"0,1";"267,0";"2,1";"";""
"29/01/2026";"0300";"17,4";"18,3";"17,3";"95,0";"95,0";"93,0";"16,6";"17,3";"16,5";"878,8";"879,3";"878,8";"0,0";"254,0";"1,5";"";""
"29/01/2026";"0400";"16,7";"17,7";"16,7";"95,0";"96,0";"95,0";"16,0";"16,9";"16,0";"878,7";"878,8";"878,6";"0,1";"211,0";"1,6";"";""
"29/01/2026";"0500";"18,1";"18,2";"16,6";"96,0";"96,0";"95,0";"17,4";"17,5";"15,9";"878,1";"878,8";"878,1";"0,3";"71,0";"1,8";"";""
"29/01/2026";"0600";"18,8";"18,9";"17,9";"92,0";"96,0";"91,0";"17,4";"17,6";"16,9";"877,8";"878,1";"877,7";"1,7";"58,0";"3,1";"";""
"29/01/2026";"0700";"18,7";"18,8";"18,7";"95,0";"95,0";"92,0";"17,9";"17,9";"17,4";"877,7";"877,8";"877,6";"0,1";"3,0";"3,8";"";""
"29/01/2026";"0800";"18,9";"19,0";"18,7";"95,0";"95,0";"95,0";"18,1";"18,2";"17,9";"878,1";"878,1";"877,6";"0,2";"139,0";"0,9";"";""
"29/01/2026";"0900";"18,1";"18,9";"18,1";"96,0";"96,0";"94,0";"17,4";"18,1";"17,4";"878,0";"878,2";"878,0";"0,4";"346,0";"3,0";"";""
"29/01/2026";"1000";"19,1";"19,1";"18,0";"94,0";"96,0";"94,0";"18,2";"18,3";"17,4";"878,6";"878,6";"878,0";"0,4";"68,0";"1,8";"150,70";""
"29/01/2026";"1100";"22,3";"22,4";"19,1";"83,0";"94,0";"78,0";"19,2";"19,7";"17,8";"879,2";"879,2";"878,6";"2,1";"60,0";"4,0";"874,60";""
"29/01/2026";"1200";"22,9";"23,4";"21,7";"76,0";"82,0";"73,0";"18,4";"19,2";"17,7";"879,8";"879,8";"879,2";"3,6";"55,0";"6,0";"1695,80";""
"29/01/2026";"1300";"25,7";"25,7";"22,9";"61,0";"77,0";"59,0";"17,6";"18,9";"16,7";"879,8";"879,9";"879,8";"3,7";"46,0";"7,6";"2933,60";""
"29/01/2026";"1400";"25,9";"26,7";"25,0";"64,0";"68,0";"60,0";"18,4";"19,2";"17,3";"879,4";"879,8";"879,4";"3,6";"58,0";"8,3";"3306,70";""
"29/01/2026";"1500";"26,8";"27,3";"24,4";"59,0";"73,0";"59,0";"18,2";"19,5";"17,7";"879,1";"879,5";"879,1";"3,7";"66,0";"7,8";"2363,60";""
"29/01/2026";"1600";"24,6";"27,9";"24,5";"67,0";"69,0";"57,0";"17,9";"19,3";"17,6";"878,5";"879,1";"878,5";"2,5";"60,0";"7,9";"2685,90";""
"29/01/2026";"1700";"23,4";"25,0";"23,3";"75,0";"75,0";"66,0";"18,7";"18,9";"18,1";"877,6";"878,5";"877,6";"2,7";"79,0";"5,8";"717,00";""
"29/01/2026";"1800";"18,1";"23,9";"18,1";"90,0";"90,0";"73,0";"16,5";"19,6";"16,1";"877,4";"877,6";"877,3";"4,5";"34,0";"10,3";"450,10";""
"29/01/2026";"1900";"19,0";"19,3";"17,5";"89,0";"93,0";"87,0";"17,3";"18,0";"16,1";"877,3";"877,4";"877,0";"2,0";"254,0";"8,4";"268,70";""
"29/01/2026";"2000";"19,3";"19,4";"18,8";"92,0";"93,0";"88,0";"18,1";"18,1";"17,0";"875,8";"877,3";"875,8";"0,8";"29,0";"5,5";"150,70";""
"29/01/2026";"2100";"20,1";"20,1";"18,8";"85,0";"93,0";"85,0";"17,5";"18,0";"17,1";"876,2";"876,2";"875,7";"0,9";"3,0";"2,5";"262,50";""
"29/01/2026";"2200";"19,1";"20,5";"19,1";"92,0";"92,0";"84,0";"17,7";"18,4";"17,4";"876,7";"876,7";"876,2";"0,0";"74,0";"1,9";"66,30";""
"29/01/2026";"2300";"18,5";"19,1";"18,0";"89,0";"94,0";"89,0";"16,6";"17,6";"16,6";"876,9";"876,9";"876,5";"1,6";"46,0";"2,5";"";""
"30/01/2026";"0000";"18,4";"18,5";"18,2";"92,0";"92,0";"89,0";"17,0";"17,0";"16,4";"877,6";"877,6";"876,9";"1,6";"9,0";"2,5";"";""
"30/01/2026";"0100";"16,9";"18,3";"16,9";"95,0";"95,0";"92,0";"16,1";"17,2";"16,0";"878,0";"878,1";"877,6";"0,6";"336,0";"2,0";"";""
"30/01/2026";"0200";"17,1";"17,7";"16,7";"96,0";"96,0";"95,0";"16,4";"17,0";"15,8";"878,0";"878,2";"878,0";"0,2";"82,0";"1,9";"";""
"30/01/2026";"0300";"17,5";"17,5";"16,9";"95,0";"96,0";"94,0";"16,7";"16,8";"16,1";"877,7";"878,1";"877,6";"1,6";"345,0";"3,9";"";""
"30/01/2026";"0400";"16,3";"17,6";"16,3";"95,0";"96,0";"94,0";"15,5";"16,8";"15,5";"877,4";"877,7";"877,4";"0,0";"57,0";"2,3";"";""
"30/01/2026";"0500";"16,5";"16,9";"16,3";"95,0";"96,0";"95,0";"15,8";"16,3";"15,6";"876,7";"877,4";"876,7";"2,1";"309,0";"3,0";"";""
"30/01/2026";"0600";"17,1";"17,3";"16,5";"95,0";"95,0";"92,0";"16,3";"16,5";"15,7";"876,0";"876,7";"876,0";"0,0";"208,0";"3,4";"";""
"30/01/2026";"0700";"16,6";"17,1";"16,5";"93,0";"95,0";"93,0";"15,5";"16,3";"15,5";"876,0";"876,0";"875,9";"0,0";"255,0";"1,0";"";""
"30/01/2026";"0800";"17,2";"17,5";"16,6";"92,0";"94,0";"90,0";"15,9";"16,0";"15,5";"876,1";"876,1";"875,9";"0,0";"266,0";"2,0";"";""
"30/01/2026";"0900";"17,9";"17,9";"16,8";"88,0";"94,0";"88,0";"16,0";"16,4";"15,6";"876,8";"876,8";"876,1";"0,0";"257,0";"2,0";"";""
"30/01/2026";"1000";"20,1";"20,1";"17,4";"83,0";"90,0";"81,0";"17,0";"17,2";"15,7";"877,7";"877,7";"876,8";"1,3";"314,0";"2,9";"147,40";""
"30/01/2026";"1100";"22,5";"23,0";"20,0";"74,0";"84,0";"71,0";"17,5";"18,5";"16,9";"878,0";"878,0";"877,7";"2,0";"325,0";"4,1";"1272,80";""
"30/01/2026";"1200";"24,3";"24,4";"21,9";"65,0";"76,0";"63,0";"17,3";"17,9";"16,8";"878,3";"878,3";"878,0";"2,1";"329,0";"4,9";"1400,40";""
"30/01/2026";"1300";"24,4";"26,2";"24,1";"61,0";"68,0";"58,0";"16,4";"18,2";"15,9";"878,6";"878,6";"878,3";"4,0";"321,0";"7,4";"2684,90";""
"30/01/2026";"1400";"27,6";"27,6";"24,4";"56,0";"63,0";"53,0";"18,0";"18,0";"15,6";"878,3";"878,6";"878,3";"3,6";"300,0";"8,8";"3081,20";""
"30/01/2026";"1500";"27,2";"27,7";"25,5";"55,0";"59,0";"51,0";"17,5";"17,6";"15,9";"877,7";"878,3";"877,7";"4,0";"286,0";"8,6";"3409,30";""
"30/01/2026";"1600";"27,6";"27,9";"26,1";"49,0";"57,0";"49,0";"16,0";"17,7";"15,8";"876,6";"877,7";"876,6";"4,2";"294,0";"9,2";"3796,80";""
"30/01/2026";"1700";"27,5";"28,3";"26,0";"54,0";"59,0";"48,0";"17,4";"18,3";"16,1";"876,0";"876,6";"875,9";"4,4";"317,0";"10,0";"4126,90";""
"30/01/2026";"1800";"27,4";"27,6";"25,9";"57,0";"60,0";"52,0";"18,2";"18,6";"16,4";"875,3";"876,0";"875,3";"3,8";"301,0";"8,8";"3065,90";""
"30/01/2026";"1900";"23,4";"27,4";"23,2";"68,0";"70,0";"57,0";"17,1";"18,6";"16,8";"874,4";"875,3";"874,4";"3,3";"266,0";"12,1";"1384,90";""
"30/01/2026";"2000";"22,8";"23,4";"22,8";"70,0";"70,0";"67,0";"17,1";"17,4";"16,7";"874,8";"874,8";"874,2";"2,2";"268,0";"6,0";"486,90";""
"30/01/2026";"2100";"23,6";"23,9";"22,8";"68,0";"71,0";"67,0";"17,4";"17,6";"16,9";"875,3";"875,3";"874,5";"2,2";"283,0";"4,3";"536,80";""
"30/01/2026";"2200";"21,0";"23,6";"21,0";"83,0";"83,0";"68,0";"18,0";"18,0";"17,3";"876,2";"876,2";"875,3";"1,1";"303,0";"4,6";"96,20";""
"30/01/2026";"2300";"20,6";"21,0";"20,6";"86,0";"86,0";"83,0";"18,2";"18,3";"17,7";"876,8";"876,8";"876,2";"0,0";"322,0";"2,6";"";""
"31/01/2026";"0000";"20,6";"21,0";"20,5";"80,0";"87,0";"80,0";"17,1";"18,2";"17,1";"877,4";"877,4";"876,8";"1,4";"295,0";"2,5";"";""
"31/01/2026";"0100";"20,1";"20,9";"20,1";"91,0";"91,0";"79,0";"18,5";"18,6";"17,0";"877,6";"877,6";"877,4";"0,9";"169,0";"2,9";"";""
"31/01/2026";"0200";"19,3";"20,1";"19,3";"95,0";"95,0";"91,0";"18,5";"18,7";"18,4";"877,5";"877,7";"877,5";"1,2";"264,0";"2,2";"";""
"31/01/2026";"0300";"19,0";"19,3";"19,0";"94,0";"95,0";"93,0";"18,1";"18,5";"17,9";"877,1";"877,5";"877,1";"0,7";"340,0";"2,4";"";""
"31/01/2026";"0400";"19,1";"19,3";"18,9";"95,0";"95,0";"94,0";"18,2";"18,5";"18,0";"876,8";"877,1";"876,8";"0,1";"22,0";"1,5";"";""
"31/01/2026";"0500";"18,9";"19,2";"18,9";"95,0";"96,0";"95,0";"18,2";"18,4";"18,2";"876,2";"876,8";"876,2";"0,9";"298,0";"1,4";"";""
"31/01/2026";"0600";"18,9";"19,1";"18,9";"94,0";"95,0";"92,0";"18,0";"18,2";"17,6";"875,8";"876,2";"875,8";"0,9";"259,0";"2,2";"";""
"31/01/2026";"0700";"18,8";"19,1";"18,6";"93,0";"94,0";"90,0";"17,6";"18,0";"17,3";"875,4";"875,8";"875,4";"0,6";"240,0";"2,4";"";""
"31/01/2026";"0800";"18,5";"18,8";"18,2";"94,0";"95,0";"93,0";"17,4";"17,7";"17,1";"875,4";"875,5";"875,3";"0,0";"226,0";"1,9";"";""
"31/01/2026";"0900";"18,2";"18,5";"18,0";"95,0";"95,0";"93,0";"17,3";"17,4";"17,1";"875,7";"875,7";"875,3";"0,0";"150,0";"0,7";"";""
"31/01/2026";"1000";"19,4";"19,5";"18,2";"92,0";"95,0";"92,0";"18,1";"18,3";"17,3";"876,4";"876,4";"875,7";"0,0";"284,0";"1,3";"132,90";""
"31/01/2026";"1100";"21,7";"21,7";"19,4";"82,0";"92,0";"82,0";"18,6";"19,2";"18,0";"876,9";"876,9";"876,4";"0,5";"167,0";"1,3";"540,30";""
"31/01/2026";"1200";"23,8";"23,9";"21,7";"75,0";"83,0";"72,0";"19,1";"19,6";"18,3";"877,3";"877,4";"876,9";"2,4";"285,0";"4,6";"1237,50";""
"31/01/2026";"1300";"25,0";"25,4";"23,7";"68,0";"75,0";"65,0";"18,6";"19,7";"18,0";"877,6";"877,6";"877,3";"2,8";"273,0";"5,6";"2300,40";""
"31/01/2026";"1400";"26,4";"26,5";"25,0";"59,0";"69,0";"57,0";"17,6";"19,3";"17,0";"877,2";"877,6";"877,2";"2,9";"285,0";"6,3";"2393,90";""
"31/01/2026";"1500";"27,0";"27,2";"25,7";"52,0";"62,0";"52,0";"16,4";"18,6";"16,4";"876,9";"877,2";"876,9";"2,9";"301,0";"6,6";"2474,90";""
"31/01/2026";"1600";"27,4";"28,1";"26,5";"52,0";"56,0";"49,0";"16,5";"17,8";"15,6";"875,9";"876,9";"875,9";"3,6";"294,0";"9,6";"3972,70";""
"31/01/2026";"1700";"26,9";"29,2";"26,9";"48,0";"55,0";"44,0";"15,1";"18,2";"15,1";"874,7";"875,9";"874,7";"4,4";"283,0";"8,9";"3490,40";""
"31/01/2026";"1800";"27,5";"29,1";"26,9";"51,0";"53,0";"45,0";"16,4";"17,8";"15,4";"874,1";"874,7";"874,0";"3,8";"291,0";"8,9";"3297,20";""
"31/01/2026";"1900";"25,7";"28,6";"25,0";"67,0";"72,0";"46,0";"19,2";"20,2";"15,8";"873,7";"874,1";"873,7";"3,0";"37,0";"7,1";"1712,60";""
"31/01/2026";"2000";"25,7";"26,5";"23,9";"66,0";"74,0";"60,0";"18,8";"20,0";"17,8";"873,3";"873,8";"873,3";"1,9";"22,0";"7,3";"1278,20";""
"31/01/2026";"2100";"23,8";"25,7";"23,8";"74,0";"75,0";"66,0";"18,8";"19,4";"18,6";"873,9";"874,0";"873,3";"1,4";"124,0";"4,0";"458,10";""
"31/01/2026";"2200";"21,3";"23,8";"21,2";"84,0";"85,0";"72,0";"18,4";"19,2";"17,8";"875,4";"875,4";"873,9";"1,3";"304,0";"5,0";"71,30";""
"31/01/2026";"2300";"20,7";"21,3";"20,6";"88,0";"88,0";"83,0";"18,6";"18,9";"18,2";"875,7";"875,7";"875,3";"0,3";"74,0";"1,7";"";""
"01/02/2026";"0000";"20,5";"20,9";"20,4";"88,0";"90,0";"87,0";"18,5";"18,9";"18,3";"876,6";"876,6";"875,7";"1,2";"309,0";"1,6";"";""
"01/02/2026";"0100";"20,9";"21,0";"20,5";"90,0";"90,0";"87,0";"19,2";"19,3";"18,5";"877,2";"877,2";"876,6";"0,3";"142,0";"1,8";"";""
"01/02/2026";"0200";"20,4";"20,9";"20,3";"92,0";"94,0";"90,0";"19,0";"19,6";"19,0";"877,3";"877,4";"877,2";"2,1";"261,0";"4,6";"";""
"01/02/2026";"0300";"18,0";"20,4";"18,0";"94,0";"95,0";"89,0";"17,0";"19,1";"17,0";"877,6";"877,6";"877,2";"2,7";"293,0";"6,8";"";""
"01/02/2026";"0400";"18,1";"18,1";"17,7";"95,0";"95,0";"93,0";"17,4";"17,4";"16,6";"878,0";"878,1";"877,5";"1,8";"282,0";"6,2";"";""
"01/02/2026";"0500";"17,7";"18,6";"17,5";"95,0";"95,0";"94,0";"16,8";"17,8";"16,6";"877,0";"878,1";"877,0";"2,4";"306,0";"7,1";"";""
"01/02/2026";"0600";"17,7";"17,9";"17,6";"94,0";"95,0";"88,0";"16,8";"16,8";"15,8";"875,9";"877,0";"875,9";"0,9";"87,0";"7,6";"";""
"01/02/2026";"0700";"17,5";"17,7";"17,2";"95,0";"95,0";"93,0";"16,8";"16,8";"16,3";"875,8";"875,9";"875,6";"0,5";"89,0";"3,1";"";""
"01/02/2026";"0800";"17,4";"17,6";"17,3";"96,0";"96,0";"95,0";"16,8";"16,8";"16,6";"875,7";"876,0";"875,7";"0,1";"316,0";"2,4";"";""
"01/02/2026";"0900";"17,5";"17,8";"17,1";"95,0";"96,0";"95,0";"16,6";"17,2";"16,4";"876,1";"876,1";"875,7";"0,6";"221,0";"2,2";"";""
"01/02/2026";"1000";"18,0";"18,1";"17,2";"94,0";"95,0";"93,0";"17,0";"17,3";"16,2";"876,5";"876,5";"876,0";"0,7";"239,0";"3,2";"126,40";""
"01/02/2026";"1100";"21,8";"21,8";"18,0";"70,0";"94,0";"70,0";"16,2";"18,1";"16,2";"876,9";"876,9";"876,5";"0,4";"238,0";"1,9";"697,10";""
"01/02/2026";"1200";"22,9";"22,9";"21,8";"70,0";"76,0";"65,0";"17,1";"17,4";"15,4";"877,3";"877,3";"876,9";"2,4";"262,0";"4,8";"1152,00";""
"01/02/2026";"1300";"24,6";"24,8";"22,9";"58,0";"70,0";"55,0";"15,8";"17,4";"14,7";"877,4";"877,4";"877,1";"5,0";"262,0";"9,0";"2333,50";""
"01/02/2026";"1400";"24,2";"25,4";"24,1";"59,0";"61,0";"54,0";"15,7";"16,6";"14,7";"877,3";"877,4";"877,2";"3,5";"261,0";"9,1";"2334,50";""
"01/02/2026";"1500";"25,6";"25,9";"24,2";"60,0";"62,0";"55,0";"17,2";"17,6";"15,7";"877,2";"877,4";"877,1";"5,1";"268,0";"9,0";"3526,20";""
"01/02/2026";"1600";"26,3";"26,9";"25,3";"52,0";"60,0";"48,0";"15,8";"17,2";"14,5";"876,2";"877,2";"876,2";"4,2";"296,0";"8,8";"3620,00";""
"01/02/2026";"1700";"27,7";"27,9";"26,1";"52,0";"55,0";"47,0";"16,8";"17,2";"14,9";"875,1";"876,2";"875,1";"3,6";"270,0";"8,9";"3785,90";""
"01/02/2026";"1800";"27,1";"28,1";"25,5";"51,0";"60,0";"47,0";"15,9";"17,7";"14,7";"874,3";"875,1";"874,3";"3,2";"241,0";"7,9";"2718,10";""
"01/02/2026";"1900";"27,2";"27,9";"25,5";"49,0";"57,0";"47,0";"15,5";"17,4";"14,6";"873,7";"874,3";"873,7";"4,0";"272,0";"8,4";"2605,50";""
"01/02/2026";"2000";"26,3";"27,2";"26,1";"52,0";"53,0";"46,0";"15,7";"15,9";"14,2";"873,7";"873,8";"873,6";"3,0";"287,0";"7,3";"1851,40";""
"01/02/2026";"2100";"25,0";"26,3";"25,0";"59,0";"59,0";"50,0";"16,5";"17,0";"15,0";"874,0";"874,0";"873,6";"2,0";"264,0";"6,2";"911,10";""
"01/02/2026";"2200";"21,9";"25,0";"21,9";"69,0";"69,0";"59,0";"16,0";"17,3";"15,8";"874,9";"874,9";"873,9";"1,3";"261,0";"4,2";"119,50";""
"01/02/2026";"2300";"20,5";"21,9";"20,0";"82,0";"83,0";"69,0";"17,3";"17,4";"15,9";"875,9";"875,9";"874,9";"1,6";"24,0";"3,1";"";""
"02/02/2026";"0000";"20,1";"20,5";"19,8";"90,0";"90,0";"81,0";"18,4";"18,4";"17,2";"876,6";"876,6";"875,9";"0,0";"289,0";"3,8";"";""
"02/02/2026";"0100";"19,6";"20,2";"19,4";"93,0";"93,0";"89,0";"18,4";"18,4";"17,9";"877,5";"877,5";"876,6";"3,7";"279,0";"7,7";"";""
"02/02/2026";"0200";"19,6";"19,8";"19,4";"90,0";"93,0";"88,0";"17,9";"18,4";"17,6";"877,4";"877,6";"877,4";"1,8";"266,0";"7,7";"";""
"02/02/2026";"0300";"18,9";"19,7";"18,9";"90,0";"91,0";"88,0";"17,2";"18,0";"17,1";"877,1";"877,4";"877,1";"2,2";"265,0";"4,3";"";""
"02/02/2026";"0400";"18,9";"19,0";"18,8";"89,0";"91,0";"89,0";"17,1";"17,3";"17,0";"876,7";"877,1";"876,7";"1,9";"240,0";"4,7";"";""
"02/02/2026";"0500";"18,8";"19,1";"18,6";"90,0";"92,0";"88,0";"17,1";"17,3";"17,0";"876,0";"876,7";"876,0";"1,7";"268,0";"3,4";"";""
"02/02/2026";"0600";"19,2";"19,4";"18,8";"89,0";"90,0";"87,0";"17,3";"17,5";"17,0";"876,2";"876,2";"875,9";"0,7";"213,0";"3,4";"";""
"02/02/2026";"0700";"18,4";"19,2";"18,3";"94,0";"94,0";"89,0";"17,4";"17,4";"17,1";"875,9";"876,2";"875,9";"0,4";"307,0";"2,8";"";""
"02/02/2026";"0800";"17,8";"18,4";"17,8";"94,0";"95,0";"93,0";"16,8";"17,4";"16,8";"876,2";"876,2";"875,9";"1,3";"304,0";"1,9";"";""
"02/02/2026";"0900";"17,1";"17,8";"16,9";"95,0";"95,0";"94,0";"16,2";"16,9";"16,0";"876,4";"876,4";"876,1";"0,0";"132,0";"1,9";"";""
"02/02/2026";"1000";"18,5";"18,5";"16,9";"95,0";"95,0";"94,0";"17,6";"17,6";"16,0";"876,5";"876,5";"876,3";"0,3";"41,0";"1,5";"146,70";""
"02/02/2026";"1100";"23,1";"23,5";"18,5";"70,0";"95,0";"69,0";"17,3";"18,4";"17,0";"876,7";"876,7";"876,4";"1,4";"90,0";"2,2";"1053,80";""
"02/02/2026";"1200";"24,3";"24,9";"23,0";"66,0";"74,0";"65,0";"17,6";"19,0";"16,7";"877,2";"877,3";"876,7";"1,1";"87,0";"2,7";"1427,00";""
"02/02/2026";"1300";"25,4";"25,8";"24,0";"60,0";"68,0";"59,0";"17,0";"18,2";"16,7";"877,3";"877,3";"877,1";"1,4";"215,0";"2,8";"1475,50";""
"02/02/2026";"1400";"21,1";"27,0";"20,1";"91,0";"91,0";"53,0";"19,6";"19,6";"15,7";"877,2";"877,4";"877,1";"2,7";"311,0";"11,1";"1581,40";""
"02/02/2026";"1500";"24,7";"25,6";"21,1";"65,0";"91,0";"64,0";"17,8";"21,0";"17,6";"876,6";"877,2";"876,6";"1,8";"178,0";"5,6";"2335,90";""
"02/02/2026";"1600";"23,5";"24,7";"21,2";"77,0";"87,0";"65,0";"19,3";"20,4";"17,6";"875,8";"876,7";"875,8";"1,0";"80,0";"7,3";"1367,80";""
"02/02/2026";"1700";"20,3";"23,6";"20,0";"87,0";"93,0";"73,0";"18,0";"19,5";"17,7";"875,1";"875,8";"875,1";"1,2";"285,0";"5,0";"1040,20";""
"02/02/2026";"1800";"24,0";"24,0";"20,3";"74,0";"90,0";"73,0";"19,1";"19,7";"17,9";"874,2";"875,1";"874,2";"0,1";"133,0";"2,6";"1659,70";""
"02/02/2026";"1900";"20,2";"24,0";"20,2";"87,0";"87,0";"71,0";"17,9";"19,3";"17,8";"873,9";"874,2";"873,8";"4,3";"282,0";"7,1";"744,80";""
"02/02/2026";"2000";"19,8";"20,2";"19,0";"91,0";"93,0";"87,0";"18,4";"18,4";"17,5";"874,5";"874,5";"873,9";"1,8";"271,0";"8,7";"139,30";""
"02/02/2026";"2100";"20,4";"20,6";"19,8";"93,0";"93,0";"91,0";"19,3";"19,5";"18,4";"875,2";"875,2";"874,5";"0,0";"267,0";"3,1";"143,30";""
"02/02/2026";"2200";"19,7";"20,6";"19,7";"92,0";"95,0";"92,0";"18,4";"19,6";"18,4";"875,1";"875,5";"875,1";"1,2";"303,0";"2,4";"38,50";""
"02/02/2026";"2300";"19,3";"19,8";"19,2";"96,0";"96,0";"92,0";"18,6";"18,9";"18,2";"876,6";"876,6";"875,1";"2,8";"250,0";"8,7";"";""
"03/02/2026";"0000";"18,5";"19,3";"18,5";"94,0";"96,0";"94,0";"17,5";"18,6";"17,5";"877,1";"877,1";"876,6";"3,2";"256,0";"6,8";"";""
"03/02/2026";"0100";"18,3";"18,5";"18,3";"94,0";"95,0";"94,0";"17,3";"17,5";"17,3";"877,6";"877,6";"877,2";"2,0";"230,0";"6,9";"";""
"03/02/2026";"0200";"18,0";"18,3";"18,0";"94,0";"95,0";"94,0";"17,1";"17,4";"17,0";"877,6";"877,7";"877,6";"2,1";"269,0";"3,6";"";""
"03/02/2026";"0300";"18,3";"18,3";"18,0";"93,0";"95,0";"93,0";"17,2";"17,4";"17,1";"877,4";"877,6";"877,4";"1,2";"254,0";"3,7";"";""
"03/02/2026";"0400";"18,4";"18,4";"18,3";"93,0";"93,0";"92,0";"17,2";"17,2";"17,1";"877,1";"877,4";"877,1";"1,8";"257,0";"4,1";"";""
"03/02/2026";"0500";"17,7";"18,4";"17,6";"93,0";"95,0";"93,0";"16,5";"17,4";"16,5";"876,8";"877,2";"876,8";"1,9";"262,0";"4,1";"";""
"03/02/2026";"0600";"17,4";"17,7";"17,3";"94,0";"95,0";"93,0";"16,4";"16,5";"16,3";"876,5";"876,8";"876,5";"1,8";"270,0";"3,9";"";""
"03/02/2026";"0700";"17,4";"17,6";"17,4";"95,0";"95,0";"93,0";"16,6";"16,7";"16,4";"876,6";"876,6";"876,4";"2,1";"270,0";"3,2";"";""
"03/02/2026";"0800";"17,6";"17,6";"17,4";"95,0";"95,0";"95,0";"16,8";"16,8";"16,6";"876,5";"876,6";"876,5";"1,9";"275,0";"3,5";"";""
"03/02/2026";"0900";"17,7";"17,7";"17,6";"94,0";"95,0";"94,0";"16,7";"16,8";"16,7";"876,7";"876,7";"876,5";"1,1";"278,0";"3,6";"";""
"03/02/2026";"1000";"18,1";"18,2";"17,7";"95,0";"95,0";"94,0";"17,3";"17,4";"16,7";"877,2";"877,2";"876,7";"0,1";"182,0";"2,3";"70,60";""
"03/02/2026";"1100";"19,8";"19,8";"18,1";"88,0";"95,0";"88,0";"17,8";"17,9";"17,1";"877,8";"877,8";"877,2";"1,3";"264,0";"3,0";"444,40";""
"03/02/2026";"1200";"21,7";"21,7";"19,8";"78,0";"89,0";"78,0";"17,7";"18,1";"17,0";"878,5";"878,6";"877,9";"3,3";"267,0";"5,6";"1101,90";""
"03/02/2026";"1300";"22,0";"22,9";"21,6";"74,0";"80,0";"72,0";"17,2";"18,7";"17,1";"879,2";"879,2";"878,5";"3,9";"294,0";"7,8";"2072,50";""
"03/02/2026";"1400";"22,6";"23,0";"22,0";"71,0";"76,0";"70,0";"17,1";"18,1";"17,0";"879,2";"879,3";"879,1";"3,4";"286,0";"7,8";"2204,60";""
"03/02/2026";"1500";"24,1";"24,5";"22,6";"68,0";"73,0";"66,0";"17,8";"18,4";"16,8";"878,4";"879,2";"878,4";"2,9";"278,0";"7,3";"2650,60";""
"03/02/2026";"1600";"25,4";"25,5";"23,0";"65,0";"74,0";"65,0";"18,2";"19,1";"16,9";"877,5";"878,4";"877,5";"3,9";"281,0";"8,1";"2384,60";""
"03/02/2026";"1700";"21,2";"25,3";"21,2";"80,0";"80,0";"63,0";"17,5";"18,6";"16,9";"877,1";"877,5";"877,1";"4,8";"282,0";"9,4";"1832,70";""
"03/02/2026";"1800";"21,4";"21,4";"20,8";"77,0";"80,0";"77,0";"17,2";"17,6";"16,9";"876,8";"877,1";"876,8";"2,6";"298,0";"8,2";"609,30";""
"03/02/2026";"1900";"20,8";"21,6";"20,7";"81,0";"81,0";"77,0";"17,4";"17,9";"17,1";"876,4";"876,8";"876,4";"3,0";"308,0";"7,2";"446,50";""
"03/02/2026";"2000";"20,5";"20,9";"20,4";"81,0";"82,0";"79,0";"17,0";"17,5";"16,8";"875,9";"876,4";"875,9";"2,8";"303,0";"7,0";"404,30";""
"03/02/2026";"2100";"20,0";"20,5";"20,0";"82,0";"84,0";"80,0";"16,8";"17,5";"16,8";"876,2";"876,2";"875,9";"3,8";"279,0";"6,9";"236,80";""
"03/02/2026";"2200";"19,1";"20,0";"19,1";"89,0";"89,0";"82,0";"17,2";"17,3";"16,9";"876,2";"876,4";"876,1";"3,5";"265,0";"6,9";"50,00";""
"03/02/2026";"2300";"19,0";"19,1";"19,0";"91,0";"91,0";"89,0";"17,6";"17,6";"17,1";"876,8";"876,8";"876,1";"3,1";"255,0";"6,1";"";""
"04/02/2026";"0000";"18,9";"19,0";"18,9";"92,0";"93,0";"91,0";"17,6";"17,7";"17,5";"877,7";"877,7";"876,8";"2,4";"257,0";"5,2";"";""
"04/02/2026";"0100";"18,8";"19,1";"18,8";"94,0";"95,0";"92,0";"17,9";"18,0";"17,6";"878,2";"878,2";"877,7";"2,6";"251,0";"5,3";"";""
"04/02/2026";"0200";"18,7";"18,9";"18,7";"93,0";"94,0";"92,0";"17,6";"17,9";"17,5";"878,7";"878,7";"878,2";"0,0";"287,0";"4,6";"";""
"04/02/2026";"0300";"18,7";"18,9";"18,7";"94,0";"94,0";"92,0";"17,7";"17,9";"17,5";"878,4";"878,7";"878,4";"0,1";"264,0";"1,3";"";""
"04/02/2026";"0400";"18,7";"18,9";"18,7";"94,0";"94,0";"93,0";"17,7";"17,7";"17,6";"877,8";"878,4";"877,8";"0,4";"243,0";"2,1";"";""
"04/02/2026";"0500";"18,3";"18,8";"18,3";"93,0";"95,0";"93,0";"17,2";"17,9";"17,1";"877,1";"877,8";"877,1";"1,6";"262,0";"2,7";"";""
"04/02/2026";"0600";"18,6";"18,6";"18,2";"95,0";"95,0";"93,0";"17,7";"17,7";"17,2";"876,5";"877,1";"876,5";"1,3";"227,0";"2,7";"";""
"04/02/2026";"0700";"18,5";"18,6";"18,5";"94,0";"95,0";"94,0";"17,5";"17,7";"17,5";"876,8";"876,8";"876,5";"1,4";"236,0";"4,5";"";""
"04/02/2026";"0800";"18,4";"18,5";"18,2";"94,0";"94,0";"93,0";"17,4";"17,5";"17,1";"877,0";"877,1";"876,8";"1,9";"233,0";"4,9";"";""
"04/02/2026";"0900";"18,1";"18,4";"18,0";"92,0";"94,0";"92,0";"16,8";"17,4";"16,8";"877,0";"877,0";"876,9";"1,7";"239,0";"4,5";"";""
"04/02/2026";"1000";"18,5";"18,5";"17,9";"89,0";"93,0";"89,0";"16,8";"16,8";"16,7";"877,4";"877,4";"877,0";"2,0";"264,0";"3,8";"94,60";""
"04/02/2026";"1100";"20,3";"20,3";"18,5";"80,0";"89,0";"80,0";"16,7";"17,2";"16,4";"877,7";"877,8";"877,4";"1,9";"223,0";"3,6";"399,00";""
"04/02/2026";"1200";"22,0";"22,6";"20,3";"72,0";"83,0";"70,0";"16,7";"17,4";"16,2";"878,1";"878,1";"877,7";"2,3";"227,0";"4,7";"1459,30";""
"04/02/2026";"1300";"24,3";"24,3";"21,8";"64,0";"73,0";"64,0";"17,1";"18,1";"16,0";"878,1";"878,3";"878,1";"2,6";"249,0";"5,3";"1775,60";""
"04/02/2026";"1400";"25,5";"26,1";"24,1";"58,0";"65,0";"56,0";"16,7";"18,1";"16,1";"877,8";"878,1";"877,8";"2,1";"262,0";"7,6";"3482,80";""
"04/02/2026";"1500";"26,3";"26,7";"25,3";"58,0";"63,0";"54,0";"17,4";"18,3";"15,8";"877,6";"877,9";"877,6";"3,7";"304,0";"7,1";"3484,70";""
"04/02/2026";"1600";"26,5";"26,9";"25,6";"57,0";"63,0";"55,0";"17,3";"18,3";"16,6";"877,0";"877,6";"876,9";"3,5";"274,0";"7,6";"4011,90";""
"04/02/2026";"1700";"27,2";"28,2";"25,9";"57,0";"60,0";"52,0";"17,9";"18,9";"16,5";"876,5";"877,0";"876,5";"3,8";"293,0";"8,0";"3828,80";""
"04/02/2026";"1800";"27,0";"27,3";"25,4";"54,0";"63,0";"54,0";"16,8";"18,8";"16,7";"875,7";"876,5";"875,7";"3,0";"278,0";"8,0";"2506,80";""
"04/02/2026";"1900";"25,4";"27,8";"25,0";"60,0";"62,0";"50,0";"17,1";"17,6";"16,2";"875,2";"875,7";"875,2";"3,3";"284,0";"7,9";"2099,60";""
"04/02/2026";"2000";"23,8";"26,2";"23,8";"64,0";"66,0";"54,0";"16,7";"17,6";"16,1";"874,9";"875,4";"874,9";"3,0";"282,0";"8,2";"1243,30";""
"04/02/2026";"2100";"22,6";"23,8";"22,6";"78,0";"78,0";"64,0";"18,5";"18,6";"16,7";"875,7";"875,8";"874,9";"3,0";"269,0";"6,5";"448,10";""
"04/02/2026";"2200";"21,6";"22,6";"21,6";"84,0";"84,0";"78,0";"18,7";"18,8";"18,5";"876,0";"876,0";"875,7";"2,5";"264,0";"5,9";"77,20";""
"04/02/2026";"2300";"20,8";"21,6";"20,8";"88,0";"88,0";"84,0";"18,7";"18,9";"18,6";"876,7";"876,7";"876,0";"0,6";"280,0";"4,4";"";""
"05/02/2026";"0000";"20,5";"20,8";"20,3";"90,0";"92,0";"88,0";"18,7";"19,0";"18,6";"877,4";"877,4";"876,7";"0,5";"248,0";"2,2";"";""
"05/02/2026";"0100";"20,4";"20,6";"20,2";"89,0";"90,0";"89,0";"18,5";"18,9";"18,5";"877,9";"878,0";"877,4";"1,9";"246,0";"3,2";"";""
"05/02/2026";"0200";"20,3";"20,4";"20,1";"91,0";"92,0";"89,0";"18,8";"18,8";"18,5";"878,1";"878,2";"877,9";"1,3";"233,0";"3,2";"";""
"05/02/2026";"0300";"19,7";"20,3";"19,7";"93,0";"93,0";"90,0";"18,5";"18,8";"18,5";"877,3";"878,2";"877,3";"0,8";"207,0";"3,3";"";""
"05/02/2026";"0400";"19,7";"19,8";"19,4";"94,0";"94,0";"93,0";"18,8";"18,8";"18,3";"876,9";"877,3";"876,9";"2,3";"267,0";"4,5";"";""
"05/02/2026";"0500";"19,7";"19,7";"19,6";"94,0";"94,0";"94,0";"18,6";"18,8";"18,6";"876,3";"876,9";"876,3";"1,9";"239,0";"4,1";"";""
"05/02/2026";"0600";"19,3";"19,7";"19,3";"95,0";"95,0";"94,0";"18,5";"18,6";"18,4";"876,4";"876,5";"876,3";"0,4";"25,0";"3,9";"";""
"05/02/2026";"0700";"18,6";"19,3";"18,5";"96,0";"96,0";"95,0";"17,9";"18,5";"17,8";"876,2";"876,4";"876,1";"0,0";"87,0";"1,2";"";""
"05/02/2026";"0800";"18,5";"18,6";"18,3";"96,0";"96,0";"96,0";"18,0";"18,0";"17,6";"876,3";"876,3";"876,1";"0,0";"343,0";"0,4";"";""
"05/02/2026";"0900";"18,6";"18,8";"18,4";"96,0";"97,0";"96,0";"18,1";"18,2";"17,9";"876,4";"876,4";"876,1";"0,0";"65,0";"2,1";"";""
"05/02/2026";"1000";"19,2";"19,2";"18,5";"95,0";"96,0";"95,0";"18,4";"18,4";"17,9";"876,6";"876,6";"876,3";"0,8";"224,0";"1,6";"69,80";""
"05/02/2026";"1100";"20,3";"20,4";"19,2";"88,0";"95,0";"88,0";"18,2";"18,9";"18,2";"877,0";"877,0";"876,6";"0,1";"194,0";"2,3";"408,60";""
"05/02/2026";"1200";"21,0";"21,0";"20,3";"85,0";"89,0";"82,0";"18,2";"18,7";"17,6";"877,5";"877,5";"877,0";"1,2";"42,0";"2,4";"486,00";""
"05/02/2026";"1300";"22,5";"22,5";"20,9";"81,0";"88,0";"81,0";"19,1";"19,7";"17,8";"877,6";"877,7";"877,5";"1,8";"36,0";"3,6";"952,40";""
"05/02/2026";"1400";"23,8";"24,3";"22,5";"67,0";"85,0";"65,0";"17,2";"20,0";"16,9";"877,6";"877,6";"877,6";"1,2";"122,0";"3,5";"1812,90";""
"05/02/2026";"1500";"24,6";"24,7";"23,7";"66,0";"72,0";"66,0";"17,9";"18,7";"17,1";"877,2";"877,6";"877,2";"1,4";"195,0";"3,9";"1159,70";""
"05/02/2026";"1600";"25,8";"26,3";"24,0";"59,0";"68,0";"55,0";"17,2";"18,3";"16,1";"876,1";"877,2";"876,1";"2,0";"268,0";"5,5";"2384,30";""
"05/02/2026";"1700";"26,2";"27,5";"25,4";"58,0";"60,0";"52,0";"17,3";"18,1";"16,1";"874,9";"876,1";"874,9";"2,1";"277,0";"6,2";"2482,00";""
"05/02/2026";"1800";"27,6";"27,7";"25,8";"54,0";"60,0";"53,0";"17,5";"18,4";"16,5";"874,1";"874,9";"874,1";"2,6";"312,0";"7,0";"2288,30";""
"05/02/2026";"1900";"21,8";"27,6";"21,8";"78,0";"82,0";"53,0";"17,8";"20,0";"16,8";"873,6";"874,1";"873,6";"2,0";"56,0";"7,2";"932,80";""
"05/02/2026";"2000";"23,9";"24,4";"21,7";"73,0";"81,0";"71,0";"18,7";"19,4";"17,7";"873,2";"873,7";"873,2";"2,3";"35,0";"4,2";"1039,50";""
"05/02/2026";"2100";"22,9";"23,9";"22,9";"79,0";"80,0";"73,0";"19,1";"19,5";"18,7";"874,0";"874,0";"873,2";"1,9";"46,0";"3,9";"588,00";""
"05/02/2026";"2200";"22,3";"22,9";"22,2";"79,0";"83,0";"78,0";"18,4";"19,5";"18,3";"874,9";"874,9";"873,9";"2,0";"289,0";"3,5";"66,30";""
"05/02/2026";"2300";"19,8";"22,5";"19,8";"92,0";"92,0";"75,0";"18,5";"18,6";"17,4";"876,1";"876,1";"874,9";"4,9";"203,0";"9,1";"";""
"06/02/2026";"0000";"19,0";"19,8";"18,7";"95,0";"95,0";"92,0";"18,2";"18,5";"17,6";"876,1";"876,2";"875,6";"0,6";"244,0";"9,1";"";""
"06/02/2026";"0100";"19,2";"19,2";"18,9";"96,0";"96,0";"95,0";"18,5";"18,5";"18,1";"876,6";"876,6";"876,1";"0,4";"330,0";"2,1";"";""
"06/02/2026";"0200";"18,9";"19,3";"18,9";"95,0";"96,0";"95,0";"18,1";"18,5";"18,1";"876,6";"876,8";"876,5";"1,8";"297,0";"2,5";"";""
"06/02/2026";"0300";"19,0";"19,0";"18,8";"94,0";"95,0";"93,0";"18,0";"18,1";"17,9";"876,1";"876,6";"876,1";"1,6";"258,0";"3,1";"";""
"06/02/2026";"0400";"18,8";"19,0";"18,7";"95,0";"95,0";"94,0";"17,9";"18,1";"17,8";"875,7";"876,1";"875,7";"0,5";"221,0";"2,5";"";""
"06/02/2026";"0500";"18,6";"18,9";"18,6";"96,0";"96,0";"94,0";"17,9";"18,2";"17,7";"875,2";"875,7";"875,1";"1,1";"254,0";"1,6";"";""
"06/02/2026";"0600";"18,2";"18,6";"18,2";"95,0";"96,0";"95,0";"17,5";"17,9";"17,5";"875,0";"875,2";"875,0";"0,1";"7,0";"2,3";"";""
"06/02/2026";"0700";"18,1";"18,2";"17,5";"96,0";"96,0";"95,0";"17,5";"17,5";"16,8";"874,6";"875,0";"874,6";"2,0";"251,0";"3,4";"";""
"06/02/2026";"0800";"17,6";"18,3";"17,6";"95,0";"96,0";"95,0";"16,9";"17,5";"16,8";"874,5";"874,6";"874,5";"0,4";"193,0";"3,6";"";""
"06/02/2026";"0900";"16,7";"17,7";"16,4";"97,0";"97,0";"96,0";"16,2";"17,1";"15,8";"874,8";"874,8";"874,5";"0,1";"98,0";"2,1";"";""
"06/02/2026";"1000";"19,1";"19,5";"16,5";"97,0";"97,0";"96,0";"18,5";"18,9";"16,0";"875,4";"875,5";"874,8";"0,0";"163,0";"0,9";"159,80";""
"06/02/2026";"1100";"23,6";"23,7";"19,0";"73,0";"97,0";"73,0";"18,4";"18,8";"17,2";"876,0";"876,0";"875,4";"0,2";"81,0";"2,0";"957,10";""
"06/02/2026";"1200";"25,1";"25,1";"23,1";"69,0";"75,0";"64,0";"18,9";"19,4";"16,6";"876,5";"876,5";"876,0";"1,7";"72,0";"4,0";"1724,80";""
"06/02/2026";"1300";"26,2";"26,7";"24,9";"55,0";"69,0";"51,0";"16,4";"18,8";"15,2";"876,6";"876,7";"876,5";"2,0";"83,0";"3,6";"2562,40";""
"06/02/2026";"1400";"26,4";"27,8";"26,2";"60,0";"62,0";"49,0";"18,1";"19,1";"15,5";"877,0";"877,0";"876,6";"2,3";"32,0";"5,8";"3351,80";""
"06/02/2026";"1500";"19,8";"26,4";"19,8";"85,0";"86,0";"60,0";"17,2";"18,5";"15,5";"877,3";"877,3";"876,8";"3,4";"6,0";"11,3";"1204,60";""
"06/02/2026";"1600";"20,0";"20,4";"19,7";"88,0";"92,0";"84,0";"17,9";"18,8";"17,0";"876,5";"877,3";"876,5";"2,6";"52,0";"6,2";"543,30";""
"06/02/2026";"1700";"20,9";"21,6";"20,0";"78,0";"90,0";"77,0";"16,9";"19,5";"16,5";"875,1";"876,7";"875,1";"2,7";"50,0";"7,0";"1643,90";""
"06/02/2026";"1800";"26,3";"26,3";"20,9";"60,0";"80,0";"57,0";"17,9";"18,6";"15,6";"874,1";"875,1";"873,9";"2,7";"80,0";"4,5";"3077,10";""
"06/02/2026";"1900";"26,2";"27,3";"25,4";"61,0";"63,0";"53,0";"18,0";"18,7";"16,3";"873,7";"874,2";"873,7";"4,1";"59,0";"6,2";"2771,70";""
"06/02/2026";"2000";"24,9";"26,5";"24,1";"67,0";"67,0";"57,0";"18,3";"18,5";"16,3";"873,8";"873,8";"873,6";"2,8";"51,0";"7,8";"1814,20";""
"06/02/2026";"2100";"21,0";"25,3";"20,9";"76,0";"78,0";"62,0";"16,7";"18,6";"16,5";"873,6";"874,4";"873,6";"2,5";"44,0";"9,2";"624,40";""
"06/02/2026";"2200";"20,3";"21,1";"20,2";"80,0";"81,0";"74,0";"16,9";"17,2";"16,3";"873,8";"873,9";"873,2";"1,7";"84,0";"4,5";"50,60";""
"06/02/2026";"2300";"19,0";"20,6";"19,0";"84,0";"84,0";"75,0";"16,2";"16,9";"15,9";"874,7";"874,7";"873,8";"0,7";"36,0";"3,9";"";""
"07/02/2026";"0000";"18,9";"19,1";"18,6";"86,0";"87,0";"84,0";"16,6";"16,8";"16,2";"875,4";"875,4";"874,7";"1,1";"47,0";"2,6";"";""
"07/02/2026";"0100";"19,3";"19,3";"18,6";"83,0";"87,0";"83,0";"16,4";"16,7";"16,3";"875,9";"875,9";"875,4";"2,2";"17,0";"3,1";"";""
"07/02/2026";"0200";"18,6";"19,4";"18,5";"86,0";"87,0";"83,0";"16,3";"16,5";"16,2";"876,3";"876,3";"875,9";"1,4";"359,0";"3,1";"";""
"07/02/2026";"0300";"17,5";"18,6";"17,2";"91,0";"93,0";"86,0";"16,0";"16,4";"16,0";"876,4";"876,5";"876,3";"2,0";"282,0";"2,9";"";""
"07/02/2026";"0400";"18,4";"18,4";"17,3";"83,0";"91,0";"83,0";"15,4";"16,0";"15,4";"875,8";"876,4";"875,8";"1,6";"32,0";"3,0";"";""
"07/02/2026";"0500";"18,6";"18,9";"17,5";"84,0";"87,0";"82,0";"16,0";"16,1";"15,2";"875,6";"875,9";"875,6";"1,3";"6,0";"2,8";"";""
"07/02/2026";"0600";"19,2";"19,2";"18,3";"85,0";"87,0";"84,0";"16,6";"16,7";"15,8";"875,4";"875,6";"875,4";"1,1";"33,0";"2,3";"";""
"07/02/2026";"0700";"19,2";"19,4";"19,0";"88,0";"88,0";"85,0";"17,2";"17,2";"16,5";"875,6";"875,6";"875,4";"0,5";"354,0";"2,9";"";""
"07/02/2026";"0800";"19,6";"19,6";"18,8";"89,0";"92,0";"88,0";"17,7";"17,8";"17,1";"876,1";"876,1";"875,6";"0,5";"209,0";"1,5";"";""
"07/02/2026";"0900";"19,4";"19,8";"19,4";"90,0";"90,0";"88,0";"17,6";"17,9";"17,6";"876,6";"876,6";"876,0";"0,5";"227,0";"1,3";"";""
"07/02/2026";"1000";"21,0";"21,1";"19,3";"85,0";"90,0";"84,0";"18,4";"18,5";"17,6";"877,1";"877,1";"876,6";"0,6";"218,0";"2,4";"145,00";""
"07/02/2026";"1100";"22,7";"22,7";"20,7";"78,0";"88,0";"77,0";"18,6";"18,9";"18,2";"877,8";"877,8";"877,1";"1,3";"280,0";"3,0";"675,10";""
"07/02/2026";"1200";"23,5";"23,5";"22,3";"76,0";"78,0";"71,0";"18,9";"18,9";"17,8";"878,6";"878,6";"877,8";"2,2";"298,0";"4,3";"1208,00";""
"07/02/2026";"1300";"24,9";"24,9";"22,9";"67,0";"76,0";"66,0";"18,5";"19,1";"17,4";"878,7";"878,8";"878,6";"2,9";"308,0";"6,5";"1655,10";""
"07/02/2026";"1400";"25,7";"27,2";"24,7";"58,0";"67,0";"53,0";"16,9";"18,4";"16,0";"878,6";"878,8";"878,6";"4,4";"300,0";"9,5";"2762,50";""
"07/02/2026";"1500";"25,5";"27,6";"25,5";"59,0";"61,0";"53,0";"16,9";"18,3";"16,4";"878,2";"878,6";"878,2";"3,5";"307,0";"9,5";"3374,20";""
"07/02/2026";"1600";"23,2";"26,9";"23,2";"77,0";"77,0";"57,0";"18,9";"18,9";"17,0";"877,6";"878,3";"877,3";"3,4";"343,0";"9,3";"1543,00";""
"07/02/2026";"1700";"19,8";"23,2";"19,3";"92,0";"94,0";"77,0";"18,5";"19,8";"17,7";"877,6";"877,8";"877,6";"1,2";"80,0";"7,7";"239,80";""
"07/02/2026";"1800";"21,7";"21,7";"19,7";"86,0";"93,0";"86,0";"19,2";"19,3";"18,1";"876,7";"877,7";"876,7";"2,7";"255,0";"5,2";"798,00";""
"07/02/2026";"1900";"23,9";"23,9";"21,7";"70,0";"86,0";"68,0";"18,1";"19,9";"17,6";"876,1";"876,7";"876,1";"1,1";"280,0";"5,2";"1704,00";""
"07/02/2026";"2000";"22,8";"24,0";"22,8";"76,0";"77,0";"67,0";"18,3";"18,7";"17,4";"876,1";"876,3";"876,1";"2,9";"295,0";"5,8";"731,60";""
"07/02/2026";"2100";"21,9";"22,8";"21,9";"76,0";"78,0";"75,0";"17,5";"18,5";"17,5";"876,3";"876,3";"876,0";"1,3";"275,0";"5,8";"375,20";""
"07/02/2026";"2200";"19,2";"21,9";"19,2";"91,0";"91,0";"76,0";"17,8";"18,8";"17,5";"876,4";"876,5";"876,2";"0,3";"265,0";"3,2";"52,10";""
"07/02/2026";"2300";"18,7";"19,3";"18,7";"88,0";"92,0";"87,0";"16,6";"17,9";"16,6";"877,0";"877,0";"876,4";"0,7";"235,0";"2,7";"";""
"08/02/2026";"0000";"17,6";"18,7";"17,5";"92,0";"93,0";"88,0";"16,3";"16,7";"16,1";"878,2";"878,2";"877,0";"0,7";"360,0";"1,9";"";""
"08/02/2026";"0100";"18,2";"18,2";"17,6";"91,0";"93,0";"91,0";"16,7";"16,8";"16,2";"879,0";"879,0";"878,2";"2,0";"35,0";"3,2";"";""
"08/02/2026";"0200";"17,6";"18,4";"17,6";"93,0";"94,0";"90,0";"16,4";"17,1";"16,3";"879,2";"879,2";"879,0";"0,6";"328,0";"3,2";"";""
"08/02/2026";"0300";"17,3";"17,6";"16,8";"95,0";"96,0";"93,0";"16,6";"16,8";"15,9";"878,9";"879,2";"878,9";"0,6";"329,0";"2,0";"";""
"08/02/2026";"0400";"17,4";"17,9";"16,8";"95,0";"96,0";"95,0";"16,6";"17,1";"16,0";"878,2";"879,0";"878,2";"1,2";"260,0";"2,4";"";""
"08/02/2026";"0500";"18,6";"18,6";"16,6";"96,0";"97,0";"94,0";"17,9";"17,9";"15,8";"878,1";"878,3";"878,0";"0,4";"76,0";"2,6";"";""
"08/02/2026";"0600";"17,0";"18,6";"17,0";"95,0";"96,0";"93,0";"16,2";"17,4";"16,1";"877,6";"878,1";"877,6";"0,4";"240,0";"2,0";"";""
"08/02/2026";"0700";"16,7";"17,3";"16,2";"96,0";"97,0";"95,0";"16,1";"16,7";"15,5";"877,3";"877,6";"877,1";"0,9";"312,0";"1,6";"";""
"08/02/2026";"0800";"17,0";"17,8";"16,6";"96,0";"97,0";"95,0";"16,3";"17,2";"16,0";"877,5";"877,6";"877,3";"0,0";"106,0";"2,0";"";""
"08/02/2026";"0900";"17,9";"17,9";"16,1";"96,0";"97,0";"95,0";"17,3";"17,3";"15,4";"877,6";"877,7";"877,5";"1,2";"266,0";"2,2";"";""
"08/02/2026";"1000";"19,4";"19,4";"17,8";"94,0";"96,0";"93,0";"18,4";"18,4";"17,0";"878,3";"878,3";"877,6";"1,0";"232,0";"4,0";"111,60";""
"08/02/2026";"1100";"21,4";"21,4";"19,3";"84,0";"94,0";"82,0";"18,5";"19,0";"18,0";"879,0";"879,0";"878,3";"2,0";"290,0";"4,8";"697,00";""
"08/02/2026";"1200";"23,3";"23,3";"21,4";"73,0";"84,0";"72,0";"18,1";"19,0";"17,8";"879,3";"879,3";"879,0";"2,5";"323,0";"6,6";"1897,20";""
"08/02/2026";"1300";"24,4";"24,8";"22,6";"69,0";"75,0";"67,0";"18,4";"19,0";"17,5";"879,5";"879,6";"879,2";"3,5";"273,0";"6,9";"2436,50";""
"08/02/2026";"1400";"24,6";"24,6";"23,5";"63,0";"71,0";"63,0";"17,0";"18,8";"16,6";"879,4";"879,5";"879,4";"2,6";"327,0";"7,2";"1453,10";""
"08/02/2026";"1500";"25,6";"27,1";"24,4";"59,0";"64,0";"50,0";"17,1";"17,6";"15,5";"878,7";"879,4";"878,7";"3,7";"323,0";"10,4";"2045,80";""
"08/02/2026";"1600";"26,4";"27,9";"25,5";"54,0";"61,0";"48,0";"16,2";"17,5";"15,4";"877,8";"878,7";"877,7";"4,2";"339,0";"10,0";"3453,40";""
"08/02/2026";"1700";"26,5";"28,4";"25,4";"55,0";"61,0";"47,0";"16,7";"18,3";"15,3";"876,7";"877,8";"876,7";"6,4";"323,0";"12,3";"3786,50";""
"08/02/2026";"1800";"24,5";"27,7";"24,5";"62,0";"62,0";"52,0";"16,7";"18,1";"15,7";"876,2";"876,7";"876,2";"4,7";"332,0";"13,0";"2773,00";""
"08/02/2026";"1900";"25,0";"26,2";"24,1";"62,0";"64,0";"59,0";"17,1";"18,1";"15,9";"875,6";"876,2";"875,6";"3,8";"329,0";"11,3";"1312,50";""
"08/02/2026";"2000";"24,2";"25,2";"24,1";"67,0";"67,0";"62,0";"17,6";"18,1";"16,7";"875,5";"875,6";"875,4";"2,3";"332,0";"8,7";"738,70";""
"08/02/2026";"2100";"23,3";"24,6";"23,3";"65,0";"67,0";"62,0";"16,3";"17,8";"16,2";"875,8";"875,8";"875,4";"3,7";"13,0";"6,7";"438,40";""
"08/02/2026";"2200";"21,3";"23,3";"21,3";"74,0";"74,0";"65,0";"16,4";"16,8";"16,3";"876,4";"876,4";"875,8";"1,3";"354,0";"6,6";"83,20";""
"08/02/2026";"2300";"19,9";"21,3";"19,9";"84,0";"84,0";"74,0";"17,1";"17,3";"16,3";"877,1";"877,1";"876,4";"0,4";"338,0";"4,0";"";""
"09/02/2026";"0000";"19,4";"19,9";"19,1";"87,0";"88,0";"84,0";"17,2";"17,5";"17,0";"877,5";"877,6";"877,0";"0,9";"220,0";"3,0";"";""
"09/02/2026";"0100";"19,5";"19,5";"18,7";"89,0";"92,0";"87,0";"17,7";"17,7";"17,0";"878,3";"878,3";"877,5";"2,1";"326,0";"4,0";"";""
"09/02/2026";"0200";"18,8";"20,0";"18,8";"90,0";"90,0";"86,0";"17,1";"17,8";"17,1";"878,5";"878,5";"878,3";"0,7";"274,0";"5,9";"";""
"09/02/2026";"0300";"18,7";"18,9";"18,2";"89,0";"93,0";"89,0";"16,9";"17,4";"16,8";"878,2";"878,5";"878,2";"1,5";"348,0";"3,3";"";""
"09/02/2026";"0400";"18,3";"18,7";"17,3";"91,0";"93,0";"89,0";"16,9";"16,9";"15,9";"877,7";"878,3";"877,7";"1,2";"7,0";"3,3";"";""
"09/02/2026";"0500";"18,7";"18,8";"17,9";"87,0";"91,0";"87,0";"16,5";"16,8";"16,0";"877,3";"877,7";"877,3";"1,6";"10,0";"3,6";"";""
"09/02/2026";"0600";"18,0";"18,8";"17,6";"90,0";"92,0";"86,0";"16,4";"16,6";"15,8";"877,0";"877,3";"877,0";"0,5";"124,0";"3,5";"";""
"09/02/2026";"0700";"18,5";"18,5";"17,0";"93,0";"95,0";"90,0";"17,4";"17,5";"15,8";"877,2";"877,2";"877,0";"1,1";"281,0";"3,5";"";""
"09/02/2026";"0800";"17,4";"18,5";"17,3";"95,0";"95,0";"93,0";"16,7";"17,4";"16,4";"877,2";"877,3";"877,2";"0,1";"285,0";"2,8";"";""
"09/02/2026";"0900";"17,1";"17,4";"17,0";"95,0";"96,0";"95,0";"16,3";"16,8";"16,3";"877,7";"877,7";"877,2";"0,5";"341,0";"1,7";"";""
"09/02/2026";"1000";"20,2";"20,2";"17,0";"85,0";"95,0";"85,0";"17,7";"17,8";"16,1";"878,3";"878,3";"877,7";"1,1";"285,0";"4,1";"205,00";""
"09/02/2026";"1100";"21,6";"21,6";"19,6";"75,0";"86,0";"74,0";"17,0";"17,7";"16,4";"878,8";"878,8";"878,3";"2,6";"354,0";"5,2";"635,80";""
"09/02/2026";"1200";"23,2";"23,2";"21,6";"63,0";"75,0";"63,0";"15,7";"17,2";"15,2";"879,1";"879,2";"878,8";"3,9";"348,0";"9,8";"1812,50";""
"09/02/2026";"1300";"23,7";"25,0";"23,1";"62,0";"64,0";"57,0";"16,1";"16,5";"14,9";"879,0";"879,2";"879,0";"2,2";"339,0";"9,8";"2602,70";""
"09/02/2026";"1400";"24,4";"26,6";"23,6";"58,0";"63,0";"53,0";"15,7";"17,2";"15,2";"878,6";"879,0";"878,6";"4,3";"12,0";"8,0";"2776,70";""
"09/02/2026";"1500";"24,7";"26,6";"24,3";"57,0";"61,0";"49,0";"15,5";"17,1";"14,5";"878,1";"878,6";"878,1";"3,5";"35,0";"9,3";"2754,70";""
"09/02/2026";"1600";"25,1";"26,1";"24,5";"60,0";"62,0";"55,0";"16,9";"17,3";"15,2";"877,2";"878,1";"877,2";"3,6";"39,0";"7,4";"1968,50";""
"09/02/2026";"1700";"24,7";"26,0";"24,7";"58,0";"61,0";"55,0";"15,9";"17,0";"15,4";"876,5";"877,2";"876,5";"4,3";"44,0";"8,8";"2406,10";""
"09/02/2026";"1800";"24,2";"24,7";"23,8";"62,0";"64,0";"56,0";"16,4";"16,8";"15,0";"875,9";"876,5";"875,9";"2,9";"50,0";"8,0";"955,50";""
"09/02/2026";"1900";"23,7";"24,2";"23,4";"63,0";"67,0";"61,0";"16,2";"17,1";"15,6";"875,3";"875,9";"875,3";"3,4";"44,0";"8,0";"831,60";""
"09/02/2026";"2000";"23,7";"24,3";"23,5";"65,0";"67,0";"61,0";"16,7";"17,1";"15,9";"875,0";"875,3";"875,0";"3,1";"48,0";"5,9";"957,60";""
"09/02/2026";"2100";"22,9";"23,7";"22,3";"65,0";"70,0";"65,0";"16,0";"17,1";"16,0";"875,3";"875,3";"875,0";"2,3";"45,0";"6,1";"325,70";""
"09/02/2026";"2200";"20,6";"22,9";"20,6";"76,0";"76,0";"64,0";"16,2";"16,2";"15,5";"875,9";"875,9";"875,3";"1,6";"356,0";"4,1";"134,60";""
"09/02/2026";"2300";"19,3";"20,6";"19,3";"87,0";"88,0";"76,0";"17,0";"18,3";"16,2";"877,0";"877,0";"875,9";"2,5";"290,0";"6,4";"";""
"10/02/2026";"0000";"17,8";"19,3";"17,8";"92,0";"92,0";"87,0";"16,5";"17,0";"16,4";"877,2";"877,2";"876,9";"0,7";"219,0";"5,1";"";""
"10/02/2026";"0100";"17,2";"17,8";"16,8";"95,0";"95,0";"92,0";"16,3";"16,7";"15,8";"877,8";"877,8";"877,2";"0,3";"137,0";"1,6";"";""
"10/02/2026";"0200";"16,5";"17,2";"16,4";"96,0";"96,0";"95,0";"15,8";"16,3";"15,8";"878,1";"878,2";"877,8";"0,1";"296,0";"1,2";"";""
"10/02/2026";"0300";"16,5";"17,3";"16,4";"96,0";"96,0";"96,0";"15,8";"16,7";"15,7";"877,7";"878,2";"877,6";"0,0";"256,0";"1,5";"";""
"10/02/2026";"0400";"16,3";"16,8";"16,1";"95,0";"96,0";"95,0";"15,6";"16,2";"15,4";"877,4";"877,7";"877,4";"0,3";"208,0";"1,6";"";""
"10/02/2026";"0500";"16,5";"16,5";"15,9";"96,0";"96,0";"95,0";"15,9";"15,9";"15,2";"876,9";"877,4";"876,9";"0,2";"62,0";"1,3";"";""
"10/02/2026";"0600";"17,1";"17,1";"16,5";"96,0";"96,0";"96,0";"16,4";"16,4";"15,9";"876,6";"876,9";"876,6";"0,7";"346,0";"1,5";"";""
"10/02/2026";"0700";"17,3";"17,6";"17,1";"92,0";"96,0";"92,0";"16,0";"16,6";"16,0";"876,5";"876,6";"876,4";"1,0";"359,0";"2,2";"";""
"10/02/2026";"0800";"16,6";"17,3";"16,6";"92,0";"93,0";"92,0";"15,3";"16,0";"15,3";"876,7";"876,7";"876,5";"1,7";"327,0";"2,7";"";""
"10/02/2026";"0900";"16,1";"16,6";"16,1";"93,0";"93,0";"92,0";"14,9";"15,4";"14,9";"877,2";"877,2";"876,7";"0,8";"340,0";"2,7";"";""
"10/02/2026";"1000";"20,1";"20,1";"16,0";"80,0";"93,0";"79,0";"16,4";"16,7";"14,8";"877,7";"877,7";"877,2";"0,6";"47,0";"2,5";"96,40";""
"10/02/2026";"1100";"22,3";"22,7";"20,1";"71,0";"82,0";"66,0";"16,9";"17,7";"16,0";"878,2";"878,2";"877,7";"1,2";"36,0";"3,5";"753,10";""
"10/02/2026";"1200";"23,3";"24,2";"21,9";"64,0";"71,0";"63,0";"16,1";"17,1";"15,6";"879,0";"879,0";"878,2";"2,7";"357,0";"6,0";"1335,60";""
"10/02/2026";"1300";"23,7";"24,6";"22,3";"61,0";"68,0";"60,0";"15,8";"17,1";"15,5";"878,7";"879,0";"878,7";"3,0";"357,0";"8,0";"1248,20";""
"10/02/2026";"1400";"24,6";"26,2";"23,6";"58,0";"63,0";"54,0";"15,7";"17,2";"15,5";"877,9";"878,7";"877,9";"3,1";"317,0";"8,7";"2461,80";""
"10/02/2026";"1500";"27,4";"27,4";"24,3";"53,0";"61,0";"51,0";"17,1";"18,1";"15,8";"877,4";"877,9";"877,3";"3,4";"342,0";"8,1";"2749,50";""
"10/02/2026";"1600";"25,9";"27,9";"25,6";"61,0";"61,0";"51,0";"17,9";"18,9";"15,9";"876,6";"877,4";"876,6";"3,0";"23,0";"8,1";"3284,70";""
"10/02/2026";"1700";"25,0";"27,5";"23,9";"61,0";"71,0";"52,0";"17,0";"19,5";"15,9";"876,0";"876,6";"875,9";"4,4";"37,0";"9,2";"3089,50";""
"10/02/2026";"1800";"25,8";"26,4";"23,8";"63,0";"72,0";"60,0";"18,2";"19,5";"17,3";"875,3";"876,0";"875,3";"3,2";"65,0";"8,1";"2490,80";""
"10/02/2026";"1900";"23,8";"25,8";"23,8";"68,0";"68,0";"62,0";"17,5";"18,5";"17,3";"875,0";"875,4";"875,0";"2,2";"57,0";"7,0";"999,00";""
"10/02/2026";"2000";"23,1";"24,2";"23,1";"75,0";"75,0";"64,0";"18,4";"18,6";"16,9";"875,1";"875,2";"874,9";"2,6";"283,0";"6,6";"337,80";""
"10/02/2026";"2100";"20,2";"23,1";"20,2";"83,0";"83,0";"74,0";"17,1";"18,2";"16,7";"876,6";"876,6";"875,1";"2,8";"245,0";"10,3";"150,90";""
"10/02/2026";"2200";"19,1";"20,2";"19,1";"89,0";"92,0";"82,0";"17,3";"17,9";"17,0";"877,0";"877,1";"876,6";"3,9";"264,0";"6,7";"1,10";""
"10/02/2026";"2300";"18,0";"19,1";"18,0";"94,0";"94,0";"89,0";"17,1";"17,3";"16,9";"877,8";"878,1";"877,0";"2,2";"258,0";"6,6";"";""
"11/02/2026";"0000";"17,7";"18,0";"17,7";"94,0";"95,0";"94,0";"16,8";"17,0";"16,7";"877,6";"877,9";"877,5";"3,8";"272,0";"7,7";"";""
"11/02/2026";"0100";"18,0";"18,0";"17,6";"95,0";"95,0";"94,0";"17,2";"17,3";"16,7";"878,2";"878,2";"877,5";"1,2";"203,0";"6,6";"";""
"11/02/2026";"0200";"18,1";"18,2";"17,9";"95,0";"95,0";"95,0";"17,3";"17,4";"17,1";"878,4";"878,5";"878,1";"1,9";"194,0";"5,2";"";""
"11/02/2026";"0300";"18,0";"18,1";"17,9";"95,0";"96,0";"95,0";"17,2";"17,4";"17,2";"878,7";"878,7";"878,4";"1,5";"136,0";"2,9";"";""
"11/02/2026";"0400";"17,9";"18,1";"17,9";"96,0";"96,0";"94,0";"17,2";"17,2";"16,9";"878,3";"878,7";"878,3";"1,5";"61,0";"3,7";"";""
"11/02/2026";"0500";"17,9";"18,0";"17,8";"97,0";"97,0";"96,0";"17,4";"17,4";"17,2";"878,1";"878,4";"878,1";"2,2";"46,0";"4,8";"";""
"11/02/2026";"0600";"17,9";"18,0";"17,8";"97,0";"97,0";"97,0";"17,4";"17,5";"17,3";"877,9";"878,1";"877,9";"1,5";"50,0";"4,1";"";""
"11/02/2026";"0700";"18,0";"18,0";"17,8";"97,0";"97,0";"97,0";"17,5";"17,5";"17,4";"877,8";"877,9";"877,7";"0,7";"61,0";"2,5";"";""
"11/02/2026";"0800";"17,8";"18,0";"17,8";"97,0";"97,0";"97,0";"17,4";"17,6";"17,3";"877,9";"877,9";"877,7";"0,1";"85,0";"1,4";"";""
"11/02/2026";"0900";"17,9";"17,9";"17,8";"97,0";"97,0";"97,0";"17,4";"17,5";"17,4";"878,1";"878,1";"877,8";"0,0";"256,0";"1,4";"";""
"11/02/2026";"1000";"18,3";"18,3";"17,8";"97,0";"97,0";"97,0";"17,9";"17,9";"17,4";"878,8";"878,8";"878,1";"0,0";"100,0";"0,7";"91,60";""
"11/02/2026";"1100";"18,8";"18,8";"18,1";"97,0";"97,0";"97,0";"18,4";"18,4";"17,7";"879,5";"879,5";"878,8";"1,3";"74,0";"2,2";"312,90";""
"11/02/2026";"1200";"19,4";"19,5";"18,6";"93,0";"97,0";"93,0";"18,3";"18,8";"18,1";"880,1";"880,1";"879,5";"1,8";"82,0";"3,5";"719,90";""
"11/02/2026";"1300";"20,7";"21,0";"19,4";"88,0";"94,0";"85,0";"18,6";"19,0";"17,8";"880,5";"880,5";"880,1";"2,6";"59,0";"5,4";"1364,40";""
"11/02/2026";"1400";"21,0";"21,1";"20,2";"85,0";"90,0";"85,0";"18,4";"18,9";"17,8";"880,3";"880,6";"880,3";"3,2";"47,0";"6,9";"1298,80";""
"11/02/2026";"1500";"19,0";"21,6";"18,3";"96,0";"96,0";"81,0";"18,4";"18,8";"17,2";"880,3";"880,4";"880,2";"2,5";"50,0";"8,5";"1069,00";""
"11/02/2026";"1600";"19,2";"19,2";"18,4";"91,0";"96,0";"89,0";"17,7";"18,4";"16,9";"879,5";"880,3";"879,5";"2,7";"62,0";"7,4";"1276,70";""
"11/02/2026";"1700";"22,3";"22,3";"19,1";"72,0";"92,0";"70,0";"16,9";"18,1";"16,4";"878,1";"879,5";"878,1";"2,2";"58,0";"4,8";"1957,10";""
"11/02/2026";"1800";"22,3";"22,6";"22,0";"72,0";"75,0";"68,0";"16,9";"17,7";"16,0";"877,4";"878,1";"877,4";"1,6";"73,0";"3,5";"1334,10";""
"11/02/2026";"1900";"23,5";"23,9";"22,0";"71,0";"75,0";"65,0";"17,9";"18,1";"16,6";"876,6";"877,4";"876,6";"2,8";"65,0";"5,0";"1487,50";""
"11/02/2026";"2000";"22,9";"23,9";"22,6";"75,0";"77,0";"68,0";"18,3";"18,8";"16,9";"876,5";"876,6";"876,5";"2,6";"37,0";"6,2";"1446,90";""
"11/02/2026";"2100";"20,1";"22,9";"20,1";"88,0";"88,0";"72,0";"18,0";"18,3";"17,4";"876,8";"876,8";"876,5";"2,3";"41,0";"6,3";"378,40";""
"11/02/2026";"2200";"19,0";"20,1";"19,0";"94,0";"94,0";"88,0";"17,9";"18,0";"17,6";"877,0";"877,0";"876,7";"2,3";"50,0";"4,6";"32,90";""
"11/02/2026";"2300";"19,1";"19,2";"18,9";"96,0";"96,0";"94,0";"18,3";"18,4";"17,9";"877,8";"877,8";"877,0";"2,9";"57,0";"5,7";"";""
"12/02/2026";"0000";"18,7";"19,1";"18,7";"96,0";"96,0";"96,0";"18,1";"18,4";"18,1";"878,3";"878,3";"877,8";"2,4";"62,0";"4,7";"";""
"12/02/2026";"0100";"17,9";"18,7";"17,9";"95,0";"97,0";"95,0";"17,2";"18,1";"17,2";"879,0";"879,0";"878,3";"2,8";"55,0";"4,2";"";""
"12/02/2026";"0200";"17,9";"18,0";"17,9";"92,0";"95,0";"91,0";"16,5";"17,1";"16,5";"879,2";"879,2";"879,0";"0,7";"21,0";"4,7";"";""
"12/02/2026";"0300";"17,5";"17,9";"17,4";"92,0";"92,0";"90,0";"16,2";"16,6";"16,0";"878,9";"879,2";"878,9";"0,8";"49,0";"2,6";"";""
"12/02/2026";"0400";"16,6";"17,5";"16,6";"92,0";"93,0";"92,0";"15,4";"16,2";"15,4";"878,5";"878,9";"878,5";"0,8";"62,0";"1,5";"";""
"12/02/2026";"0500";"17,3";"17,4";"16,5";"91,0";"93,0";"91,0";"15,8";"16,0";"15,3";"878,2";"878,5";"878,2";"1,6";"35,0";"3,1";"";""
"12/02/2026";"0600";"17,9";"17,9";"17,1";"94,0";"94,0";"91,0";"16,8";"16,9";"15,7";"877,8";"878,2";"877,8";"2,0";"42,0";"3,1";"";""
"12/02/2026";"0700";"18,4";"18,4";"17,8";"89,0";"94,0";"89,0";"16,5";"16,8";"16,5";"877,9";"877,9";"877,7";"2,2";"45,0";"4,6";"";""
"12/02/2026";"0800";"18,0";"18,5";"18,0";"90,0";"90,0";"88,0";"16,4";"16,5";"16,3";"877,9";"878,0";"877,8";"2,3";"35,0";"4,0";"";""
"12/02/2026";"0900";"18,1";"18,2";"17,9";"91,0";"91,0";"90,0";"16,5";"16,6";"16,4";"877,9";"878,0";"877,9";"2,3";"43,0";"4,6";"";""
"12/02/2026";"1000";"20,2";"20,2";"17,6";"86,0";"93,0";"86,0";"17,8";"17,8";"16,4";"878,3";"878,3";"877,9";"1,3";"63,0";"4,2";"130,90";""
"12/02/2026";"1100";"19,6";"20,2";"19,4";"88,0";"88,0";"84,0";"17,6";"17,7";"17,0";"879,0";"879,0";"878,4";"2,6";"60,0";"4,7";"471,10";""
"12/02/2026";"1200";"21,6";"22,5";"19,6";"79,0";"89,0";"75,0";"17,8";"18,8";"17,4";"879,7";"879,7";"879,0";"3,1";"61,0";"7,3";"1184,20";""
"12/02/2026";"1300";"23,3";"23,4";"21,4";"70,0";"82,0";"68,0";"17,5";"19,1";"16,6";"879,8";"879,9";"879,7";"6,5";"93,0";"10,6";"2148,00";""
"12/02/2026";"1400";"23,4";"24,0";"22,3";"70,0";"73,0";"67,0";"17,5";"18,1";"16,6";"879,8";"879,8";"879,7";"4,6";"80,0";"12,2";"2661,30";""
"12/02/2026";"1500";"25,1";"25,3";"22,9";"64,0";"71,0";"61,0";"17,8";"19,0";"16,7";"879,0";"879,8";"879,0";"4,5";"80,0";"9,6";"3249,80";""
"12/02/2026";"1600";"24,6";"26,3";"24,4";"61,0";"67,0";"56,0";"16,5";"18,6";"16,1";"878,4";"879,0";"878,4";"4,9";"92,0";"8,9";"3310,90";""
"12/02/2026";"1700";"25,8";"26,1";"24,2";"58,0";"62,0";"54,0";"16,9";"17,7";"15,4";"877,6";"878,4";"877,5";"3,7";"76,0";"9,8";"2773,90";""
"12/02/2026";"1800";"25,9";"26,4";"24,4";"61,0";"64,0";"57,0";"17,9";"18,4";"16,4";"876,7";"877,6";"876,7";"4,1";"82,0";"9,1";"2496,10";""
"12/02/2026";"1900";"25,0";"26,7";"24,2";"62,0";"65,0";"57,0";"17,1";"18,3";"16,3";"876,0";"876,7";"876,0";"3,8";"100,0";"9,3";"1929,60";""
"12/02/2026";"2000";"24,3";"25,0";"23,9";"64,0";"67,0";"57,0";"17,1";"17,7";"15,7";"875,9";"876,0";"875,8";"3,5";"81,0";"8,4";"886,20";""
"12/02/2026";"2100";"22,5";"24,3";"22,5";"72,0";"72,0";"64,0";"17,2";"17,4";"16,5";"875,7";"876,1";"875,7";"2,8";"92,0";"7,4";"209,10";""
"12/02/2026";"2200";"20,9";"22,5";"20,9";"81,0";"81,0";"72,0";"17,5";"17,5";"17,0";"876,4";"876,4";"875,7";"2,0";"76,0";"5,3";"19,10";""
"12/02/2026";"2300";"20,4";"21,0";"20,1";"83,0";"84,0";"81,0";"17,4";"17,7";"17,2";"877,4";"877,4";"876,4";"2,2";"54,0";"4,3";"";""
"13/02/2026";"0000";"19,7";"20,4";"19,3";"86,0";"87,0";"83,0";"17,4";"17,4";"17,1";"878,0";"878,0";"877,4";"1,6";"77,0";"3,5";"";""
"13/02/2026";"0100";"20,8";"21,1";"19,7";"79,0";"86,0";"79,0";"17,1";"17,5";"17,1";"878,6";"878,6";"878,0";"3,9";"84,0";"8,3";"";""
"13/02/2026";"0200";"20,0";"20,9";"20,0";"83,0";"83,0";"78,0";"16,9";"17,2";"16,8";"879,2";"879,2";"878,6";"2,3";"84,0";"7,9";"";""
"13/02/2026";"0300";"18,3";"20,1";"18,3";"86,0";"86,0";"82,0";"15,9";"17,0";"15,8";"879,0";"879,3";"879,0";"1,1";"50,0";"5,0";"";""
"13/02/2026";"0400";"16,0";"18,3";"16,0";"91,0";"92,0";"86,0";"14,6";"16,0";"14,6";"878,8";"879,1";"878,8";"0,0";"58,0";"2,3";"";""
"13/02/2026";"0500";"15,1";"16,2";"15,1";"93,0";"94,0";"91,0";"14,0";"15,0";"13,9";"878,7";"878,8";"878,7";"0,0";"21,0";"1,3";"";""
"13/02/2026";"0600";"16,0";"16,0";"14,5";"94,0";"95,0";"93,0";"15,1";"15,1";"13,5";"878,4";"878,7";"878,3";"1,5";"22,0";"2,1";"";""
"13/02/2026";"0700";"15,8";"16,5";"15,4";"94,0";"94,0";"91,0";"14,8";"15,2";"14,3";"878,4";"878,5";"878,2";"0,4";"8,0";"2,8";"";""
"13/02/2026";"0800";"15,4";"15,9";"15,2";"94,0";"94,0";"92,0";"14,4";"14,9";"14,1";"878,3";"878,4";"878,2";"0,5";"32,0";"1,8";"";""
"13/02/2026";"0900";"15,5";"15,6";"15,0";"94,0";"94,0";"92,0";"14,6";"14,7";"13,8";"878,7";"878,7";"878,3";"0,0";"64,0";"1,4";"";""
"13/02/2026";"1000";"20,4";"20,4";"15,5";"78,0";"94,0";"78,0";"16,4";"16,7";"14,6";"879,0";"879,0";"878,7";"0,3";"100,0";"1,5";"174,00";""
"13/02/2026";"1100";"21,5";"22,0";"20,4";"74,0";"80,0";"71,0";"16,7";"17,1";"16,0";"879,9";"879,9";"879,0";"3,0";"69,0";"5,1";"1037,60";""
"13/02/2026";"1200";"22,1";"23,0";"20,7";"72,0";"78,0";"69,0";"16,9";"17,8";"16,2";"880,5";"880,5";"879,9";"4,0";"65,0";"8,2";"1540,00";""
"13/02/2026";"1300";"24,6";"24,6";"21,8";"62,0";"74,0";"62,0";"16,9";"17,7";"16,6";"880,4";"880,5";"880,3";"5,2";"76,0";"8,7";"2884,20";""
"13/02/2026";"1400";"23,0";"24,9";"22,4";"66,0";"70,0";"61,0";"16,2";"18,2";"15,9";"880,2";"880,4";"880,2";"3,9";"93,0";"9,4";"2437,50";""
"13/02/2026";"1500";"24,5";"25,4";"23,0";"63,0";"67,0";"56,0";"17,0";"17,8";"15,7";"879,7";"880,2";"879,7";"3,8";"63,0";"8,5";"2904,90";""
"13/02/2026";"1600";"25,7";"26,8";"24,3";"61,0";"67,0";"56,0";"17,5";"18,2";"16,2";"879,1";"879,7";"879,1";"3,6";"85,0";"8,5";"3645,80";""
"13/02/2026";"1700";"26,3";"26,9";"24,5";"55,0";"62,0";"51,0";"16,5";"18,2";"15,2";"878,2";"879,1";"878,2";"3,8";"77,0";"7,6";"2703,70";""
"13/02/2026";"1800";"26,4";"27,3";"25,3";"57,0";"59,0";"46,0";"17,3";"17,4";"14,8";"877,5";"878,2";"877,4";"3,9";"97,0";"8,0";"3063,90";""
"13/02/2026";"1900";"26,5";"26,9";"25,0";"56,0";"62,0";"53,0";"16,9";"17,9";"15,5";"877,0";"877,5";"876,9";"4,1";"81,0";"7,3";"2215,00";""
"13/02/2026";"2000";"24,9";"26,8";"24,4";"60,0";"67,0";"53,0";"16,5";"18,2";"16,1";"876,9";"877,0";"876,5";"3,1";"94,0";"7,3";"1391,10";""
"13/02/2026";"2100";"24,1";"25,8";"24,1";"64,0";"65,0";"58,0";"17,0";"17,5";"15,9";"876,6";"876,9";"876,6";"2,5";"69,0";"6,0";"754,90";""
"13/02/2026";"2200";"21,0";"24,2";"21,0";"78,0";"78,0";"64,0";"17,0";"17,2";"16,7";"876,6";"876,7";"876,4";"1,2";"68,0";"5,5";"112,10";""
"13/02/2026";"2300";"19,7";"22,4";"19,7";"83,0";"83,0";"73,0";"16,8";"17,7";"16,7";"876,9";"876,9";"876,6";"1,1";"68,0";"3,0";"";""
"14/02/2026";"0000";"19,3";"19,8";"18,9";"85,0";"87,0";"83,0";"16,7";"17,2";"16,6";"877,4";"877,4";"876,9";"0,9";"74,0";"1,7";"";""
"14/02/2026";"0100";"19,7";"19,8";"19,0";"85,0";"87,0";"84,0";"17,2";"17,3";"16,7";"878,3";"878,3";"877,4";"0,4";"91,0";"2,5";"";""
"14/02/2026";"0200";"18,2";"19,8";"18,1";"91,0";"91,0";"85,0";"16,7";"17,6";"16,6";"878,4";"878,4";"878,3";"0,0";"243,0";"1,5";"";""
"14/02/2026";"0300";"19,1";"19,1";"18,2";"88,0";"92,0";"88,0";"17,1";"17,3";"16,7";"878,4";"878,5";"878,3";"1,3";"66,0";"2,7";"";""
"14/02/2026";"0400";"17,2";"19,1";"17,1";"93,0";"94,0";"88,0";"16,0";"17,0";"15,9";"878,4";"878,4";"878,3";"1,1";"293,0";"2,7";"";""
"14/02/2026";"0500";"17,8";"17,9";"17,2";"93,0";"94,0";"92,0";"16,7";"16,7";"16,0";"877,7";"878,4";"877,7";"0,3";"27,0";"1,7";"";""
"14/02/2026";"0600";"19,6";"19,6";"17,8";"85,0";"93,0";"85,0";"17,1";"17,3";"16,2";"877,4";"877,7";"877,4";"1,8";"99,0";"3,3";"";""
"14/02/2026";"0700";"18,7";"19,6";"18,7";"88,0";"88,0";"85,0";"16,7";"17,1";"16,7";"877,5";"877,5";"877,4";"1,4";"64,0";"3,3";"";""
"14/02/2026";"0800";"18,9";"18,9";"18,4";"90,0";"91,0";"88,0";"17,1";"17,2";"16,8";"877,7";"877,7";"877,4";"2,4";"83,0";"3,7";"";""
"14/02/2026";"0900";"19,0";"19,1";"18,7";"90,0";"91,0";"88,0";"17,3";"17,3";"17,0";"878,1";"878,2";"877,7";"2,6";"63,0";"4,4";"";""
"14/02/2026";"1000";"20,5";"20,5";"18,6";"84,0";"92,0";"84,0";"17,8";"17,8";"17,2";"878,4";"878,4";"878,1";"2,7";"77,0";"4,8";"71,40";""
"14/02/2026";"1100";"22,3";"22,3";"20,5";"77,0";"85,0";"77,0";"18,0";"18,6";"17,6";"879,0";"879,0";"878,4";"3,3";"64,0";"6,8";"762,10";""
"14/02/2026";"1200";"23,3";"23,3";"20,9";"72,0";"83,0";"72,0";"18,0";"18,2";"17,2";"879,8";"879,8";"879,0";"5,2";"82,0";"9,1";"1347,50";""
"14/02/2026";"1300";"24,0";"24,0";"22,2";"73,0";"78,0";"70,0";"18,8";"19,0";"17,1";"879,6";"879,8";"879,5";"4,7";"59,0";"10,1";"2437,00";""
"14/02/2026";"1400";"25,1";"25,6";"23,5";"59,0";"73,0";"59,0";"16,6";"18,9";"16,6";"879,4";"879,7";"879,4";"5,0";"90,0";"9,9";"2880,80";""
"14/02/2026";"1500";"26,0";"26,5";"24,3";"57,0";"63,0";"54,0";"16,9";"18,2";"15,4";"878,8";"879,4";"878,7";"5,2";"78,0";"11,2";"3664,30";""
"14/02/2026";"1600";"26,8";"27,1";"25,6";"53,0";"61,0";"52,0";"16,6";"18,1";"15,4";"878,0";"878,8";"877,9";"4,9";"88,0";"10,8";"3844,10";""
"14/02/2026";"1700";"27,3";"28,0";"26,3";"52,0";"59,0";"50,0";"16,7";"18,0";"15,9";"877,1";"878,0";"877,1";"4,1";"85,0";"9,9";"3703,30";""
"14/02/2026";"1800";"27,6";"28,0";"26,0";"52,0";"57,0";"48,0";"16,9";"18,1";"15,1";"876,1";"877,1";"876,1";"4,3";"89,0";"8,8";"3043,10";""
"14/02/2026";"1900";"27,4";"28,4";"26,7";"52,0";"54,0";"48,0";"16,5";"17,7";"15,2";"876,1";"876,3";"876,1";"3,7";"94,0";"7,9";"2730,60";""
"14/02/2026";"2000";"26,5";"27,6";"26,0";"54,0";"60,0";"50,0";"16,4";"18,1";"16,1";"876,0";"876,1";"876,0";"3,2";"76,0";"7,7";"1487,50";""
"14/02/2026";"2100";"25,0";"26,8";"25,0";"60,0";"60,0";"53,0";"16,7";"17,7";"16,2";"876,1";"876,2";"876,0";"2,8";"62,0";"6,2";"912,40";""
"14/02/2026";"2200";"21,1";"25,0";"21,1";"78,0";"78,0";"60,0";"17,1";"17,1";"16,6";"876,3";"876,3";"876,0";"0,1";"118,0";"4,7";"69,40";""
"14/02/2026";"2300";"19,7";"21,4";"19,2";"84,0";"86,0";"76,0";"16,9";"17,2";"16,7";"877,0";"877,0";"876,3";"0,0";"2,0";"2,0";"";""
"15/02/2026";"0000";"19,2";"19,8";"19,0";"85,0";"86,0";"83,0";"16,7";"16,9";"16,6";"877,5";"877,6";"876,9";"0,8";"357,0";"1,5";"";""
"15/02/2026";"0100";"18,8";"19,6";"18,5";"87,0";"88,0";"84,0";"16,6";"17,0";"16,4";"877,3";"877,6";"877,3";"0,0";"319,0";"1,5";"";""
"15/02/2026";"0200";"18,5";"18,9";"18,2";"89,0";"89,0";"87,0";"16,6";"16,8";"16,3";"877,6";"877,6";"877,3";"0,0";"36,0";"0,0";"";""
"15/02/2026";"0300";"20,6";"21,5";"18,5";"80,0";"89,0";"77,0";"17,0";"17,4";"16,6";"877,2";"877,7";"877,2";"1,0";"86,0";"5,5";"";""
"15/02/2026";"0400";"20,1";"20,6";"19,7";"83,0";"85,0";"80,0";"17,1";"17,1";"16,9";"876,2";"877,2";"876,2";"1,4";"88,0";"3,1";"";""
"15/02/2026";"0500";"19,2";"20,2";"19,2";"87,0";"87,0";"83,0";"17,0";"17,2";"16,8";"875,7";"876,2";"875,7";"1,3";"100,0";"2,8";"";""
"15/02/2026";"0600";"19,7";"19,8";"19,0";"85,0";"88,0";"85,0";"17,2";"17,3";"16,9";"875,6";"875,7";"875,4";"1,9";"84,0";"4,1";"";""
"15/02/2026";"0700";"17,6";"19,7";"17,6";"93,0";"93,0";"85,0";"16,4";"17,2";"16,2";"875,9";"876,0";"875,6";"0,7";"83,0";"4,1";"";""
"15/02/2026";"0800";"17,5";"17,9";"17,2";"94,0";"95,0";"92,0";"16,6";"16,8";"16,2";"876,1";"876,1";"875,9";"1,2";"78,0";"1,6";"";""
"15/02/2026";"0900";"17,6";"17,9";"17,3";"94,0";"94,0";"93,0";"16,7";"16,9";"16,3";"876,6";"876,6";"876,1";"1,1";"94,0";"2,2";"";""
"15/02/2026";"1000";"19,8";"19,8";"16,5";"91,0";"96,0";"91,0";"18,3";"18,4";"15,4";"877,3";"877,3";"876,6";"0,7";"97,0";"2,2";"70,80";""
"15/02/2026";"1100";"23,3";"23,5";"19,8";"73,0";"91,0";"72,0";"18,1";"18,8";"17,8";"877,9";"877,9";"877,3";"2,9";"73,0";"5,3";"788,30";""
"15/02/2026";"1200";"23,1";"25,3";"22,2";"70,0";"76,0";"65,0";"17,4";"19,2";"17,2";"878,4";"878,4";"877,9";"3,4";"55,0";"7,4";"1437,60";""
"15/02/2026";"1300";"22,6";"23,8";"21,9";"74,0";"76,0";"67,0";"17,7";"18,3";"17,0";"878,9";"878,9";"878,4";"4,9";"102,0";"10,7";"1170,30";""
"15/02/2026";"1400";"24,1";"25,0";"22,6";"70,0";"74,0";"66,0";"18,2";"18,9";"17,1";"878,6";"879,0";"878,6";"4,3";"86,0";"8,3";"2064,10";""
"15/02/2026";"1500";"25,5";"25,9";"24,0";"63,0";"72,0";"63,0";"18,1";"19,8";"17,5";"878,3";"878,6";"878,2";"3,2";"59,0";"8,3";"2173,80";""
"15/02/2026";"1600";"25,2";"26,9";"24,9";"64,0";"69,0";"59,0";"17,8";"19,7";"16,9";"877,7";"878,3";"877,6";"4,1";"56,0";"9,7";"2963,10";""
"15/02/2026";"1700";"26,4";"26,4";"24,8";"55,0";"67,0";"52,0";"16,5";"18,7";"15,9";"877,2";"877,7";"877,2";"5,1";"75,0";"8,7";"2725,90";""
"15/02/2026";"1800";"25,0";"26,9";"24,9";"61,0";"67,0";"54,0";"17,0";"18,4";"16,3";"876,2";"877,2";"876,2";"3,4";"72,0";"8,7";"2065,70";""
"15/02/2026";"1900";"25,9";"25,9";"24,6";"65,0";"66,0";"60,0";"18,9";"18,9";"16,8";"875,8";"876,2";"875,7";"3,0";"64,0";"7,7";"1449,60";""
"15/02/2026";"2000";"25,1";"26,3";"25,1";"60,0";"65,0";"57,0";"16,8";"18,8";"16,6";"875,7";"875,8";"875,6";"3,5";"100,0";"6,7";"1188,20";""
"15/02/2026";"2100";"24,1";"25,2";"24,0";"64,0";"64,0";"59,0";"16,9";"17,2";"16,2";"875,6";"875,7";"875,4";"3,2";"93,0";"7,4";"377,20";""
"15/02/2026";"2200";"22,0";"24,1";"22,0";"80,0";"80,0";"64,0";"18,4";"18,7";"16,9";"875,8";"875,8";"875,6";"2,0";"37,0";"5,3";"54,60";""
"15/02/2026";"2300";"21,1";"22,0";"21,0";"84,0";"85,0";"80,0";"18,4";"18,5";"18,3";"876,7";"876,7";"875,8";"0,9";"5,0";"3,3";"";""
"16/02/2026";"0000";"20,8";"21,1";"20,4";"86,0";"88,0";"84,0";"18,5";"18,6";"18,2";"877,0";"877,0";"876,7";"1,1";"32,0";"2,1";"";""
"16/02/2026";"0100";"21,2";"21,7";"20,8";"84,0";"86,0";"82,0";"18,4";"18,5";"18,2";"877,3";"877,4";"877,0";"1,4";"77,0";"2,7";"";""
"16/02/2026";"0200";"21,2";"21,7";"20,9";"83,0";"85,0";"81,0";"18,2";"18,6";"18,2";"877,9";"877,9";"877,3";"1,5";"92,0";"2,7";"";""
"16/02/2026";"0300";"20,6";"21,2";"20,5";"85,0";"85,0";"83,0";"18,0";"18,3";"17,9";"877,9";"878,0";"877,9";"1,5";"80,0";"3,3";"";""
"16/02/2026";"0400";"20,6";"21,3";"20,5";"83,0";"85,0";"80,0";"17,6";"18,0";"17,5";"877,5";"877,9";"877,5";"1,6";"81,0";"5,4";"";""
"16/02/2026";"0500";"17,7";"20,6";"17,7";"91,0";"91,0";"83,0";"16,2";"17,6";"16,2";"877,1";"877,5";"877,1";"0,6";"2,0";"3,4";"";""
"16/02/2026";"0600";"17,8";"18,0";"17,5";"93,0";"94,0";"91,0";"16,7";"16,9";"16,1";"876,7";"877,1";"876,7";"1,2";"69,0";"1,8";"";""
"16/02/2026";"0700";"17,5";"18,1";"17,5";"93,0";"94,0";"92,0";"16,5";"16,9";"16,4";"876,6";"876,7";"876,6";"1,2";"103,0";"2,6";"";""
"16/02/2026";"0800";"19,1";"19,1";"17,3";"85,0";"94,0";"85,0";"16,6";"16,9";"16,2";"876,5";"876,6";"876,4";"2,5";"55,0";"4,7";"";""
"16/02/2026";"0900";"18,5";"19,1";"18,3";"90,0";"90,0";"85,0";"16,8";"16,9";"16,5";"877,1";"877,1";"876,4";"1,6";"83,0";"4,7";"";""
"16/02/2026";"1000";"20,3";"20,3";"18,4";"82,0";"90,0";"82,0";"17,1";"17,2";"16,5";"877,8";"877,8";"877,0";"3,0";"80,0";"6,1";"88,30";""
"16/02/2026";"1100";"22,4";"22,6";"20,2";"67,0";"82,0";"67,0";"15,9";"17,4";"15,9";"878,1";"878,2";"877,8";"4,0";"81,0";"8,5";"765,60";""
"16/02/2026";"1200";"23,5";"24,2";"22,2";"62,0";"70,0";"59,0";"15,7";"17,1";"14,6";"878,4";"878,4";"878,1";"4,1";"66,0";"11,1";"1923,00";""
"16/02/2026";"1300";"24,1";"24,4";"23,3";"55,0";"62,0";"54,0";"14,6";"15,8";"14,1";"878,6";"878,7";"878,3";"6,6";"92,0";"12,8";"2805,70";""
"16/02/2026";"1400";"25,7";"25,9";"23,6";"61,0";"63,0";"55,0";"17,5";"17,7";"14,8";"878,3";"878,6";"878,3";"4,9";"75,0";"12,4";"3047,60";""
"16/02/2026";"1500";"25,8";"26,2";"24,8";"57,0";"62,0";"54,0";"16,7";"17,7";"15,7";"878,2";"878,4";"878,1";"3,2";"59,0";"10,1";"2383,20";""
"16/02/2026";"1600";"25,8";"26,7";"24,7";"59,0";"62,0";"53,0";"17,1";"17,8";"15,8";"877,7";"878,2";"877,7";"3,7";"50,0";"7,9";"2174,20";""
"16/02/2026";"1700";"26,9";"27,7";"25,8";"47,0";"60,0";"45,0";"14,7";"18,1";"14,6";"877,2";"877,7";"877,2";"3,1";"78,0";"8,1";"3375,60";""
"16/02/2026";"1800";"27,9";"28,1";"26,8";"43,0";"48,0";"38,0";"14,3";"15,4";"12,0";"876,6";"877,2";"876,6";"4,0";"65,0";"9,4";"3335,60";""
"16/02/2026";"1900";"27,9";"28,6";"26,9";"45,0";"47,0";"41,0";"15,0";"15,7";"13,1";"876,0";"876,6";"876,0";"3,6";"101,0";"9,0";"2723,80";""
"16/02/2026";"2000";"26,0";"28,1";"25,9";"52,0";"53,0";"44,0";"15,4";"16,0";"14,2";"875,7";"876,1";"875,7";"3,9";"113,0";"7,2";"1475,20";""
"16/02/2026";"2100";"24,9";"26,0";"24,8";"55,0";"56,0";"51,0";"15,2";"15,8";"15,0";"876,0";"876,0";"875,7";"3,3";"115,0";"7,9";"533,10";""
"16/02/2026";"2200";"21,7";"24,9";"21,7";"69,0";"69,0";"55,0";"15,7";"15,8";"15,0";"876,2";"876,2";"875,9";"1,3";"59,0";"6,1";"66,50";""
"16/02/2026";"2300";"20,1";"21,7";"19,5";"76,0";"78,0";"69,0";"15,8";"15,9";"15,4";"876,5";"876,6";"876,2";"1,5";"53,0";"2,9";"";""
"17/02/2026";"0000";"18,2";"20,2";"18,2";"84,0";"84,0";"76,0";"15,5";"15,8";"15,4";"877,1";"877,2";"876,5";"0,0";"64,0";"2,9";"";""
"17/02/2026";"0100";"17,0";"18,4";"17,0";"88,0";"88,0";"84,0";"15,0";"15,7";"14,9";"877,9";"878,0";"877,1";"0,0";"77,0";"0,0";"";""
"17/02/2026";"0200";"20,3";"20,3";"16,8";"78,0";"90,0";"78,0";"16,4";"16,6";"14,9";"878,4";"878,4";"877,9";"1,7";"117,0";"2,7";"";""
"17/02/2026";"0300";"18,7";"20,4";"18,7";"83,0";"83,0";"77,0";"15,7";"16,3";"15,7";"878,6";"878,7";"878,4";"1,4";"79,0";"3,5";"";""
"17/02/2026";"0400";"20,4";"20,5";"18,7";"77,0";"84,0";"77,0";"16,2";"16,4";"15,8";"878,1";"878,6";"878,1";"2,4";"119,0";"4,0";"";""
"17/02/2026";"0500";"19,9";"20,5";"19,8";"79,0";"79,0";"77,0";"16,1";"16,3";"16,1";"877,3";"878,2";"877,3";"3,4";"95,0";"6,3";"";""
"17/02/2026";"0600";"18,3";"19,9";"18,3";"84,0";"84,0";"79,0";"15,5";"16,2";"15,5";"877,2";"877,3";"877,0";"1,1";"84,0";"6,3";"";""
"17/02/2026";"0700";"16,7";"18,2";"16,6";"92,0";"92,0";"84,0";"15,3";"15,6";"15,1";"876,9";"877,2";"876,9";"1,2";"79,0";"2,2";"";""
"17/02/2026";"0800";"16,4";"16,8";"16,2";"89,0";"92,0";"88,0";"14,6";"15,3";"14,6";"876,8";"876,9";"876,7";"1,5";"58,0";"2,3";"";""
"17/02/2026";"0900";"16,4";"16,6";"16,3";"90,0";"90,0";"88,0";"14,6";"14,9";"14,4";"877,3";"877,3";"876,8";"1,0";"64,0";"2,2";"";""
"17/02/2026";"1000";"19,8";"19,9";"15,7";"79,0";"91,0";"79,0";"16,0";"16,4";"14,0";"878,0";"878,0";"877,3";"1,7";"76,0";"3,6";"70,30";""
"17/02/2026";"1100";"22,6";"22,6";"19,8";"70,0";"80,0";"68,0";"16,8";"16,8";"16,1";"878,6";"878,7";"878,0";"3,3";"72,0";"6,2";"729,80";""
"17/02/2026";"1200";"23,7";"24,0";"22,3";"65,0";"71,0";"64,0";"16,8";"17,5";"16,2";"878,8";"878,9";"878,6";"3,4";"60,0";"8,0";"1965,90";""
"17/02/2026";"1300";"25,1";"25,1";"23,7";"62,0";"67,0";"61,0";"17,4";"17,8";"16,7";"879,2";"879,2";"878,8";"4,2";"47,0";"8,6";"2731,50";""
"17/02/2026";"1400";"26,1";"26,6";"24,5";"55,0";"64,0";"54,0";"16,4";"17,9";"16,4";"878,9";"879,2";"878,9";"4,3";"53,0";"8,9";"3437,90";""
"17/02/2026";"1500";"27,5";"27,6";"25,3";"49,0";"60,0";"48,0";"15,9";"17,6";"15,1";"878,8";"879,1";"878,8";"3,6";"58,0";"8,7";"3592,00";""
"17/02/2026";"1600";"28,1";"28,5";"26,9";"45,0";"51,0";"43,0";"14,9";"16,6";"14,1";"878,2";"878,8";"878,1";"3,0";"66,0";"8,7";"3951,80";""
"17/02/2026";"1700";"29,3";"29,5";"27,3";"45,0";"49,0";"40,0";"16,2";"17,0";"13,8";"877,3";"878,2";"877,3";"3,1";"64,0";"7,0";"3803,70";""
"17/02/2026";"1800";"26,0";"29,4";"25,8";"54,0";"54,0";"42,0";"15,8";"16,8";"13,7";"876,4";"877,3";"876,4";"2,4";"43,0";"7,9";"2372,70";""
"17/02/2026";"1900";"26,4";"28,3";"25,9";"46,0";"53,0";"43,0";"13,9";"16,5";"13,1";"875,7";"876,4";"875,7";"0,8";"112,0";"5,4";"1159,20";""
"17/02/2026";"2000";"26,1";"27,8";"26,1";"49,0";"52,0";"43,0";"14,5";"16,7";"13,6";"875,4";"875,7";"875,4";"1,6";"39,0";"3,4";"1092,80";""
"17/02/2026";"2100";"24,0";"26,2";"24,0";"56,0";"56,0";"46,0";"14,8";"14,8";"13,3";"875,5";"875,5";"875,3";"1,0";"24,0";"3,8";"412,10";""
"17/02/2026";"2200";"21,2";"24,0";"21,2";"67,0";"68,0";"56,0";"14,9";"15,7";"14,7";"875,8";"875,8";"875,4";"1,7";"357,0";"3,4";"42,10";""
"17/02/2026";"2300";"19,1";"21,3";"19,0";"77,0";"77,0";"67,0";"15,0";"15,1";"14,8";"876,3";"876,3";"875,8";"0,3";"22,0";"2,2";"";""
"18/02/2026";"0000";"17,6";"19,1";"17,6";"82,0";"82,0";"77,0";"14,5";"15,0";"14,5";"876,6";"876,6";"876,3";"0,2";"351,0";"1,4";"";""
"18/02/2026";"0100";"18,2";"18,6";"17,1";"79,0";"84,0";"78,0";"14,6";"14,8";"14,3";"876,9";"876,9";"876,6";"0,0";"350,0";"1,6";"";""
"18/02/2026";"0200";"16,9";"18,4";"16,2";"85,0";"89,0";"78,0";"14,4";"14,7";"14,1";"877,2";"877,2";"876,9";"0,6";"305,0";"1,0";"";""
"18/02/2026";"0300";"16,4";"17,4";"15,9";"86,0";"90,0";"83,0";"14,1";"14,7";"14,0";"876,9";"877,2";"876,8";"1,6";"266,0";"1,8";"";""
"18/02/2026";"0400";"17,7";"17,8";"16,2";"84,0";"88,0";"83,0";"14,9";"15,0";"14,0";"876,9";"877,0";"876,8";"2,3";"286,0";"3,3";"";""
"18/02/2026";"0500";"18,2";"18,6";"17,8";"86,0";"86,0";"82,0";"15,9";"15,9";"15,0";"876,6";"877,0";"876,6";"0,9";"282,0";"3,2";"";""
"18/02/2026";"0600";"16,3";"18,4";"16,3";"92,0";"92,0";"85,0";"15,0";"16,0";"14,9";"876,1";"876,6";"876,1";"0,0";"236,0";"1,7";"";""
"18/02/2026";"0700";"17,0";"17,0";"16,0";"89,0";"92,0";"88,0";"15,2";"15,2";"14,6";"876,5";"876,5";"876,1";"2,1";"302,0";"3,9";"";""
"18/02/2026";"0800";"16,7";"17,5";"16,7";"91,0";"92,0";"88,0";"15,3";"15,7";"15,1";"876,8";"876,8";"876,5";"0,8";"300,0";"2,9";"";""
"18/02/2026";"0900";"16,6";"16,7";"15,8";"94,0";"95,0";"91,0";"15,6";"15,6";"14,8";"877,0";"877,0";"876,8";"2,4";"313,0";"2,7";"";""
"18/02/2026";"1000";"19,5";"19,5";"16,5";"86,0";"94,0";"85,0";"17,0";"17,0";"15,5";"877,5";"877,5";"877,0";"0,0";"56,0";"3,1";"72,70";""
"18/02/2026";"1100";"22,9";"22,9";"19,5";"72,0";"86,0";"72,0";"17,7";"18,1";"17,1";"878,0";"878,1";"877,5";"1,6";"246,0";"3,3";"675,10";""
"18/02/2026";"1200";"24,7";"25,0";"22,8";"60,0";"73,0";"59,0";"16,3";"18,0";"15,9";"878,2";"878,2";"878,0";"1,0";"199,0";"3,3";"1902,80";""
"18/02/2026";"1300";"24,3";"26,9";"24,2";"65,0";"65,0";"54,0";"17,3";"18,0";"16,2";"878,3";"878,3";"878,2";"2,2";"183,0";"3,9";"2255,20";""
"18/02/2026";"1400";"25,6";"25,6";"21,0";"68,0";"87,0";"64,0";"19,2";"20,8";"15,9";"877,7";"878,3";"877,7";"0,2";"269,0";"4,3";"1614,40";""
"18/02/2026";"1500";"25,3";"26,3";"23,8";"64,0";"72,0";"59,0";"17,9";"20,1";"16,4";"877,4";"877,8";"877,4";"2,9";"53,0";"5,7";"1500,80";""
"18/02/2026";"1600";"21,4";"25,9";"21,0";"76,0";"77,0";"62,0";"17,0";"19,8";"15,8";"877,2";"877,4";"876,5";"3,6";"264,0";"8,8";"1252,10";""
"18/02/2026";"1700";"18,9";"21,4";"18,4";"92,0";"93,0";"71,0";"17,6";"18,1";"15,0";"876,2";"877,2";"876,2";"3,1";"267,0";"8,9";"564,20";""
"18/02/2026";"1800";"21,8";"22,1";"18,9";"75,0";"93,0";"75,0";"17,2";"18,9";"17,0";"875,8";"876,3";"875,8";"3,3";"259,0";"6,0";"1629,40";""
"18/02/2026";"1900";"24,4";"24,4";"20,8";"71,0";"82,0";"71,0";"18,9";"19,0";"16,8";"874,5";"875,8";"874,5";"2,2";"253,0";"6,3";"1662,30";""
"18/02/2026";"2000";"24,3";"25,5";"23,4";"70,0";"75,0";"65,0";"18,6";"19,4";"17,5";"874,4";"874,8";"874,3";"2,6";"279,0";"5,3";"1587,80";""
"18/02/2026";"2100";"22,8";"24,9";"22,8";"74,0";"74,0";"66,0";"17,9";"18,5";"17,5";"875,0";"875,0";"874,4";"0,8";"320,0";"5,0";"813,10";""
"18/02/2026";"2200";"19,4";"22,8";"19,4";"90,0";"90,0";"74,0";"17,7";"18,3";"17,6";"874,6";"875,0";"874,6";"0,5";"283,0";"3,0";"36,80";""
"18/02/2026";"2300";"18,0";"19,4";"17,9";"93,0";"93,0";"90,0";"16,8";"17,8";"16,8";"874,9";"874,9";"874,3";"0,5";"280,0";"1,7";"";""
"19/02/2026";"0000";"17,5";"18,1";"17,5";"93,0";"94,0";"92,0";"16,4";"17,1";"16,3";"875,8";"875,9";"874,9";"1,2";"258,0";"2,1";"";""
"19/02/2026";"0100";"17,4";"18,0";"17,2";"93,0";"94,0";"92,0";"16,3";"16,8";"16,0";"876,2";"876,2";"875,8";"0,1";"218,0";"2,4";"";""
"19/02/2026";"0200";"17,3";"17,6";"16,5";"94,0";"96,0";"93,0";"16,2";"16,6";"15,5";"876,2";"876,4";"876,1";"1,7";"276,0";"3,1";"";""
"19/02/2026";"0300";"16,7";"17,6";"16,7";"94,0";"95,0";"92,0";"15,7";"16,5";"15,5";"876,2";"876,3";"876,2";"1,7";"257,0";"2,3";"";""
"19/02/2026";"0400";"16,6";"17,1";"15,9";"95,0";"95,0";"92,0";"15,8";"16,0";"14,7";"875,6";"876,2";"875,6";"1,4";"256,0";"2,5";"";""
"19/02/2026";"0500";"16,2";"16,7";"15,5";"94,0";"95,0";"93,0";"15,3";"15,9";"14,6";"875,2";"875,6";"875,2";"2,0";"261,0";"2,5";"";""
"19/02/2026";"0600";"16,1";"16,7";"15,6";"96,0";"96,0";"93,0";"15,4";"15,7";"14,7";"875,1";"875,2";"875,0";"1,7";"276,0";"2,7";"";""
"19/02/2026";"0700";"15,9";"16,4";"15,8";"95,0";"96,0";"94,0";"15,1";"15,7";"14,8";"875,2";"875,2";"874,9";"1,4";"31,0";"2,5";"";""
"19/02/2026";"0800";"16,9";"16,9";"15,9";"96,0";"96,0";"95,0";"16,2";"16,3";"15,2";"875,1";"875,2";"875,1";"1,3";"22,0";"3,1";"";""
"19/02/2026";"0900";"15,0";"16,9";"14,7";"96,0";"96,0";"96,0";"14,4";"16,3";"14,0";"875,0";"875,1";"874,9";"0,0";"260,0";"2,8";"";""
"19/02/2026";"1000";"17,8";"17,8";"14,5";"97,0";"97,0";"96,0";"17,3";"17,3";"13,9";"875,4";"875,4";"875,0";"0,3";"191,0";"1,5";"66,30";""
"19/02/2026";"1100";"22,0";"22,0";"17,8";"75,0";"97,0";"74,0";"17,4";"18,2";"16,3";"876,0";"876,0";"875,4";"1,8";"264,0";"3,6";"713,80";""
"19/02/2026";"1200";"23,6";"24,0";"22,0";"67,0";"75,0";"64,0";"17,1";"17,8";"16,6";"876,4";"876,4";"876,0";"2,6";"253,0";"5,2";"1886,60";""
"19/02/2026";"1300";"24,7";"25,5";"23,6";"65,0";"67,0";"62,0";"17,7";"18,1";"17,0";"876,7";"876,7";"876,4";"2,7";"259,0";"6,2";"2558,70";""
"19/02/2026";"1400";"24,2";"26,5";"24,0";"68,0";"69,0";"59,0";"18,0";"18,4";"16,5";"876,7";"876,8";"876,7";"2,5";"235,0";"6,7";"2031,20";""
"19/02/2026";"1500";"27,8";"28,0";"24,1";"53,0";"68,0";"53,0";"17,4";"18,7";"17,4";"875,9";"876,7";"875,9";"3,0";"228,0";"6,6";"3426,10";""
"19/02/2026";"1600";"23,0";"28,1";"23,0";"72,0";"72,0";"51,0";"17,8";"17,9";"16,1";"875,1";"875,9";"875,1";"2,2";"15,0";"6,6";"2041,60";""
"19/02/2026";"1700";"22,0";"23,4";"22,0";"73,0";"76,0";"71,0";"16,9";"18,8";"16,9";"874,6";"875,1";"874,6";"5,7";"320,0";"12,3";"531,50";""
"19/02/2026";"1800";"21,3";"22,2";"21,1";"77,0";"78,0";"69,0";"17,2";"17,2";"16,0";"874,1";"874,7";"874,0";"3,4";"291,0";"12,3";"549,00";""
"19/02/2026";"1900";"21,3";"21,4";"21,0";"75,0";"81,0";"74,0";"16,6";"17,6";"16,3";"874,0";"874,3";"873,9";"4,4";"287,0";"8,1";"449,70";""
"19/02/2026";"2000";"21,6";"21,9";"21,2";"75,0";"77,0";"73,0";"16,9";"17,2";"16,6";"873,6";"874,0";"873,5";"2,8";"250,0";"7,1";"565,60";""
"19/02/2026";"2100";"20,3";"21,9";"20,3";"78,0";"79,0";"74,0";"16,4";"17,2";"16,3";"874,1";"874,1";"873,6";"2,7";"273,0";"5,0";"231,50";""
"19/02/2026";"2200";"20,0";"20,3";"19,9";"85,0";"85,0";"78,0";"17,4";"17,4";"16,4";"874,9";"875,0";"874,1";"2,0";"261,0";"5,4";"29,20";""
"19/02/2026";"2300";"19,1";"20,0";"19,1";"89,0";"89,0";"85,0";"17,3";"17,5";"17,2";"874,8";"875,0";"874,6";"2,1";"292,0";"4,0";"";""
"20/02/2026";"0000";"19,0";"19,4";"18,9";"88,0";"89,0";"87,0";"17,0";"17,3";"17,0";"875,6";"875,6";"874,8";"2,0";"256,0";"3,8";"";""
"20/02/2026";"0100";"19,2";"19,3";"18,9";"85,0";"88,0";"82,0";"16,5";"16,9";"16,2";"876,7";"876,7";"875,6";"1,3";"230,0";"5,0";"";""
"20/02/2026";"0200";"19,0";"19,2";"18,9";"90,0";"90,0";"85,0";"17,3";"17,3";"16,4";"877,1";"877,1";"876,7";"1,4";"178,0";"3,9";"";""
"20/02/2026";"0300";"18,7";"19,1";"18,7";"92,0";"92,0";"90,0";"17,3";"17,6";"17,2";"876,6";"877,1";"876,6";"0,9";"262,0";"3,3";"";""
"20/02/2026";"0400";"18,3";"18,8";"18,3";"93,0";"93,0";"91,0";"17,2";"17,5";"17,2";"876,1";"876,7";"876,1";"0,0";"250,0";"1,6";"";""
"20/02/2026";"0500";"18,2";"18,4";"18,1";"95,0";"95,0";"93,0";"17,4";"17,5";"17,2";"875,6";"876,1";"875,6";"0,0";"159,0";"0,4";"";""
"20/02/2026";"0600";"18,3";"18,5";"17,8";"95,0";"96,0";"95,0";"17,5";"17,8";"17,1";"874,9";"875,6";"874,9";"0,3";"172,0";"1,6";"";""
"20/02/2026";"0700";"17,9";"18,3";"17,9";"95,0";"95,0";"95,0";"17,1";"17,5";"17,1";"874,8";"874,9";"874,7";"0,6";"242,0";"1,4";"";""
"20/02/2026";"0800";"18,3";"18,4";"17,9";"91,0";"95,0";"91,0";"16,8";"17,2";"16,8";"875,0";"875,0";"874,8";"1,0";"251,0";"1,9";"";""
"20/02/2026";"0900";"18,4";"18,8";"18,2";"89,0";"92,0";"87,0";"16,6";"16,9";"16,5";"875,1";"875,2";"874,9";"0,3";"227,0";"2,6";"";""
"20/02/2026";"1000";"18,5";"18,6";"18,3";"91,0";"91,0";"88,0";"17,0";"17,0";"16,4";"875,7";"875,7";"875,1";"0,5";"264,0";"2,2";"23,40";""
"20/02/2026";"1100";"20,3";"20,3";"18,4";"82,0";"92,0";"79,0";"17,0";"17,4";"16,4";"876,4";"876,4";"875,7";"0,7";"99,0";"1,3";"283,40";""
"20/02/2026";"1200";"21,1";"21,1";"20,3";"78,0";"82,0";"74,0";"17,2";"17,4";"15,9";"877,2";"877,2";"876,4";"0,7";"64,0";"1,6";"497,30";""
"20/02/2026";"1300";"23,0";"23,9";"21,1";"67,0";"78,0";"66,0";"16,6";"18,1";"16,3";"877,1";"877,3";"877,1";"0,5";"176,0";"2,8";"1452,50";""
"20/02/2026";"1400";"21,6";"23,2";"21,2";"82,0";"82,0";"67,0";"18,3";"18,4";"16,6";"876,6";"877,1";"876,6";"1,7";"88,0";"3,3";"715,10";""
"20/02/2026";"1500";"23,1";"25,1";"21,6";"71,0";"83,0";"62,0";"17,5";"19,6";"16,6";"875,6";"876,6";"875,6";"2,7";"193,0";"5,4";"2462,80";""
"20/02/2026";"1600";"20,9";"25,5";"20,6";"88,0";"89,0";"63,0";"18,8";"19,2";"17,3";"874,9";"875,6";"874,9";"2,2";"180,0";"7,1";"1220,80";""
"20/02/2026";"1700";"20,2";"20,9";"20,0";"93,0";"93,0";"85,0";"19,0";"19,5";"18,2";"874,3";"874,9";"874,3";"1,7";"62,0";"4,8";"338,60";""
"20/02/2026";"1800";"22,0";"22,2";"20,0";"86,0";"94,0";"84,0";"19,6";"20,0";"18,7";"873,7";"874,3";"873,7";"1,1";"71,0";"4,5";"1023,60";""
"20/02/2026";"1900";"21,8";"23,2";"20,2";"89,0";"91,0";"73,0";"19,9";"19,9";"17,4";"873,3";"873,7";"873,3";"1,9";"321,0";"7,8";"1109,70";""
"20/02/2026";"2000";"19,6";"22,1";"18,9";"92,0";"93,0";"79,0";"18,2";"20,0";"16,9";"873,3";"873,9";"873,2";"4,3";"293,0";"10,9";"492,30";""
"20/02/2026";"2100";"19,7";"20,3";"19,6";"88,0";"92,0";"87,0";"17,7";"18,7";"17,7";"873,4";"873,6";"873,3";"3,0";"301,0";"8,4";"580,20";""
"20/02/2026";"2200";"19,1";"19,7";"19,1";"91,0";"92,0";"88,0";"17,6";"17,8";"17,6";"873,9";"873,9";"873,4";"2,7";"309,0";"6,6";"32,20";""
"20/02/2026";"2300";"18,6";"19,1";"18,6";"92,0";"92,0";"91,0";"17,3";"17,7";"17,3";"874,6";"874,6";"873,9";"2,4";"314,0";"6,5";"";""
"21/02/2026";"0000";"18,4";"18,6";"18,4";"90,0";"93,0";"90,0";"16,8";"17,4";"16,8";"875,0";"875,0";"874,6";"2,9";"296,0";"6,5";"";""
"21/02/2026";"0100";"17,8";"18,4";"17,8";"91,0";"91,0";"89,0";"16,3";"16,8";"16,3";"875,8";"875,8";"875,0";"1,3";"318,0";"6,3";"";""
"21/02/2026";"0200";"17,3";"17,8";"17,2";"93,0";"93,0";"91,0";"16,3";"16,4";"16,0";"875,7";"876,0";"875,7";"0,9";"283,0";"2,9";"";""
"21/02/2026";"0300";"17,6";"17,7";"17,3";"94,0";"94,0";"93,0";"16,6";"16,6";"16,3";"875,7";"875,8";"875,6";"0,6";"208,0";"4,3";"";""
"21/02/2026";"0400";"17,8";"17,9";"17,4";"92,0";"95,0";"91,0";"16,4";"16,7";"16,4";"875,2";"875,7";"875,2";"2,1";"284,0";"4,5";"";""
"21/02/2026";"0500";"17,7";"17,9";"17,7";"93,0";"93,0";"91,0";"16,5";"16,6";"16,4";"875,1";"875,3";"875,1";"2,3";"263,0";"4,6";"";""
"21/02/2026";"0600";"17,7";"17,8";"17,6";"92,0";"93,0";"92,0";"16,5";"16,5";"16,4";"874,9";"875,1";"874,9";"2,2";"260,0";"3,6";"";""
"21/02/2026";"0700";"17,9";"18,0";"17,6";"90,0";"93,0";"89,0";"16,2";"16,5";"16,2";"874,8";"874,9";"874,7";"2,1";"290,0";"4,2";"";""
"21/02/2026";"0800";"17,7";"18,0";"17,6";"90,0";"91,0";"89,0";"16,1";"16,2";"16,1";"874,9";"874,9";"874,8";"2,4";"273,0";"5,0";"";""
"21/02/2026";"0900";"17,8";"17,9";"17,7";"87,0";"90,0";"87,0";"15,6";"16,1";"15,6";"875,0";"875,1";"874,9";"2,0";"269,0";"6,6";"";""
"21/02/2026";"1000";"18,2";"18,2";"17,8";"87,0";"87,0";"86,0";"15,9";"15,9";"15,5";"875,6";"875,6";"875,0";"2,2";"278,0";"4,9";"46,60";""
"21/02/2026";"1100";"19,1";"19,1";"18,2";"85,0";"87,0";"85,0";"16,5";"16,6";"15,9";"876,5";"876,5";"875,6";"2,6";"290,0";"5,2";"236,10";""
"21/02/2026";"1200";"19,7";"19,8";"19,1";"86,0";"87,0";"84,0";"17,3";"17,4";"16,5";"877,0";"877,0";"876,5";"3,3";"286,0";"8,5";"694,70";""
"21/02/2026";"1300";"20,0";"20,5";"19,7";"82,0";"87,0";"80,0";"16,8";"17,7";"16,7";"877,5";"877,5";"877,0";"4,4";"299,0";"9,6";"1030,90";""
"21/02/2026";"1400";"21,2";"21,2";"19,6";"79,0";"84,0";"78,0";"17,3";"17,6";"16,5";"877,4";"877,6";"877,3";"5,1";"291,0";"9,7";"1391,00";""
"21/02/2026";"1500";"21,1";"21,3";"20,8";"79,0";"81,0";"77,0";"17,3";"17,7";"16,9";"877,1";"877,4";"877,1";"3,2";"293,0";"9,7";"1217,50";""
"21/02/2026";"1600";"22,1";"22,2";"21,0";"75,0";"80,0";"75,0";"17,4";"17,9";"17,0";"876,2";"877,1";"876,2";"3,6";"286,0";"7,2";"1302,80";""
"21/02/2026";"1700";"21,7";"22,4";"21,3";"75,0";"79,0";"73,0";"17,2";"18,0";"16,7";"875,5";"876,2";"875,5";"3,2";"277,0";"9,3";"1268,60";""
"21/02/2026";"1800";"23,2";"23,6";"21,7";"67,0";"77,0";"67,0";"16,7";"18,2";"16,7";"874,4";"875,5";"874,4";"4,0";"292,0";"8,2";"1649,00";""
"21/02/2026";"1900";"19,9";"23,2";"19,9";"85,0";"87,0";"67,0";"17,3";"17,7";"16,5";"874,1";"874,4";"874,1";"3,6";"287,0";"8,7";"927,70";""
"21/02/2026";"2000";"21,5";"22,3";"19,9";"77,0";"86,0";"76,0";"17,3";"18,3";"17,2";"873,7";"874,1";"873,7";"3,5";"286,0";"7,3";"1042,10";""
"21/02/2026";"2100";"19,8";"21,5";"19,8";"84,0";"84,0";"77,0";"17,1";"17,5";"17,0";"874,1";"874,1";"873,6";"3,6";"284,0";"7,0";"413,80";""
"21/02/2026";"2200";"19,1";"19,8";"19,1";"86,0";"86,0";"84,0";"16,7";"17,1";"16,7";"874,3";"874,3";"874,0";"2,4";"287,0";"7,0";"37,90";""
"21/02/2026";"2300";"18,8";"19,3";"18,8";"86,0";"87,0";"83,0";"16,5";"16,8";"16,4";"874,9";"874,9";"874,3";"1,3";"264,0";"4,7";"";""
"22/02/2026";"0000";"18,6";"18,9";"18,5";"89,0";"89,0";"86,0";"16,7";"16,9";"16,4";"875,5";"875,5";"874,9";"0,6";"277,0";"3,1";"";""
"22/02/2026";"0100";"17,3";"18,5";"17,2";"93,0";"94,0";"89,0";"16,1";"16,7";"16,0";"876,5";"876,5";"875,5";"0,0";"323,0";"1,3";"";""
"22/02/2026";"0200";"18,1";"18,1";"17,2";"93,0";"94,0";"92,0";"16,8";"16,8";"16,1";"876,8";"876,8";"876,5";"0,4";"141,0";"2,5";"";""
"22/02/2026";"0300";"19,1";"19,1";"17,2";"82,0";"95,0";"82,0";"16,1";"16,8";"16,1";"876,6";"876,8";"876,5";"2,1";"298,0";"4,9";"";""
"22/02/2026";"0400";"19,8";"20,0";"19,1";"75,0";"82,0";"75,0";"15,4";"16,1";"15,3";"876,4";"876,6";"876,4";"2,3";"288,0";"5,4";"";""
"22/02/2026";"0500";"19,5";"19,9";"19,5";"79,0";"79,0";"75,0";"15,7";"15,8";"15,3";"875,7";"876,4";"875,7";"2,3";"294,0";"5,9";"";""
"22/02/2026";"0600";"19,3";"19,5";"19,2";"79,0";"80,0";"78,0";"15,7";"15,8";"15,5";"875,0";"875,7";"875,0";"1,9";"286,0";"5,9";"";""
"22/02/2026";"0700";"19,0";"19,3";"18,9";"83,0";"83,0";"79,0";"16,0";"16,0";"15,5";"874,9";"875,0";"874,8";"2,3";"280,0";"5,0";"";""
"22/02/2026";"0800";"18,8";"19,0";"18,8";"84,0";"85,0";"83,0";"16,0";"16,2";"15,9";"874,8";"875,0";"874,8";"1,9";"286,0";"5,9";"";""
"22/02/2026";"0900";"18,7";"19,0";"18,7";"86,0";"86,0";"83,0";"16,3";"16,3";"15,9";"875,3";"875,3";"874,8";"1,1";"307,0";"4,4";"";""
"22/02/2026";"1000";"19,3";"19,3";"18,6";"85,0";"87,0";"85,0";"16,8";"16,8";"16,3";"876,1";"876,1";"875,3";"1,8";"303,0";"3,6";"57,00";""
"22/02/2026";"1100";"20,1";"20,1";"19,3";"86,0";"86,0";"82,0";"17,6";"17,6";"16,7";"876,8";"876,8";"876,1";"2,5";"290,0";"6,2";"440,90";""
"22/02/2026";"1200";"19,4";"21,4";"19,4";"88,0";"88,0";"79,0";"17,4";"18,2";"17,2";"877,3";"877,3";"876,8";"4,0";"288,0";"8,7";"858,40";""
"22/02/2026";"1300";"19,9";"20,5";"19,0";"89,0";"92,0";"87,0";"18,0";"18,9";"17,4";"877,4";"877,6";"877,3";"2,3";"290,0";"8,7";"757,40";""
"22/02/2026";"1400";"21,4";"23,1";"19,8";"78,0";"91,0";"75,0";"17,4";"19,4";"17,4";"877,3";"877,5";"877,1";"5,0";"299,0";"10,8";"2489,40";""
"22/02/2026";"1500";"23,0";"23,0";"21,4";"78,0";"80,0";"74,0";"18,9";"18,9";"17,4";"876,7";"877,3";"876,6";"4,5";"303,0";"11,6";"2225,10";""
"22/02/2026";"1600";"21,4";"23,5";"19,7";"84,0";"92,0";"73,0";"18,5";"19,8";"17,3";"876,1";"876,8";"876,1";"5,0";"289,0";"9,2";"1865,50";""
"22/02/2026";"1700";"20,1";"22,6";"20,0";"91,0";"91,0";"78,0";"18,6";"19,3";"17,6";"875,0";"876,1";"875,0";"4,0";"290,0";"9,2";"1972,40";""
"22/02/2026";"1800";"21,8";"21,8";"20,1";"81,0";"91,0";"81,0";"18,4";"18,9";"17,6";"874,2";"875,0";"874,1";"4,7";"281,0";"10,7";"2064,60";""
"22/02/2026";"1900";"22,2";"22,5";"21,0";"76,0";"83,0";"76,0";"17,8";"18,5";"17,4";"873,7";"874,2";"873,7";"4,2";"284,0";"9,9";"1616,70";""
"22/02/2026";"2000";"21,1";"22,9";"21,1";"81,0";"81,0";"74,0";"17,7";"18,5";"17,3";"873,5";"873,7";"873,4";"2,7";"274,0";"9,0";"943,20";""
"22/02/2026";"2100";"18,2";"21,3";"18,2";"93,0";"93,0";"81,0";"17,2";"18,2";"16,4";"874,0";"874,1";"873,5";"2,8";"268,0";"7,5";"234,00";""
"22/02/2026";"2200";"18,7";"18,7";"18,2";"95,0";"95,0";"93,0";"17,8";"17,8";"17,1";"874,5";"874,5";"874,0";"1,5";"282,0";"4,2";"28,00";""
"22/02/2026";"2300";"18,3";"18,8";"18,3";"93,0";"95,0";"91,0";"17,1";"17,9";"16,9";"874,9";"874,9";"874,5";"3,5";"291,0";"7,3";"";""
"23/02/2026";"0000";"18,4";"18,4";"18,2";"92,0";"94,0";"92,0";"17,1";"17,3";"17,0";"875,4";"875,4";"874,9";"3,3";"293,0";"7,4";"";""
"23/02/2026";"0100";"18,4";"18,5";"18,4";"93,0";"94,0";"92,0";"17,3";"17,4";"17,1";"876,1";"876,1";"875,4";"2,1";"289,0";"6,8";"";""
"23/02/2026";"0200";"18,2";"18,4";"18,2";"93,0";"93,0";"92,0";"17,1";"17,4";"17,0";"876,3";"876,3";"876,1";"3,4";"288,0";"7,6";"";""
"23/02/2026";"0300";"18,0";"18,3";"18,0";"93,0";"93,0";"92,0";"16,8";"17,0";"16,8";"875,9";"876,3";"875,9";"2,8";"273,0";"7,4";"";""
"23/02/2026";"0400";"18,0";"18,1";"18,0";"93,0";"94,0";"93,0";"16,9";"17,1";"16,9";"875,2";"875,9";"875,2";"4,6";"285,0";"9,2";"";""
"23/02/2026";"0500";"17,6";"18,0";"17,6";"91,0";"94,0";"91,0";"16,2";"16,9";"16,2";"874,8";"875,3";"874,8";"4,5";"288,0";"10,2";"";""
"23/02/2026";"0600";"17,1";"17,6";"16,6";"87,0";"92,0";"85,0";"14,9";"16,2";"14,4";"874,3";"874,8";"874,3";"2,6";"289,0";"10,2";"";""
"23/02/2026";"0700";"17,5";"17,6";"17,1";"91,0";"91,0";"87,0";"16,0";"16,1";"15,0";"873,8";"874,3";"873,7";"3,8";"296,0";"8,0";"";""
"23/02/2026";"0800";"17,5";"17,7";"17,3";"92,0";"92,0";"90,0";"16,2";"16,2";"16,0";"874,0";"874,0";"873,8";"3,1";"278,0";"8,0";"";""
"23/02/2026";"0900";"17,5";"17,6";"17,5";"93,0";"93,0";"92,0";"16,2";"16,3";"16,2";"874,5";"874,5";"874,0";"1,6";"271,0";"6,0";"";""
"23/02/2026";"1000";"18,0";"18,0";"17,4";"92,0";"93,0";"92,0";"16,6";"16,6";"16,1";"874,9";"874,9";"874,5";"2,4";"287,0";"5,2";"63,30";""
"23/02/2026";"1100";"18,7";"18,8";"17,9";"91,0";"93,0";"90,0";"17,1";"17,2";"16,6";"875,8";"875,8";"874,9";"4,0";"278,0";"6,9";"344,70";""
"23/02/2026";"1200";"18,7";"18,9";"18,4";"93,0";"94,0";"91,0";"17,6";"17,9";"17,1";"876,6";"876,6";"875,7";"3,0";"276,0";"7,6";"491,90";""
"23/02/2026";"1300";"19,5";"19,5";"18,7";"94,0";"94,0";"91,0";"18,5";"18,5";"17,5";"876,8";"876,8";"876,5";"3,0";"294,0";"7,5";"763,70";""
"23/02/2026";"1400";"19,9";"20,1";"19,0";"88,0";"94,0";"87,0";"17,8";"18,6";"17,5";"877,0";"877,0";"876,8";"3,6";"281,0";"8,5";"1172,30";""
"23/02/2026";"1500";"21,0";"21,0";"19,4";"82,0";"92,0";"82,0";"17,8";"18,5";"17,5";"876,6";"877,0";"876,6";"4,6";"295,0";"8,1";"1333,80";""
"23/02/2026";"1600";"20,8";"22,1";"20,8";"82,0";"83,0";"76,0";"17,7";"18,3";"17,3";"875,6";"876,6";"875,6";"4,3";"285,0";"10,6";"1960,20";""
"23/02/2026";"1700";"24,2";"24,3";"20,7";"71,0";"84,0";"68,0";"18,6";"19,1";"17,4";"873,9";"875,6";"873,9";"4,6";"297,0";"9,4";"3082,50";""
"23/02/2026";"1800";"23,8";"24,6";"22,9";"69,0";"75,0";"66,0";"17,7";"18,7";"16,9";"873,1";"873,9";"873,1";"4,9";"276,0";"10,1";"2725,60";""
"23/02/2026";"1900";"23,5";"24,8";"22,9";"70,0";"71,0";"65,0";"17,8";"18,2";"17,0";"872,7";"873,1";"872,6";"4,5";"291,0";"10,1";"2134,90";""
"23/02/2026";"2000";"19,7";"24,0";"19,7";"90,0";"90,0";"69,0";"18,1";"18,2";"17,3";"873,3";"873,3";"872,7";"3,5";"278,0";"8,4";"692,20";""
"23/02/2026";"2100";"19,6";"20,2";"19,6";"88,0";"93,0";"87,0";"17,6";"18,8";"17,6";"873,7";"873,7";"873,3";"3,4";"273,0";"6,5";"332,30";""
"23/02/2026";"2200";"18,9";"19,6";"18,9";"93,0";"93,0";"88,0";"17,7";"17,7";"17,5";"873,9";"874,0";"873,7";"2,3";"268,0";"6,5";"29,60";""
"23/02/2026";"2300";"18,9";"19,1";"18,9";"89,0";"93,0";"89,0";"17,1";"17,8";"17,1";"874,8";"874,8";"873,9";"1,5";"290,0";"5,1";"";""
"24/02/2026";"0000";"19,1";"19,1";"18,9";"86,0";"89,0";"86,0";"16,7";"17,1";"16,6";"875,7";"875,7";"874,8";"2,8";"285,0";"5,7";"";""
"24/02/2026";"0100";"19,1";"19,3";"19,0";"88,0";"88,0";"85,0";"17,0";"17,0";"16,7";"875,9";"876,0";"875,6";"2,4";"299,0";"6,1";"";""
"24/02/2026";"0200";"19,0";"19,3";"19,0";"88,0";"88,0";"85,0";"17,0";"17,1";"16,8";"875,7";"876,0";"875,7";"2,0";"292,0";"6,2";"";""
"24/02/2026";"0300";"19,2";"19,2";"18,6";"88,0";"90,0";"87,0";"17,1";"17,1";"16,9";"875,6";"875,7";"875,5";"2,7";"288,0";"5,6";"";""
"24/02/2026";"0400";"19,0";"19,4";"19,0";"90,0";"90,0";"86,0";"17,4";"17,4";"17,0";"875,3";"875,6";"875,3";"2,5";"278,0";"7,5";"";""
"24/02/2026";"0500";"18,5";"19,0";"18,5";"93,0";"93,0";"90,0";"17,3";"17,5";"17,3";"874,5";"875,3";"874,5";"1,2";"272,0";"4,5";"";""
"24/02/2026";"0600";"18,3";"18,7";"18,3";"92,0";"93,0";"89,0";"16,9";"17,4";"16,7";"874,1";"874,5";"874,1";"1,9";"269,0";"4,7";"";""
"24/02/2026";"0700";"18,2";"18,4";"18,2";"94,0";"94,0";"91,0";"17,1";"17,1";"16,9";"873,8";"874,1";"873,8";"2,3";"265,0";"4,3";"";""
"24/02/2026";"0800";"18,2";"18,3";"18,2";"93,0";"94,0";"93,0";"17,1";"17,2";"17,1";"873,8";"873,9";"873,8";"1,8";"279,0";"4,7";"";""
"24/02/2026";"0900";"18,5";"18,6";"18,2";"91,0";"93,0";"91,0";"17,0";"17,1";"17,0";"874,1";"874,1";"873,8";"3,1";"282,0";"6,1";"";""
"24/02/2026";"1000";"18,9";"18,9";"18,4";"91,0";"91,0";"91,0";"17,3";"17,3";"16,9";"874,6";"874,6";"874,1";"2,1";"273,0";"6,8";"116,60";""
"24/02/2026";"1100";"19,7";"19,8";"18,9";"85,0";"91,0";"85,0";"17,1";"17,7";"17,1";"875,4";"875,4";"874,6";"3,9";"279,0";"8,0";"547,70";""
"24/02/2026";"1200";"20,0";"20,3";"19,7";"85,0";"86,0";"83,0";"17,3";"17,7";"16,8";"875,9";"875,9";"875,4";"4,0";"277,0";"8,7";"813,60";""
"24/02/2026";"1300";"20,3";"20,5";"19,9";"82,0";"85,0";"80,0";"17,2";"17,5";"16,5";"876,2";"876,3";"875,9";"3,4";"289,0";"9,1";"863,90";""
"24/02/2026";"1400";"22,6";"22,6";"20,2";"73,0";"83,0";"73,0";"17,6";"17,6";"16,5";"876,1";"876,2";"876,1";"4,0";"292,0";"7,9";"1632,60";""
"24/02/2026";"1500";"22,6";"23,3";"21,6";"71,0";"77,0";"69,0";"17,0";"18,1";"16,9";"875,8";"876,2";"875,8";"3,9";"296,0";"10,1";"1907,10";""
"24/02/2026";"1600";"24,3";"25,1";"22,5";"63,0";"72,0";"61,0";"16,8";"17,9";"16,7";"874,5";"875,8";"874,5";"5,0";"277,0";"9,6";"2886,70";""
"24/02/2026";"1700";"25,0";"25,8";"24,1";"62,0";"68,0";"60,0";"17,0";"18,7";"16,7";"873,2";"874,4";"873,2";"5,1";"277,0";"11,2";"3266,50";""
"24/02/2026";"1800";"25,2";"25,6";"24,2";"61,0";"68,0";"61,0";"17,2";"18,9";"16,8";"872,7";"873,2";"872,7";"4,2";"286,0";"9,4";"2279,60";""
"24/02/2026";"1900";"23,2";"25,6";"23,2";"72,0";"72,0";"60,0";"17,9";"18,3";"16,6";"872,1";"872,7";"872,1";"4,1";"263,0";"9,4";"1467,00";""
"24/02/2026";"2000";"19,9";"23,3";"19,6";"92,0";"93,0";"71,0";"18,6";"18,7";"17,3";"872,7";"872,7";"872,1";"3,2";"295,0";"8,3";"658,90";""
"24/02/2026";"2100";"20,0";"20,2";"19,9";"87,0";"93,0";"87,0";"17,8";"18,7";"17,7";"872,9";"872,9";"872,6";"2,6";"278,0";"6,2";"358,10";""
"24/02/2026";"2200";"19,5";"20,0";"19,5";"88,0";"88,0";"86,0";"17,5";"17,8";"17,4";"873,3";"873,3";"872,9";"2,8";"266,0";"5,6";"16,70";""
"24/02/2026";"2300";"19,3";"19,5";"19,3";"90,0";"90,0";"88,0";"17,6";"17,8";"17,5";"873,9";"873,9";"873,3";"2,7";"257,0";"5,5";"";""
"25/02/2026";"0000";"19,7";"19,7";"19,2";"87,0";"90,0";"87,0";"17,5";"17,6";"17,3";"874,4";"874,4";"873,9";"2,5";"252,0";"5,5";"";""
"25/02/2026";"0100";"19,4";"19,7";"19,4";"92,0";"92,0";"87,0";"18,1";"18,1";"17,5";"874,9";"874,9";"874,4";"1,6";"255,0";"4,3";"";""
"25/02/2026";"0200";"19,4";"19,4";"19,3";"93,0";"93,0";"92,0";"18,3";"18,3";"18,0";"874,9";"874,9";"874,8";"1,7";"256,0";"4,0";"";""
"25/02/2026";"0300";"19,3";"19,5";"19,3";"94,0";"94,0";"93,0";"18,3";"18,3";"18,2";"874,6";"874,9";"874,6";"2,5";"267,0";"5,1";"";""
"25/02/2026";"0400";"19,2";"19,3";"19,1";"95,0";"95,0";"94,0";"18,4";"18,4";"18,2";"874,2";"874,6";"874,2";"1,8";"254,0";"5,1";"";""
"25/02/2026";"0500";"18,7";"19,2";"18,7";"94,0";"95,0";"94,0";"17,8";"18,4";"17,8";"873,9";"874,2";"873,9";"2,5";"267,0";"4,8";"";""
"25/02/2026";"0600";"18,8";"18,9";"18,7";"94,0";"94,0";"93,0";"17,7";"17,9";"17,7";"873,4";"873,9";"873,4";"3,4";"272,0";"5,9";"";""
"25/02/2026";"0700";"19,0";"19,0";"18,8";"90,0";"94,0";"90,0";"17,3";"17,7";"17,3";"873,3";"873,4";"873,2";"3,4";"273,0";"7,1";"";""
"25/02/2026";"0800";"18,8";"19,0";"18,8";"89,0";"92,0";"89,0";"16,9";"17,4";"16,9";"873,4";"873,5";"873,3";"2,9";"277,0";"7,1";"";""
"25/02/2026";"0900";"18,8";"18,9";"18,6";"88,0";"89,0";"88,0";"16,8";"16,9";"16,7";"873,7";"873,7";"873,4";"3,7";"276,0";"7,2";"";""
"25/02/2026";"1000";"19,0";"19,2";"18,8";"87,0";"88,0";"85,0";"16,8";"16,9";"16,6";"874,3";"874,3";"873,7";"3,1";"259,0";"8,6";"43,50";""
"25/02/2026";"1100";"20,2";"20,2";"19,1";"84,0";"88,0";"83,0";"17,4";"17,6";"16,9";"875,0";"875,0";"874,3";"3,3";"278,0";"7,1";"420,10";""
"25/02/2026";"1200";"20,7";"20,8";"20,1";"83,0";"84,0";"82,0";"17,6";"17,8";"17,0";"875,4";"875,4";"875,0";"3,2";"271,0";"8,1";"673,50";""
"25/02/2026";"1300";"19,5";"20,8";"19,3";"93,0";"93,0";"82,0";"18,3";"18,3";"17,4";"876,0";"876,1";"875,4";"3,4";"273,0";"9,1";"715,20";""
"25/02/2026";"1400";"19,5";"19,9";"19,1";"92,0";"94,0";"91,0";"18,3";"18,6";"17,7";"875,5";"876,0";"875,5";"4,4";"271,0";"10,0";"968,70";""
"25/02/2026";"1500";"20,0";"20,0";"19,4";"93,0";"94,0";"92,0";"18,8";"18,8";"18,1";"874,3";"875,5";"874,3";"4,3";"261,0";"7,7";"727,70";""
"25/02/2026";"1600";"22,0";"22,6";"19,9";"81,0";"93,0";"80,0";"18,5";"19,7";"18,4";"873,7";"874,3";"873,7";"5,7";"259,0";"12,6";"1878,50";""
"25/02/2026";"1700";"21,8";"22,5";"21,2";"80,0";"84,0";"79,0";"18,2";"19,3";"18,2";"872,6";"873,7";"872,6";"4,8";"276,0";"12,6";"1907,60";""
"25/02/2026";"1800";"22,5";"23,1";"20,5";"80,0";"91,0";"76,0";"18,9";"19,9";"18,0";"872,1";"872,6";"872,0";"5,9";"267,0";"11,7";"1797,70";""
"25/02/2026";"1900";"21,6";"22,5";"20,6";"82,0";"88,0";"79,0";"18,4";"18,9";"18,0";"871,7";"872,2";"871,7";"4,3";"268,0";"12,3";"1070,30";""
"25/02/2026";"2000";"19,7";"21,6";"19,7";"92,0";"93,0";"82,0";"18,3";"18,7";"18,2";"871,4";"871,8";"871,4";"4,1";"275,0";"8,9";"488,00";""
"25/02/2026";"2100";"19,2";"19,7";"19,2";"93,0";"93,0";"91,0";"18,0";"18,4";"17,9";"871,7";"871,7";"871,4";"3,2";"284,0";"9,2";"209,30";""
"25/02/2026";"2200";"18,9";"19,3";"18,9";"94,0";"94,0";"92,0";"17,9";"18,1";"17,9";"871,8";"871,9";"871,7";"2,9";"293,0";"8,2";"14,30";""
"25/02/2026";"2300";"18,9";"18,9";"18,8";"95,0";"95,0";"94,0";"18,1";"18,1";"17,8";"872,3";"872,3";"871,8";"2,7";"286,0";"7,7";"";""
"26/02/2026";"0000";"18,5";"18,9";"18,5";"93,0";"95,0";"93,0";"17,4";"18,1";"17,4";"872,6";"872,6";"872,3";"3,9";"285,0";"8,2";"";""
"26/02/2026";"0100";"18,4";"18,5";"18,4";"93,0";"93,0";"93,0";"17,2";"17,4";"17,2";"873,2";"873,2";"872,6";"3,1";"274,0";"8,9";"";""
"26/02/2026";"0200";"18,4";"18,4";"18,3";"93,0";"93,0";"93,0";"17,3";"17,3";"17,2";"873,5";"873,5";"873,2";"3,2";"283,0";"6,5";"";""
"26/02/2026";"0300";"18,7";"18,7";"18,4";"93,0";"93,0";"92,0";"17,4";"17,4";"17,3";"873,3";"873,7";"873,3";"3,3";"288,0";"8,6";"";""
"26/02/2026";"0400";"18,8";"18,8";"18,6";"92,0";"93,0";"92,0";"17,4";"17,5";"17,4";"872,7";"873,3";"872,7";"4,2";"292,0";"8,8";"";""
"26/02/2026";"0500";"18,5";"18,8";"18,5";"94,0";"94,0";"91,0";"17,5";"17,5";"17,3";"872,4";"872,7";"872,4";"3,6";"282,0";"8,8";"";""
"26/02/2026";"0600";"18,4";"18,6";"18,4";"93,0";"94,0";"93,0";"17,3";"17,5";"17,3";"872,0";"872,4";"872,0";"4,1";"288,0";"8,4";"";""
"26/02/2026";"0700";"18,3";"18,4";"18,3";"94,0";"94,0";"93,0";"17,3";"17,4";"17,3";"872,2";"872,2";"871,9";"3,6";"270,0";"9,7";"";""
"26/02/2026";"0800";"18,1";"18,3";"18,1";"95,0";"95,0";"94,0";"17,3";"17,4";"17,3";"872,3";"872,4";"872,1";"4,7";"266,0";"9,6";"";""
"26/02/2026";"0900";"18,3";"18,3";"18,1";"95,0";"96,0";"94,0";"17,4";"17,4";"17,3";"872,5";"872,5";"872,3";"4,2";"275,0";"9,3";"";""
"26/02/2026";"1000";"18,4";"18,4";"18,2";"95,0";"95,0";"94,0";"17,5";"17,5";"17,3";"873,1";"873,1";"872,5";"3,5";"273,0";"9,1";"58,90";""
"26/02/2026";"1100";"18,6";"18,6";"18,2";"95,0";"95,0";"94,0";"17,7";"17,7";"17,4";"873,9";"873,9";"873,1";"3,6";"281,0";"9,9";"266,10";""
"26/02/2026";"1200";"18,8";"18,9";"18,5";"93,0";"95,0";"92,0";"17,6";"17,9";"17,4";"874,4";"874,4";"873,9";"5,7";"276,0";"11,3";"640,70";""
"26/02/2026";"1300";"18,7";"19,0";"18,5";"94,0";"95,0";"93,0";"17,7";"17,9";"17,4";"874,4";"874,5";"874,4";"4,7";"286,0";"12,4";"531,70";""
"26/02/2026";"1400";"19,5";"19,7";"18,7";"93,0";"95,0";"92,0";"18,4";"18,5";"17,8";"874,4";"874,4";"874,3";"5,0";"289,0";"11,0";"974,00";""
"26/02/2026";"1500";"20,3";"20,4";"19,4";"92,0";"94,0";"91,0";"19,1";"19,2";"18,2";"874,0";"874,5";"873,9";"6,2";"269,0";"11,5";"1536,90";""
"26/02/2026";"1600";"20,2";"20,9";"19,7";"91,0";"94,0";"86,0";"18,7";"19,1";"18,2";"873,1";"874,0";"873,1";"5,9";"273,0";"12,3";"1518,10";""
"26/02/2026";"1700";"21,1";"21,3";"19,9";"88,0";"93,0";"87,0";"19,0";"19,4";"18,2";"872,3";"873,1";"872,3";"4,6";"278,0";"13,2";"1660,10";""
"26/02/2026";"1800";"21,1";"22,1";"20,1";"85,0";"92,0";"83,0";"18,5";"20,0";"18,3";"871,6";"872,3";"871,6";"5,8";"267,0";"13,0";"1742,60";""
"26/02/2026";"1900";"20,1";"21,1";"19,7";"93,0";"93,0";"85,0";"19,0";"19,3";"18,3";"870,6";"871,6";"870,6";"5,4";"267,0";"12,1";"1019,50";""
"26/02/2026";"2000";"19,5";"20,2";"19,3";"94,0";"94,0";"91,0";"18,4";"19,0";"18,1";"870,3";"870,7";"870,2";"5,9";"271,0";"13,3";"623,00";""
"26/02/2026";"2100";"19,4";"19,6";"19,3";"93,0";"94,0";"92,0";"18,2";"18,6";"18,0";"870,3";"870,3";"870,0";"5,5";"264,0";"11,5";"338,30";""
"26/02/2026";"2200";"19,3";"19,4";"19,3";"93,0";"93,0";"92,0";"18,1";"18,2";"18,0";"871,4";"871,4";"870,2";"5,0";"263,0";"11,5";"30,70";""
"26/02/2026";"2300";"19,2";"19,4";"19,2";"93,0";"93,0";"91,0";"18,0";"18,2";"17,9";"872,5";"872,5";"871,4";"4,1";"267,0";"10,6";"";""
"27/02/2026";"0000";"18,9";"19,2";"18,9";"92,0";"94,0";"92,0";"17,6";"18,0";"17,6";"873,5";"873,5";"872,5";"4,8";"272,0";"10,2";"";""
"27/02/2026";"0100";"19,0";"19,0";"18,8";"92,0";"93,0";"92,0";"17,7";"17,7";"17,5";"873,9";"873,9";"873,5";"3,4";"266,0";"9,8";"";""
"27/02/2026";"0200";"18,7";"19,0";"18,7";"94,0";"94,0";"92,0";"17,7";"17,8";"17,7";"873,7";"873,9";"873,7";"3,7";"275,0";"7,3";"";""
"27/02/2026";"0300";"18,8";"18,8";"18,6";"94,0";"94,0";"94,0";"17,7";"17,7";"17,6";"873,0";"873,7";"873,0";"3,6";"268,0";"7,8";"";""
"27/02/2026";"0400";"18,5";"18,8";"18,5";"96,0";"96,0";"94,0";"17,8";"17,8";"17,7";"872,5";"873,1";"872,5";"3,5";"275,0";"8,0";"";""
"27/02/2026";"0500";"18,6";"18,7";"18,5";"95,0";"96,0";"95,0";"17,8";"17,9";"17,8";"871,9";"872,5";"871,9";"3,5";"276,0";"8,1";"";""
"27/02/2026";"0600";"18,6";"18,6";"18,5";"95,0";"95,0";"95,0";"17,8";"17,8";"17,8";"871,6";"871,9";"871,5";"2,7";"273,0";"6,5";"";""
"27/02/2026";"0700";"18,5";"18,6";"18,5";"95,0";"96,0";"95,0";"17,7";"17,8";"17,7";"871,5";"871,7";"871,4";"2,8";"287,0";"5,8";"";""
"27/02/2026";"0800";"18,6";"18,6";"18,4";"96,0";"96,0";"95,0";"18,0";"18,0";"17,6";"871,5";"871,5";"871,4";"4,0";"278,0";"7,9";"";""
"27/02/2026";"0900";"18,6";"18,7";"18,6";"97,0";"97,0";"96,0";"18,1";"18,1";"18,0";"872,0";"872,0";"871,5";"3,7";"288,0";"8,2";"";""
"27/02/2026";"1000";"18,8";"18,8";"18,6";"96,0";"97,0";"96,0";"18,2";"18,2";"18,0";"872,6";"872,6";"872,0";"2,5";"277,0";"7,8";"54,10";""
"27/02/2026";"1100";"19,3";"19,5";"18,8";"95,0";"96,0";"95,0";"18,5";"18,8";"18,1";"873,5";"873,5";"872,5";"3,5";"271,0";"8,2";"339,90";""
"27/02/2026";"1200";"19,2";"19,3";"19,0";"95,0";"96,0";"95,0";"18,4";"18,7";"18,3";"874,2";"874,2";"873,5";"2,9";"274,0";"9,4";"332,00";""
"27/02/2026";"1300";"19,3";"19,4";"19,1";"95,0";"96,0";"95,0";"18,5";"18,7";"18,4";"874,6";"874,6";"874,2";"2,7";"261,0";"5,4";"305,10";""
"27/02/2026";"1400";"18,7";"19,4";"18,7";"96,0";"96,0";"95,0";"18,1";"18,8";"18,1";"874,7";"874,9";"874,6";"2,4";"201,0";"5,4";"238,50";""
"27/02/2026";"1500";"17,8";"18,7";"17,6";"96,0";"96,0";"96,0";"17,2";"18,0";"17,0";"874,4";"874,8";"874,4";"1,2";"247,0";"4,3";"141,40";""
"27/02/2026";"1600";"18,5";"18,5";"17,8";"96,0";"97,0";"96,0";"17,9";"17,9";"17,2";"873,5";"874,4";"873,5";"1,4";"304,0";"3,1";"296,20";""
"27/02/2026";"1700";"20,2";"20,3";"18,4";"87,0";"96,0";"87,0";"17,9";"19,0";"17,4";"872,3";"873,5";"872,3";"2,4";"276,0";"4,4";"911,60";""
"27/02/2026";"1800";"21,2";"22,5";"20,2";"86,0";"89,0";"81,0";"18,8";"19,5";"18,1";"871,6";"872,4";"871,6";"4,2";"280,0";"7,4";"1923,40";""
"27/02/2026";"1900";"20,2";"21,6";"20,0";"91,0";"92,0";"85,0";"18,7";"19,3";"18,2";"871,3";"871,6";"871,3";"4,0";"275,0";"9,3";"1002,10";""
"27/02/2026";"2000";"20,5";"21,1";"20,3";"88,0";"92,0";"86,0";"18,4";"19,6";"18,3";"871,0";"871,3";"871,0";"5,1";"285,0";"9,9";"903,30";""
"27/02/2026";"2100";"19,9";"20,7";"19,9";"90,0";"91,0";"87,0";"18,3";"18,9";"18,2";"871,8";"871,8";"871,0";"3,4";"270,0";"9,9";"397,20";""
"27/02/2026";"2200";"19,5";"19,9";"19,5";"94,0";"94,0";"90,0";"18,4";"18,5";"18,3";"872,7";"872,7";"871,8";"2,2";"269,0";"7,0";"53,80";""
"27/02/2026";"2300";"19,4";"19,5";"19,4";"92,0";"94,0";"92,0";"18,1";"18,4";"18,1";"873,2";"873,2";"872,7";"2,8";"284,0";"6,6";"";""
"28/02/2026";"0000";"19,5";"19,6";"19,4";"91,0";"92,0";"91,0";"18,0";"18,2";"18,0";"874,1";"874,1";"873,2";"3,3";"285,0";"6,8";"";""
"28/02/2026";"0100";"19,3";"19,5";"19,3";"92,0";"92,0";"90,0";"18,0";"18,0";"17,9";"874,6";"874,6";"874,1";"3,4";"279,0";"6,7";"";""
"28/02/2026";"0200";"19,3";"19,4";"19,3";"92,0";"92,0";"91,0";"17,9";"18,0";"17,8";"874,5";"874,7";"874,5";"4,1";"282,0";"8,1";"";""
"28/02/2026";"0300";"19,3";"19,4";"19,3";"93,0";"94,0";"92,0";"18,2";"18,3";"18,0";"873,9";"874,5";"873,8";"4,6";"273,0";"8,5";"";""
"28/02/2026";"0400";"18,9";"19,4";"18,9";"94,0";"94,0";"93,0";"18,0";"18,3";"17,9";"873,4";"874,0";"873,4";"3,3";"273,0";"8,2";"";""
"28/02/2026";"0500";"18,6";"18,9";"18,6";"96,0";"96,0";"94,0";"17,9";"18,1";"17,9";"873,0";"873,4";"873,0";"0,6";"284,0";"5,6";"";""
"28/02/2026";"0600";"18,4";"18,6";"18,3";"96,0";"96,0";"95,0";"17,7";"17,9";"17,6";"872,8";"873,0";"872,8";"1,5";"275,0";"2,5";"";""
"28/02/2026";"0700";"18,3";"18,4";"18,3";"96,0";"96,0";"96,0";"17,8";"17,8";"17,7";"872,9";"872,9";"872,8";"2,0";"281,0";"4,6";"";""
"28/02/2026";"0800";"18,2";"18,3";"18,1";"95,0";"96,0";"95,0";"17,4";"17,7";"17,4";"872,9";"872,9";"872,7";"3,8";"285,0";"7,8";"";""
"28/02/2026";"0900";"18,1";"18,2";"18,1";"96,0";"96,0";"95,0";"17,5";"17,6";"17,4";"872,9";"873,0";"872,8";"3,3";"275,0";"7,8";"";""
"28/02/2026";"1000";"18,4";"18,4";"18,1";"95,0";"96,0";"95,0";"17,6";"17,7";"17,4";"873,2";"873,3";"872,9";"3,8";"282,0";"8,3";"89,40";""
"28/02/2026";"1100";"19,4";"19,7";"18,4";"92,0";"95,0";"91,0";"18,0";"18,5";"17,6";"874,0";"874,0";"873,2";"3,8";"274,0";"8,3";"848,90";""
"28/02/2026";"1200";"20,7";"20,7";"19,4";"89,0";"93,0";"89,0";"18,8";"18,8";"18,0";"874,7";"874,7";"874,0";"3,6";"268,0";"7,5";"1091,90";""
"28/02/2026";"1300";"23,2";"23,3";"20,7";"78,0";"89,0";"78,0";"19,1";"19,7";"18,5";"874,8";"874,9";"874,7";"4,1";"285,0";"7,4";"2333,80";""
"28/02/2026";"1400";"22,9";"23,7";"21,7";"78,0";"83,0";"75,0";"18,9";"19,6";"17,9";"874,6";"874,9";"874,6";"4,1";"291,0";"8,2";"1755,50";""
"28/02/2026";"1500";"20,4";"22,9";"20,1";"91,0";"93,0";"76,0";"18,8";"19,5";"18,0";"874,4";"874,7";"874,4";"3,3";"276,0";"9,5";"1136,00";""
"28/02/2026";"1600";"21,7";"21,8";"20,3";"82,0";"92,0";"82,0";"18,5";"19,4";"18,5";"873,3";"874,4";"873,3";"3,6";"297,0";"6,7";"981,80";""
"28/02/2026";"1700";"22,3";"22,5";"21,7";"79,0";"84,0";"78,0";"18,5";"19,2";"18,2";"872,5";"873,3";"872,5";"3,3";"277,0";"6,9";"1094,00";""
"28/02/2026";"1800";"21,6";"22,8";"21,6";"83,0";"83,0";"77,0";"18,5";"19,0";"18,2";"871,8";"872,5";"871,8";"3,1";"289,0";"7,7";"1143,70";""
"28/02/2026";"1900";"21,4";"21,7";"21,3";"84,0";"84,0";"81,0";"18,5";"18,7";"17,9";"871,5";"871,9";"871,5";"3,1";"287,0";"6,7";"889,60";""
"28/02/2026";"2000";"20,7";"21,4";"20,6";"86,0";"87,0";"83,0";"18,2";"18,6";"18,1";"871,2";"871,6";"871,2";"2,6";"272,0";"5,9";"452,40";""
"28/02/2026";"2100";"20,1";"20,7";"20,1";"89,0";"89,0";"86,0";"18,3";"18,5";"18,2";"871,6";"871,6";"871,2";"3,0";"271,0";"5,1";"308,80";""
"28/02/2026";"2200";"19,2";"20,1";"19,2";"92,0";"92,0";"89,0";"17,8";"18,2";"17,7";"872,0";"872,0";"871,5";"1,3";"245,0";"5,0";"37,30";""
"28/02/2026";"2300";"18,9";"19,2";"18,7";"93,0";"93,0";"92,0";"17,8";"17,9";"17,5";"872,7";"872,7";"872,0";"1,2";"222,0";"3,1";"";""
"01/03/2026";"0000";"17,9";"18,9";"17,8";"95,0";"95,0";"93,0";"17,1";"17,8";"16,9";"873,3";"873,3";"872,7";"0,2";"212,0";"2,4";"";""
"01/03/2026";"0100";"18,1";"18,3";"17,8";"95,0";"96,0";"95,0";"17,4";"17,7";"17,0";"874,0";"874,1";"873,2";"0,1";"231,0";"2,5";"";""
"01/03/2026";"0200";"18,2";"18,3";"18,0";"96,0";"96,0";"95,0";"17,5";"17,6";"17,3";"874,4";"874,4";"874,0";"1,0";"227,0";"2,3";"";""
"01/03/2026";"0300";"18,3";"18,3";"18,0";"96,0";"96,0";"96,0";"17,7";"17,7";"17,3";"874,1";"874,4";"874,0";"1,7";"276,0";"4,0";"";""
"01/03/2026";"0400";"18,8";"18,8";"18,3";"96,0";"96,0";"96,0";"18,2";"18,2";"17,6";"873,8";"874,3";"873,8";"2,1";"255,0";"3,8";"";""
"01/03/2026";"0500";"18,9";"18,9";"18,8";"97,0";"97,0";"96,0";"18,4";"18,4";"18,2";"873,0";"873,8";"873,0";"1,7";"242,0";"3,4";"";""
"01/03/2026";"0600";"18,9";"18,9";"18,9";"96,0";"97,0";"96,0";"18,3";"18,4";"18,3";"872,8";"873,1";"872,8";"1,8";"269,0";"3,8";"";""
"01/03/2026";"0700";"18,8";"19,0";"18,8";"96,0";"96,0";"96,0";"18,1";"18,4";"18,1";"873,0";"873,0";"872,7";"2,3";"239,0";"4,2";"";""
"01/03/2026";"0800";"18,6";"18,9";"18,6";"96,0";"96,0";"96,0";"18,0";"18,3";"18,0";"873,2";"873,2";"873,0";"1,4";"252,0";"4,2";"";""
"01/03/2026";"0900";"18,6";"18,7";"18,5";"96,0";"96,0";"96,0";"18,0";"18,1";"17,9";"873,7";"873,7";"873,2";"0,9";"156,0";"2,3";"";""
"01/03/2026";"1000";"18,4";"18,6";"18,4";"95,0";"96,0";"95,0";"17,6";"18,0";"17,6";"873,8";"873,8";"873,6";"1,8";"176,0";"3,4";"61,30";""
"01/03/2026";"1100";"19,7";"19,7";"18,4";"89,0";"95,0";"88,0";"17,9";"18,1";"17,4";"874,2";"874,2";"873,7";"1,1";"123,0";"3,4";"329,80";""
"01/03/2026";"1200";"21,2";"21,3";"19,7";"84,0";"90,0";"80,0";"18,5";"19,0";"17,0";"874,8";"874,8";"874,2";"1,6";"49,0";"3,1";"964,90";""
"01/03/2026";"1300";"21,9";"21,9";"20,9";"81,0";"86,0";"81,0";"18,4";"18,9";"18,0";"875,1";"875,1";"874,8";"1,6";"54,0";"3,5";"717,20";""
"01/03/2026";"1400";"24,0";"24,0";"21,5";"71,0";"83,0";"70,0";"18,5";"19,0";"17,7";"875,0";"875,2";"875,0";"1,2";"102,0";"4,0";"2145,70";""
"01/03/2026";"1500";"25,4";"26,1";"23,3";"64,0";"74,0";"60,0";"18,0";"19,0";"16,9";"874,1";"875,0";"874,1";"2,3";"96,0";"4,2";"2932,70";""
"01/03/2026";"1600";"24,8";"26,8";"24,8";"65,0";"66,0";"56,0";"17,7";"19,0";"16,2";"873,2";"874,1";"873,2";"1,6";"107,0";"4,1";"2432,50";""
"01/03/2026";"1700";"27,4";"28,1";"24,7";"61,0";"67,0";"53,0";"19,1";"20,5";"16,6";"872,5";"873,2";"872,5";"3,5";"59,0";"6,9";"4071,90";""
"01/03/2026";"1800";"22,9";"28,0";"22,9";"78,0";"79,0";"60,0";"19,0";"20,8";"18,7";"872,1";"872,5";"872,0";"2,3";"36,0";"6,9";"1241,40";""
"01/03/2026";"1900";"17,3";"22,9";"15,9";"97,0";"97,0";"77,0";"16,7";"19,1";"14,8";"872,2";"873,0";"872,0";"2,6";"64,0";"13,0";"63,50";""
"01/03/2026";"2000";"18,4";"18,5";"17,2";"97,0";"97,0";"97,0";"17,9";"18,0";"16,7";"871,8";"872,2";"871,7";"0,2";"205,0";"5,0";"357,40";""
"01/03/2026";"2100";"18,5";"18,9";"18,4";"97,0";"97,0";"97,0";"18,0";"18,4";"18,0";"871,9";"872,0";"871,7";"1,1";"268,0";"2,0";"165,40";""
"01/03/2026";"2200";"18,4";"18,7";"18,3";"97,0";"97,0";"97,0";"17,9";"18,2";"17,8";"872,2";"872,2";"871,9";"0,5";"246,0";"2,1";"10,30";""
"01/03/2026";"2300";"18,2";"18,4";"18,2";"97,0";"97,0";"97,0";"17,7";"17,9";"17,7";"872,8";"872,8";"872,2";"0,2";"83,0";"2,0";"";""
"02/03/2026";"0000";"17,5";"18,2";"17,5";"97,0";"97,0";"97,0";"17,1";"17,7";"17,1";"873,4";"873,4";"872,8";"0,3";"288,0";"1,5";"";""
"02/03/2026";"0100";"17,8";"18,1";"17,3";"97,0";"97,0";"97,0";"17,3";"17,7";"16,9";"874,2";"874,2";"873,5";"1,2";"231,0";"2,5";"";""
"02/03/2026";"0200";"18,2";"18,3";"17,8";"97,0";"97,0";"97,0";"17,7";"17,8";"17,4";"874,2";"874,3";"874,1";"0,5";"224,0";"3,2";"";""
"02/03/2026";"0300";"18,4";"18,4";"18,2";"97,0";"97,0";"97,0";"17,9";"17,9";"17,8";"873,7";"874,2";"873,7";"2,4";"265,0";"4,7";"";""
"02/03/2026";"0400";"18,2";"18,4";"18,2";"97,0";"97,0";"97,0";"17,7";"17,9";"17,7";"873,6";"873,8";"873,6";"1,6";"263,0";"4,7";"";""
"02/03/2026";"0500";"18,0";"18,2";"18,0";"97,0";"97,0";"97,0";"17,6";"17,7";"17,5";"873,2";"873,7";"873,2";"0,6";"229,0";"3,5";"";""
"02/03/2026";"0600";"18,0";"18,1";"17,9";"97,0";"97,0";"97,0";"17,5";"17,6";"17,4";"872,9";"873,3";"872,9";"0,6";"232,0";"2,0";"";""
"02/03/2026";"0700";"18,1";"18,1";"17,7";"97,0";"97,0";"97,0";"17,6";"17,6";"17,3";"873,0";"873,0";"872,8";"0,9";"248,0";"2,4";"";""
"02/03/2026";"0800";"18,5";"18,6";"18,1";"97,0";"97,0";"97,0";"18,1";"18,1";"17,6";"873,4";"873,4";"873,0";"2,0";"249,0";"3,3";"";""
"02/03/2026";"0900";"18,2";"18,6";"18,1";"97,0";"97,0";"97,0";"17,7";"18,1";"17,6";"873,5";"873,5";"873,4";"1,9";"257,0";"3,6";"";""
"02/03/2026";"1000";"18,8";"18,8";"18,2";"97,0";"97,0";"97,0";"18,2";"18,3";"17,7";"873,9";"873,9";"873,5";"1,9";"259,0";"3,8";"71,50";""
"02/03/2026";"1100";"20,2";"20,3";"18,8";"92,0";"97,0";"92,0";"18,9";"19,1";"18,2";"874,4";"874,4";"873,9";"2,5";"253,0";"4,6";"607,50";""
"02/03/2026";"1200";"22,5";"22,5";"20,1";"83,0";"93,0";"82,0";"19,4";"19,8";"18,5";"874,9";"874,9";"874,4";"2,4";"262,0";"5,7";"1363,20";""
"02/03/2026";"1300";"22,8";"24,0";"21,2";"78,0";"85,0";"73,0";"18,7";"19,5";"18,3";"875,1";"875,1";"874,9";"2,8";"240,0";"5,6";"1887,40";""
"02/03/2026";"1400";"23,8";"24,2";"21,8";"76,0";"83,0";"72,0";"19,4";"20,1";"18,3";"874,8";"875,1";"874,8";"3,3";"251,0";"6,8";"2029,20";""
"02/03/2026";"1500";"23,4";"24,8";"22,2";"76,0";"84,0";"69,0";"19,0";"20,2";"18,3";"874,4";"874,8";"874,4";"3,2";"252,0";"7,3";"2196,10";""
"02/03/2026";"1600";"23,7";"25,2";"23,0";"74,0";"77,0";"67,0";"18,8";"19,6";"18,0";"873,7";"874,4";"873,7";"2,0";"269,0";"6,3";"1657,00";""
"02/03/2026";"1700";"21,4";"23,8";"20,6";"89,0";"93,0";"72,0";"19,6";"20,1";"18,3";"873,0";"873,7";"873,0";"2,3";"286,0";"5,6";"726,70";""
"02/03/2026";"1800";"22,5";"22,7";"21,5";"82,0";"91,0";"82,0";"19,3";"20,2";"19,3";"872,6";"873,0";"872,3";"3,2";"292,0";"5,3";"1103,90";""
"02/03/2026";"1900";"24,1";"24,1";"22,5";"75,0";"84,0";"74,0";"19,5";"19,8";"18,4";"872,2";"872,6";"872,2";"2,6";"291,0";"5,9";"1301,50";""
"02/03/2026";"2000";"24,7";"25,6";"24,0";"69,0";"75,0";"65,0";"18,5";"19,8";"17,8";"871,8";"872,3";"871,7";"2,2";"226,0";"5,7";"1513,00";""
"02/03/2026";"2100";"22,7";"24,7";"22,7";"81,0";"81,0";"69,0";"19,2";"19,5";"18,6";"872,6";"872,6";"871,7";"1,7";"148,0";"4,9";"351,20";""
"02/03/2026";"2200";"20,5";"22,7";"20,5";"91,0";"91,0";"79,0";"19,0";"19,3";"18,6";"873,0";"873,0";"872,6";"0,2";"301,0";"3,1";"56,50";""
"02/03/2026";"2300";"20,0";"20,5";"20,0";"92,0";"93,0";"91,0";"18,6";"19,0";"18,6";"873,6";"873,7";"873,0";"1,5";"301,0";"2,5";"";""
"03/03/2026";"0000";"18,9";"20,0";"18,9";"94,0";"94,0";"91,0";"18,0";"18,6";"18,0";"874,2";"874,2";"873,6";"0,7";"332,0";"2,5";"";""
"03/03/2026";"0100";"19,8";"19,8";"18,9";"95,0";"95,0";"94,0";"18,9";"18,9";"18,0";"874,9";"874,9";"874,2";"1,0";"17,0";"2,1";"";""
"03/03/2026";"0200";"20,1";"20,2";"19,8";"91,0";"95,0";"91,0";"18,6";"19,1";"18,6";"875,3";"875,3";"874,9";"1,8";"58,0";"5,0";"";""
"03/03/2026";"0300";"19,6";"20,2";"19,6";"93,0";"93,0";"90,0";"18,5";"18,7";"18,0";"875,1";"875,3";"875,0";"3,1";"53,0";"5,5";"";""
"03/03/2026";"0400";"19,4";"19,6";"19,4";"95,0";"95,0";"93,0";"18,7";"18,7";"18,5";"874,6";"875,1";"874,6";"2,2";"66,0";"5,5";"";""
"03/03/2026";"0500";"18,3";"19,4";"18,0";"97,0";"97,0";"93,0";"17,8";"18,7";"17,2";"874,5";"874,8";"874,5";"1,5";"57,0";"6,2";"";""
"03/03/2026";"0600";"18,3";"18,3";"18,2";"97,0";"97,0";"97,0";"17,8";"17,8";"17,7";"873,6";"874,5";"873,6";"3,1";"31,0";"5,4";"";""
"03/03/2026";"0700";"18,4";"18,4";"18,3";"97,0";"97,0";"97,0";"17,9";"17,9";"17,8";"873,0";"873,6";"873,0";"2,8";"42,0";"5,4";"";""
"03/03/2026";"0800";"18,4";"18,4";"18,3";"97,0";"97,0";"97,0";"17,9";"17,9";"17,9";"873,3";"873,3";"872,9";"0,8";"253,0";"4,6";"";""
"03/03/2026";"0900";"18,1";"18,4";"18,0";"97,0";"97,0";"97,0";"17,7";"17,9";"17,5";"873,7";"873,7";"873,1";"1,0";"225,0";"1,9";"";""
"03/03/2026";"1000";"18,8";"18,8";"18,0";"97,0";"97,0";"97,0";"18,4";"18,4";"17,6";"873,9";"873,9";"873,6";"0,0";"15,0";"1,9";"204,70";""
"03/03/2026";"1100";"19,4";"20,0";"18,6";"96,0";"97,0";"96,0";"18,9";"19,5";"18,2";"874,9";"874,9";"873,9";"1,6";"41,0";"3,3";"692,00";""
"03/03/2026";"1200";"20,3";"20,5";"19,1";"88,0";"96,0";"88,0";"18,3";"19,0";"18,2";"875,4";"875,4";"874,9";"2,1";"83,0";"3,7";"857,90";""
"03/03/2026";"1300";"23,9";"24,0";"20,3";"72,0";"90,0";"71,0";"18,4";"19,6";"17,9";"875,4";"875,4";"875,4";"0,5";"175,0";"3,7";"2385,90";""
"03/03/2026";"1400";"24,9";"25,4";"23,4";"68,0";"77,0";"67,0";"18,7";"20,4";"18,1";"875,7";"875,7";"875,4";"1,4";"37,0";"3,7";"2296,40";""
"03/03/2026";"1500";"23,4";"25,7";"22,3";"83,0";"86,0";"65,0";"20,4";"20,9";"18,0";"875,4";"875,7";"875,4";"0,9";"44,0";"5,6";"1574,60";""
"03/03/2026";"1600";"21,4";"23,7";"21,4";"88,0";"92,0";"82,0";"19,3";"21,3";"19,2";"875,0";"875,4";"874,9";"1,3";"104,0";"6,0";"684,10";""
"03/03/2026";"1700";"19,1";"21,4";"18,8";"95,0";"95,0";"88,0";"18,2";"19,5";"17,6";"874,1";"875,1";"874,1";"1,8";"279,0";"5,2";"281,90";""
"03/03/2026";"1800";"20,5";"20,5";"19,1";"93,0";"95,0";"92,0";"19,4";"19,5";"18,2";"873,4";"874,1";"873,4";"1,3";"246,0";"3,1";"462,20";""
"03/03/2026";"1900";"21,6";"21,7";"20,6";"87,0";"93,0";"87,0";"19,4";"20,1";"19,2";"873,4";"873,4";"873,3";"0,7";"233,0";"2,4";"550,20";""
"03/03/2026";"2000";"23,2";"23,4";"21,5";"75,0";"90,0";"73,0";"18,6";"20,1";"18,2";"873,0";"873,4";"872,9";"1,2";"206,0";"2,1";"725,70";""
"03/03/2026";"2100";"23,0";"24,5";"22,3";"77,0";"80,0";"70,0";"18,8";"19,6";"17,6";"873,3";"873,3";"872,9";"0,0";"184,0";"2,1";"467,80";""
"03/03/2026";"2200";"20,2";"23,0";"20,2";"91,0";"92,0";"77,0";"18,7";"19,2";"18,4";"873,7";"873,7";"873,3";"0,8";"52,0";"1,7";"17,20";""
"03/03/2026";"2300";"19,3";"20,8";"19,3";"92,0";"92,0";"85,0";"17,9";"18,7";"17,9";"873,8";"874,1";"873,6";"2,4";"54,0";"6,5";"";""
"04/03/2026";"0000";"18,5";"19,3";"18,5";"95,0";"95,0";"91,0";"17,7";"18,0";"17,7";"874,5";"874,5";"873,8";"1,6";"33,0";"5,1";"";""
"04/03/2026";"0100";"18,1";"18,5";"18,0";"94,0";"95,0";"94,0";"17,0";"17,8";"17,0";"875,8";"875,8";"874,5";"1,2";"3,0";"3,0";"";""
"04/03/2026";"0200";"18,4";"18,5";"18,0";"93,0";"94,0";"92,0";"17,3";"17,3";"16,9";"875,8";"875,9";"875,8";"2,3";"317,0";"2,9";"";""
"04/03/2026";"0300";"17,8";"18,5";"17,7";"95,0";"95,0";"93,0";"17,0";"17,4";"16,9";"875,5";"875,8";"875,4";"0,9";"70,0";"2,7";"";""
"04/03/2026";"0400";"18,5";"18,5";"17,8";"91,0";"95,0";"91,0";"17,1";"17,2";"17,0";"875,2";"875,5";"875,2";"1,4";"53,0";"2,4";"";""
"04/03/2026";"0500";"18,3";"18,6";"18,2";"94,0";"95,0";"91,0";"17,2";"17,3";"17,1";"874,7";"875,2";"874,7";"1,6";"29,0";"3,2";"";""
"04/03/2026";"0600";"17,6";"18,3";"17,6";"96,0";"96,0";"93,0";"16,9";"17,3";"16,7";"874,1";"874,7";"874,1";"0,0";"145,0";"2,5";"";""
"04/03/2026";"0700";"19,4";"19,4";"17,6";"86,0";"96,0";"86,0";"17,1";"17,3";"16,9";"874,2";"874,2";"873,9";"2,2";"58,0";"3,7";"";""
"04/03/2026";"0800";"18,4";"19,5";"18,4";"92,0";"92,0";"86,0";"17,0";"17,1";"16,9";"874,0";"874,2";"874,0";"1,8";"46,0";"3,8";"";""
"04/03/2026";"0900";"17,3";"18,4";"17,3";"94,0";"94,0";"92,0";"16,3";"17,1";"16,3";"874,3";"874,4";"874,0";"0,7";"75,0";"3,7";"";""
"04/03/2026";"1000";"18,4";"18,4";"16,9";"97,0";"97,0";"94,0";"17,9";"17,9";"16,1";"874,8";"874,8";"874,3";"0,1";"70,0";"1,8";"98,30";""
"04/03/2026";"1100";"21,2";"21,5";"18,3";"86,0";"97,0";"83,0";"18,8";"18,8";"17,7";"875,5";"875,5";"874,8";"2,5";"57,0";"4,3";"754,10";""
"04/03/2026";"1200";"22,1";"22,7";"21,1";"80,0";"86,0";"79,0";"18,6";"19,6";"18,3";"876,0";"876,0";"875,5";"3,5";"61,0";"6,0";"1583,90";""
"04/03/2026";"1300";"23,9";"24,5";"21,9";"72,0";"84,0";"68,0";"18,6";"19,6";"17,5";"876,5";"876,5";"876,0";"2,5";"68,0";"5,8";"2007,60";""
"04/03/2026";"1400";"25,0";"25,9";"23,7";"64,0";"74,0";"59,0";"17,9";"19,5";"17,0";"876,8";"876,8";"876,5";"1,5";"40,0";"6,0";"2697,40";""
"04/03/2026";"1500";"26,3";"26,5";"24,0";"61,0";"69,0";"57,0";"18,1";"18,8";"16,6";"876,2";"876,9";"876,2";"3,6";"43,0";"6,7";"2797,40";""
"04/03/2026";"1600";"26,3";"27,1";"25,7";"53,0";"63,0";"49,0";"16,0";"18,9";"15,1";"874,9";"876,2";"874,9";"3,8";"70,0";"6,9";"3842,20";""
"04/03/2026";"1700";"27,0";"27,5";"25,9";"53,0";"56,0";"48,0";"16,5";"17,3";"14,4";"874,0";"874,9";"874,0";"3,8";"82,0";"8,3";"3638,60";""
"04/03/2026";"1800";"25,9";"27,6";"25,8";"51,0";"56,0";"45,0";"15,0";"16,8";"13,4";"873,3";"874,0";"873,3";"3,2";"99,0";"7,2";"2922,80";""
"04/03/2026";"1900";"26,2";"27,1";"25,5";"53,0";"57,0";"50,0";"16,0";"17,7";"14,9";"872,7";"873,3";"872,7";"2,4";"106,0";"6,1";"2093,50";""
"04/03/2026";"2000";"25,3";"26,4";"25,1";"57,0";"59,0";"53,0";"16,2";"16,9";"15,5";"872,7";"872,8";"872,5";"1,8";"113,0";"6,1";"1289,20";""
"04/03/2026";"2100";"23,5";"25,3";"23,5";"69,0";"69,0";"56,0";"17,5";"17,6";"16,0";"873,4";"873,4";"872,8";"1,7";"36,0";"4,0";"408,60";""
"04/03/2026";"2200";"20,8";"23,5";"20,8";"81,0";"81,0";"69,0";"17,3";"17,6";"17,3";"874,2";"874,2";"873,4";"1,8";"352,0";"3,1";"29,90";""
"04/03/2026";"2300";"19,2";"20,8";"19,1";"88,0";"88,0";"81,0";"17,2";"17,4";"17,0";"874,9";"874,9";"874,3";"0,0";"42,0";"2,6";"";""
"05/03/2026";"0000";"18,6";"19,3";"18,5";"90,0";"90,0";"87,0";"16,9";"17,1";"16,5";"875,2";"875,2";"874,9";"0,4";"13,0";"1,4";"";""
"05/03/2026";"0100";"18,3";"18,8";"18,2";"91,0";"91,0";"88,0";"16,9";"16,9";"16,5";"875,3";"875,3";"875,1";"0,5";"58,0";"0,9";"";""
"05/03/2026";"0200";"19,3";"19,3";"18,3";"86,0";"91,0";"86,0";"17,0";"17,1";"16,7";"875,7";"875,7";"875,3";"0,4";"108,0";"1,4";"";""
"05/03/2026";"0300";"19,7";"20,1";"19,3";"88,0";"88,0";"85,0";"17,7";"17,8";"17,1";"875,3";"875,8";"875,3";"1,9";"24,0";"3,4";"";""
"05/03/2026";"0400";"19,2";"19,7";"19,2";"91,0";"91,0";"88,0";"17,8";"18,1";"17,7";"875,2";"875,3";"875,1";"0,0";"190,0";"3,3";"";""
"05/03/2026";"0500";"19,6";"19,6";"19,0";"89,0";"94,0";"89,0";"17,7";"18,2";"17,7";"874,8";"875,2";"874,7";"2,4";"63,0";"3,5";"";""
"05/03/2026";"0600";"18,8";"19,6";"18,8";"92,0";"92,0";"89,0";"17,5";"17,7";"17,4";"874,3";"874,8";"874,3";"0,8";"92,0";"3,6";"";""
"05/03/2026";"0700";"19,3";"19,3";"18,4";"91,0";"94,0";"91,0";"17,7";"17,8";"17,1";"874,3";"874,4";"874,2";"1,6";"53,0";"2,8";"";""
"05/03/2026";"0800";"18,8";"19,3";"18,8";"91,0";"91,0";"90,0";"17,4";"17,7";"17,3";"874,5";"874,5";"874,2";"1,1";"53,0";"3,4";"";""
"05/03/2026";"0900";"18,9";"19,0";"18,7";"91,0";"93,0";"91,0";"17,5";"17,7";"17,4";"874,6";"874,7";"874,5";"1,6";"77,0";"3,5";"";""
"05/03/2026";"1000";"19,2";"19,2";"18,8";"91,0";"92,0";"91,0";"17,7";"17,8";"17,4";"875,1";"875,1";"874,6";"2,9";"76,0";"6,2";"81,50";""
"05/03/2026";"1100";"20,4";"21,0";"19,2";"85,0";"91,0";"83,0";"17,9";"18,5";"17,6";"876,2";"876,2";"875,0";"3,3";"88,0";"6,7";"573,00";""
"05/03/2026";"1200";"22,4";"23,4";"20,3";"76,0";"86,0";"76,0";"18,1";"19,8";"17,8";"876,7";"876,7";"876,2";"3,2";"72,0";"6,0";"1301,70";""
"05/03/2026";"1300";"24,2";"24,4";"21,6";"73,0";"84,0";"68,0";"19,0";"19,3";"17,6";"876,8";"876,9";"876,7";"3,6";"68,0";"8,4";"2436,50";""
"05/03/2026";"1400";"23,9";"25,5";"22,9";"72,0";"78,0";"65,0";"18,5";"19,6";"17,2";"876,7";"876,8";"876,6";"2,9";"43,0";"7,6";"2661,80";""
"05/03/2026";"1500";"26,2";"26,2";"23,9";"61,0";"74,0";"57,0";"18,0";"19,6";"16,0";"876,0";"876,7";"876,0";"3,9";"80,0";"7,9";"3083,90";""
"05/03/2026";"1600";"24,2";"26,9";"24,1";"66,0";"67,0";"55,0";"17,3";"18,5";"16,4";"875,0";"876,0";"875,0";"3,3";"121,0";"7,9";"2176,40";""
"05/03/2026";"1700";"26,1";"26,2";"24,1";"63,0";"71,0";"58,0";"18,5";"19,3";"17,0";"874,1";"875,0";"874,1";"2,9";"115,0";"6,3";"2139,90";""
"05/03/2026";"1800";"27,2";"27,2";"24,0";"60,0";"72,0";"59,0";"18,7";"19,8";"17,0";"873,6";"874,3";"873,5";"3,4";"102,0";"9,7";"2364,50";""
"05/03/2026";"1900";"20,3";"27,3";"20,3";"92,0";"93,0";"57,0";"18,9";"19,8";"17,1";"873,9";"873,9";"873,5";"3,0";"80,0";"10,3";"826,50";""
"05/03/2026";"2000";"20,5";"20,6";"20,1";"92,0";"93,0";"91,0";"19,2";"19,4";"18,6";"873,6";"873,9";"873,6";"2,2";"76,0";"6,9";"494,70";""
"05/03/2026";"2100";"20,3";"20,6";"20,3";"94,0";"94,0";"90,0";"19,3";"19,3";"18,8";"874,3";"874,3";"873,5";"2,2";"69,0";"5,5";"239,70";""
"05/03/2026";"2200";"19,8";"20,4";"19,7";"94,0";"95,0";"93,0";"18,9";"19,4";"18,7";"874,7";"874,7";"874,3";"2,2";"64,0";"4,0";"34,30";""
"05/03/2026";"2300";"19,7";"19,8";"19,5";"95,0";"95,0";"94,0";"18,9";"18,9";"18,6";"875,3";"875,3";"874,7";"2,2";"65,0";"5,5";"";""
"06/03/2026";"0000";"19,5";"19,7";"19,4";"96,0";"96,0";"95,0";"18,8";"19,1";"18,7";"876,2";"876,2";"875,3";"2,1";"97,0";"4,9";"";""
"06/03/2026";"0100";"19,1";"19,5";"19,1";"96,0";"96,0";"96,0";"18,5";"18,9";"18,5";"876,4";"876,4";"876,1";"2,7";"64,0";"6,1";"";""
"06/03/2026";"0200";"19,2";"19,3";"19,1";"97,0";"97,0";"96,0";"18,7";"18,8";"18,5";"876,7";"876,8";"876,4";"2,2";"60,0";"5,8";"";""
"06/03/2026";"0300";"18,9";"19,2";"18,9";"97,0";"97,0";"97,0";"18,4";"18,7";"18,4";"876,5";"876,9";"876,5";"2,8";"54,0";"5,6";"0,10";""
"06/03/2026";"0400";"18,9";"19,0";"18,9";"97,0";"97,0";"97,0";"18,4";"18,5";"18,4";"876,0";"876,5";"876,0";"3,1";"56,0";"5,5";"0,40";""
"06/03/2026";"0500";"19,0";"19,0";"18,9";"97,0";"97,0";"97,0";"18,5";"18,5";"18,4";"875,5";"876,0";"875,5";"3,2";"54,0";"6,7";"0,30";""
"06/03/2026";"0600";"18,9";"19,0";"18,9";"97,0";"97,0";"97,0";"18,4";"18,5";"18,4";"875,0";"875,5";"875,0";"2,6";"59,0";"5,9";"0,60";""
"06/03/2026";"0700";"18,7";"18,9";"18,7";"97,0";"97,0";"97,0";"18,3";"18,5";"18,2";"874,9";"875,0";"874,8";"3,3";"56,0";"6,3";"";""
"06/03/2026";"0800";"18,7";"18,7";"18,7";"97,0";"97,0";"97,0";"18,3";"18,3";"18,2";"875,1";"875,1";"874,9";"2,1";"55,0";"6,8";"";""
"06/03/2026";"0900";"18,8";"18,8";"18,7";"97,0";"97,0";"97,0";"18,3";"18,4";"18,2";"875,5";"875,5";"875,1";"2,4";"50,0";"6,1";"";""
"06/03/2026";"1000";"18,7";"18,8";"18,6";"97,0";"97,0";"97,0";"18,2";"18,4";"18,2";"876,1";"876,1";"875,5";"2,9";"54,0";"5,8";"58,40";""
"06/03/2026";"1100";"19,1";"19,2";"18,7";"97,0";"97,0";"97,0";"18,7";"18,8";"18,3";"876,7";"876,7";"876,1";"2,8";"40,0";"5,9";"403,20";""
"06/03/2026";"1200";"20,4";"20,5";"19,0";"92,0";"97,0";"92,0";"19,0";"19,4";"18,5";"877,5";"877,5";"876,7";"3,7";"57,0";"7,4";"815,20";""
"06/03/2026";"1300";"20,7";"21,5";"20,4";"90,0";"92,0";"85,0";"19,1";"19,8";"18,3";"877,8";"877,8";"877,5";"3,0";"45,0";"7,4";"1160,60";""
"06/03/2026";"1400";"21,2";"21,9";"20,7";"88,0";"91,0";"85,0";"19,1";"20,1";"18,8";"877,7";"877,8";"877,7";"3,1";"48,0";"5,5";"1276,40";""
"06/03/2026";"1500";"20,6";"21,2";"20,2";"95,0";"96,0";"88,0";"19,8";"20,5";"18,9";"877,2";"877,8";"877,2";"2,6";"55,0";"6,4";"855,20";""
"06/03/2026";"1600";"22,5";"22,6";"20,2";"88,0";"96,0";"85,0";"20,3";"20,8";"19,2";"876,2";"877,2";"876,2";"3,4";"50,0";"6,6";"1933,00";""
"06/03/2026";"1700";"22,3";"23,6";"21,9";"84,0";"89,0";"80,0";"19,5";"20,7";"19,0";"875,3";"876,2";"875,3";"2,9";"40,0";"6,7";"1720,50";""
"06/03/2026";"1800";"22,2";"23,1";"22,2";"82,0";"85,0";"79,0";"19,0";"20,2";"18,7";"874,9";"875,3";"874,4";"3,8";"54,0";"6,4";"1314,20";""
"06/03/2026";"1900";"22,6";"22,6";"21,8";"80,0";"84,0";"79,0";"19,0";"19,3";"18,2";"874,3";"874,9";"874,2";"3,0";"41,0";"6,4";"1336,30";""
"06/03/2026";"2000";"21,3";"22,9";"21,3";"85,0";"85,0";"79,0";"18,7";"19,3";"18,4";"874,0";"874,3";"874,0";"2,7";"52,0";"5,1";"799,10";""
"06/03/2026";"2100";"20,7";"21,3";"20,7";"89,0";"89,0";"85,0";"18,8";"19,1";"18,6";"874,5";"874,5";"873,9";"2,0";"25,0";"5,1";"298,20";""
"06/03/2026";"2200";"20,2";"20,7";"20,2";"93,0";"93,0";"89,0";"19,0";"19,0";"18,9";"875,5";"875,5";"874,5";"1,8";"54,0";"3,7";"27,90";""
"06/03/2026";"2300";"19,9";"20,2";"19,9";"94,0";"94,0";"93,0";"18,9";"19,0";"18,9";"875,7";"875,7";"875,5";"0,1";"55,0";"3,1";"";""
"07/03/2026";"0000";"18,8";"19,9";"18,8";"94,0";"94,0";"94,0";"17,8";"18,9";"17,8";"876,5";"876,5";"875,7";"0,9";"356,0";"1,8";"";""
"07/03/2026";"0100";"19,3";"19,3";"18,8";"91,0";"94,0";"91,0";"17,8";"18,0";"17,7";"877,1";"877,1";"876,5";"0,4";"5,0";"1,8";"";""
"07/03/2026";"0200";"19,0";"19,3";"18,7";"89,0";"93,0";"89,0";"17,2";"17,8";"17,1";"877,0";"877,1";"876,9";"1,5";"28,0";"2,1";"";""
"07/03/2026";"0300";"17,9";"19,5";"17,9";"96,0";"96,0";"88,0";"17,3";"18,0";"17,2";"876,9";"877,0";"876,8";"3,7";"278,0";"10,0";"";""
"07/03/2026";"0400";"17,8";"17,9";"17,8";"95,0";"97,0";"95,0";"17,0";"17,3";"17,0";"876,7";"876,9";"876,7";"0,2";"45,0";"7,5";"";""
"07/03/2026";"0500";"17,9";"18,0";"17,7";"95,0";"96,0";"95,0";"17,2";"17,3";"16,8";"875,9";"876,8";"875,5";"0,8";"237,0";"4,1";"";""
"07/03/2026";"0600";"17,8";"18,1";"17,8";"96,0";"96,0";"95,0";"17,2";"17,4";"17,1";"875,1";"875,9";"875,1";"0,2";"208,0";"2,1";"";""
"07/03/2026";"0700";"17,5";"17,8";"17,4";"97,0";"97,0";"96,0";"16,9";"17,2";"16,8";"875,1";"875,1";"875,0";"0,0";"77,0";"2,2";"";""
"07/03/2026";"0800";"17,7";"17,7";"17,3";"97,0";"97,0";"97,0";"17,2";"17,2";"16,8";"875,7";"875,7";"874,9";"0,6";"307,0";"4,5";"";""
"07/03/2026";"0900";"17,6";"18,0";"17,5";"96,0";"97,0";"96,0";"17,0";"17,5";"16,9";"875,7";"875,8";"875,7";"0,9";"41,0";"1,6";"";""
"07/03/2026";"1000";"18,6";"18,6";"17,5";"94,0";"96,0";"94,0";"17,6";"17,7";"16,9";"876,2";"876,2";"875,7";"1,8";"42,0";"2,9";"82,30";""
"07/03/2026";"1100";"19,4";"19,6";"18,6";"92,0";"94,0";"92,0";"18,0";"18,5";"17,6";"876,6";"876,6";"876,2";"1,2";"33,0";"3,2";"344,60";""
"07/03/2026";"1200";"20,5";"20,5";"19,4";"89,0";"93,0";"89,0";"18,6";"19,0";"18,1";"877,3";"877,3";"876,6";"1,9";"35,0";"3,1";"635,10";""
"07/03/2026";"1300";"21,7";"21,9";"20,4";"83,0";"90,0";"82,0";"18,7";"19,6";"18,3";"877,3";"877,4";"877,3";"2,3";"61,0";"5,2";"1144,30";""
"07/03/2026";"1400";"23,2";"23,5";"21,4";"78,0";"85,0";"77,0";"19,0";"19,7";"18,3";"877,2";"877,3";"877,2";"2,4";"71,0";"4,3";"1671,90";""
"07/03/2026";"1500";"23,8";"24,0";"22,9";"77,0";"81,0";"76,0";"19,6";"20,1";"18,8";"876,7";"877,2";"876,7";"2,7";"90,0";"5,2";"1666,30";""
"07/03/2026";"1600";"24,9";"25,1";"23,8";"71,0";"80,0";"69,0";"19,2";"20,5";"18,9";"876,0";"876,7";"876,0";"2,9";"73,0";"5,8";"2223,30";""
"07/03/2026";"1700";"25,9";"27,3";"24,5";"66,0";"73,0";"57,0";"19,0";"20,7";"17,9";"875,1";"876,0";"875,1";"3,3";"62,0";"7,0";"2874,30";""
"07/03/2026";"1800";"24,7";"26,0";"24,6";"73,0";"73,0";"61,0";"19,6";"19,7";"17,5";"874,5";"875,1";"874,5";"2,9";"54,0";"7,0";"1308,30";""
"07/03/2026";"1900";"21,3";"24,8";"21,3";"78,0";"81,0";"70,0";"17,4";"20,0";"17,2";"874,3";"874,5";"874,2";"2,7";"274,0";"6,8";"549,20";""
"07/03/2026";"2000";"20,2";"21,3";"20,0";"91,0";"91,0";"75,0";"18,8";"18,8";"16,2";"874,6";"874,7";"874,2";"0,8";"55,0";"9,7";"128,40";""
"07/03/2026";"2100";"19,4";"20,3";"19,4";"92,0";"93,0";"91,0";"18,2";"18,7";"18,0";"874,4";"874,7";"874,3";"0,7";"27,0";"1,8";"116,90";""
"07/03/2026";"2200";"19,0";"19,5";"19,0";"95,0";"95,0";"92,0";"18,2";"18,3";"18,1";"874,2";"874,4";"874,2";"0,7";"319,0";"1,9";"15,80";""
"07/03/2026";"2300";"19,0";"19,2";"19,0";"95,0";"95,0";"95,0";"18,2";"18,4";"18,1";"874,5";"874,5";"874,2";"0,1";"4,0";"3,0";"";""
"08/03/2026";"0000";"18,3";"19,0";"18,3";"96,0";"96,0";"95,0";"17,6";"18,2";"17,6";"875,0";"875,0";"874,5";"0,4";"8,0";"1,5";"";""
"08/03/2026";"0100";"17,6";"18,2";"17,6";"95,0";"96,0";"95,0";"16,8";"17,5";"16,8";"875,3";"875,3";"875,0";"0,1";"12,0";"2,0";"";""
"08/03/2026";"0200";"17,2";"17,7";"17,1";"95,0";"96,0";"94,0";"16,4";"16,9";"16,3";"875,4";"875,4";"875,2";"0,0";"314,0";"1,6";"";""
"08/03/2026";"0300";"17,2";"17,4";"16,9";"95,0";"96,0";"95,0";"16,5";"16,6";"16,1";"875,2";"875,4";"875,2";"0,2";"74,0";"1,3";"";""
"08/03/2026";"0400";"18,0";"18,1";"17,1";"95,0";"96,0";"95,0";"17,2";"17,3";"16,4";"875,2";"875,4";"875,2";"1,3";"64,0";"1,8";"";""
"08/03/2026";"0500";"17,7";"18,2";"17,7";"95,0";"95,0";"94,0";"16,8";"17,4";"16,8";"874,7";"875,2";"874,7";"0,0";"1,0";"1,9";"";""
"08/03/2026";"0600";"18,2";"18,2";"17,6";"95,0";"96,0";"94,0";"17,4";"17,5";"16,8";"874,7";"874,7";"874,6";"0,7";"27,0";"1,4";"";""
"08/03/2026";"0700";"18,8";"18,9";"18,2";"94,0";"96,0";"94,0";"17,9";"17,9";"17,4";"874,6";"874,7";"874,5";"2,2";"37,0";"3,0";"";""
"08/03/2026";"0800";"18,6";"18,8";"18,6";"94,0";"94,0";"93,0";"17,5";"17,8";"17,5";"874,9";"874,9";"874,6";"1,1";"7,0";"3,0";"";""
"08/03/2026";"0900";"17,7";"18,6";"17,6";"96,0";"96,0";"94,0";"17,1";"17,5";"16,9";"875,1";"875,1";"874,9";"1,3";"49,0";"1,8";"";""
"08/03/2026";"1000";"18,6";"18,6";"17,7";"96,0";"96,0";"96,0";"18,0";"18,0";"17,0";"875,4";"875,4";"875,1";"0,6";"96,0";"1,7";"73,10";""
"08/03/2026";"1100";"21,1";"21,1";"18,6";"86,0";"96,0";"86,0";"18,7";"19,1";"18,0";"876,0";"876,0";"875,4";"2,1";"43,0";"3,6";"536,20";""
"08/03/2026";"1200";"24,5";"24,7";"21,1";"74,0";"89,0";"72,0";"19,6";"20,5";"18,4";"876,3";"876,4";"876,0";"3,4";"51,0";"6,7";"1615,10";""
"08/03/2026";"1300";"25,1";"25,4";"24,1";"71,0";"77,0";"68,0";"19,5";"20,3";"18,6";"876,5";"876,5";"876,3";"4,4";"52,0";"8,8";"2960,40";""
"08/03/2026";"1400";"26,4";"26,8";"24,7";"64,0";"72,0";"62,0";"19,1";"20,0";"18,4";"876,3";"876,6";"876,3";"3,7";"50,0";"8,2";"3018,90";""
"08/03/2026";"1500";"24,9";"27,3";"24,2";"71,0";"75,0";"60,0";"19,4";"20,4";"18,2";"875,6";"876,3";"875,5";"4,6";"73,0";"9,3";"3048,80";""
"08/03/2026";"1600";"23,4";"24,9";"22,0";"78,0";"86,0";"71,0";"19,4";"20,3";"18,7";"875,5";"875,8";"875,4";"2,8";"24,0";"9,9";"1412,20";""
"08/03/2026";"1700";"22,2";"24,0";"22,2";"82,0";"83,0";"74,0";"18,9";"20,0";"18,2";"874,7";"875,5";"874,7";"2,2";"29,0";"6,6";"995,90";""
"08/03/2026";"1800";"23,4";"23,8";"22,0";"80,0";"84,0";"71,0";"19,8";"19,9";"18,2";"874,5";"874,7";"874,3";"1,6";"71,0";"3,8";"959,70";""
"08/03/2026";"1900";"23,8";"23,9";"23,0";"74,0";"80,0";"71,0";"18,8";"19,4";"18,1";"874,1";"874,6";"874,0";"0,3";"323,0";"3,7";"916,60";""
"08/03/2026";"2000";"23,6";"24,1";"23,5";"70,0";"74,0";"65,0";"17,8";"18,8";"17,1";"873,6";"874,2";"873,6";"0,7";"13,0";"2,8";"529,00";""
"08/03/2026";"2100";"22,7";"23,6";"22,7";"80,0";"81,0";"69,0";"19,1";"19,3";"17,6";"873,5";"873,8";"873,5";"0,3";"47,0";"1,9";"299,00";""
"08/03/2026";"2200";"19,8";"22,8";"19,8";"91,0";"91,0";"78,0";"18,2";"19,2";"18,2";"874,0";"874,0";"873,5";"0,0";"299,0";"1,4";"29,80";""
"08/03/2026";"2300";"19,5";"20,0";"19,4";"90,0";"93,0";"89,0";"17,9";"18,5";"17,6";"874,5";"874,5";"874,0";"0,8";"349,0";"1,6";"";""
"09/03/2026";"0000";"18,8";"19,5";"18,6";"87,0";"91,0";"87,0";"16,6";"17,8";"16,6";"875,5";"875,5";"874,5";"1,8";"311,0";"2,6";"";""
"09/03/2026";"0100";"18,2";"19,2";"17,9";"88,0";"90,0";"84,0";"16,2";"16,7";"16,2";"876,1";"876,1";"875,5";"1,2";"5,0";"1,5";"";""
"09/03/2026";"0200";"17,4";"18,4";"17,4";"91,0";"91,0";"87,0";"16,0";"16,2";"15,8";"876,4";"876,5";"876,1";"0,0";"302,0";"1,5";"";""
"09/03/2026";"0300";"17,6";"17,9";"17,2";"90,0";"92,0";"89,0";"16,0";"16,3";"15,8";"876,1";"876,4";"876,1";"2,2";"312,0";"3,6";"";""
"09/03/2026";"0400";"17,3";"18,2";"17,3";"92,0";"92,0";"88,0";"16,1";"16,4";"15,9";"875,7";"876,2";"875,7";"0,0";"185,0";"3,6";"";""
"09/03/2026";"0500";"16,9";"17,4";"16,8";"94,0";"94,0";"92,0";"16,0";"16,4";"15,8";"875,5";"875,8";"875,5";"0,0";"302,0";"1,7";"";""
"09/03/2026";"0600";"17,0";"17,3";"16,9";"94,0";"95,0";"93,0";"16,0";"16,4";"15,8";"875,3";"875,5";"875,2";"0,8";"4,0";"1,5";"";""
"09/03/2026";"0700";"18,0";"18,0";"17,0";"93,0";"94,0";"93,0";"16,8";"16,9";"16,0";"875,0";"875,3";"875,0";"1,8";"5,0";"2,4";"";""
"09/03/2026";"0800";"17,3";"18,1";"17,3";"95,0";"95,0";"92,0";"16,4";"16,9";"16,3";"875,7";"875,7";"875,0";"0,7";"46,0";"2,4";"";""
"09/03/2026";"0900";"17,6";"17,7";"17,3";"96,0";"96,0";"94,0";"17,0";"17,0";"16,5";"876,0";"876,0";"875,6";"1,2";"27,0";"1,9";"";""
"09/03/2026";"1000";"19,6";"19,6";"17,2";"95,0";"97,0";"95,0";"18,7";"18,7";"16,5";"876,9";"876,9";"876,0";"1,1";"357,0";"2,1";"70,70";""
"09/03/2026";"1100";"23,2";"23,2";"19,6";"78,0";"95,0";"77,0";"19,1";"19,4";"18,3";"877,5";"877,5";"876,9";"1,2";"80,0";"2,2";"868,50";""
"09/03/2026";"1200";"25,2";"25,3";"23,0";"67,0";"78,0";"67,0";"18,7";"19,4";"18,0";"877,9";"878,0";"877,5";"2,4";"86,0";"4,1";"2009,90";""
"09/03/2026";"1300";"26,4";"27,2";"25,0";"62,0";"68,0";"61,0";"18,6";"19,8";"18,1";"878,1";"878,2";"877,9";"2,8";"83,0";"5,2";"2719,90";""
"09/03/2026";"1400";"26,6";"27,2";"25,7";"59,0";"66,0";"55,0";"18,0";"19,2";"17,2";"878,0";"878,2";"878,0";"3,1";"79,0";"5,9";"2975,70";""
"09/03/2026";"1500";"27,1";"28,1";"26,3";"57,0";"63,0";"47,0";"17,7";"19,3";"15,2";"877,5";"878,0";"877,5";"1,1";"6,0";"5,9";"3167,50";""
"09/03/2026";"1600";"27,2";"28,6";"26,3";"55,0";"63,0";"50,0";"17,4";"19,5";"16,0";"876,5";"877,5";"876,5";"2,7";"52,0";"5,2";"2955,30";""
"09/03/2026";"1700";"27,9";"28,8";"26,6";"54,0";"61,0";"48,0";"17,7";"19,2";"16,5";"875,6";"876,5";"875,6";"2,1";"7,0";"5,9";"2579,70";""
"09/03/2026";"1800";"24,6";"28,5";"24,6";"68,0";"68,0";"54,0";"18,2";"20,4";"17,8";"875,3";"875,6";"875,2";"3,3";"316,0";"8,2";"1942,20";""
"09/03/2026";"1900";"25,1";"27,0";"24,3";"68,0";"69,0";"59,0";"18,7";"20,1";"17,8";"874,7";"875,3";"874,7";"3,4";"300,0";"6,8";"1696,40";""
"09/03/2026";"2000";"22,9";"25,1";"22,9";"81,0";"81,0";"68,0";"19,5";"20,0";"18,8";"874,9";"874,9";"874,6";"3,7";"290,0";"7,1";"371,30";""
"09/03/2026";"2100";"21,1";"22,9";"20,8";"85,0";"87,0";"80,0";"18,5";"19,6";"17,6";"875,5";"875,5";"874,9";"1,2";"299,0";"6,6";"32,60";""
"09/03/2026";"2200";"20,6";"21,7";"20,6";"91,0";"91,0";"83,0";"19,0";"19,1";"18,4";"876,1";"876,2";"875,5";"1,3";"288,0";"3,6";"5,30";""
"09/03/2026";"2300";"20,8";"20,9";"20,2";"88,0";"92,0";"88,0";"18,8";"19,1";"18,8";"876,5";"876,6";"876,1";"2,0";"287,0";"3,6";"";""
"10/03/2026";"0000";"20,0";"20,8";"19,6";"90,0";"93,0";"88,0";"18,4";"18,8";"18,1";"876,7";"876,7";"876,3";"2,3";"284,0";"3,8";"";""
"10/03/2026";"0100";"19,4";"20,4";"19,3";"94,0";"94,0";"88,0";"18,3";"18,4";"18,1";"877,3";"877,3";"876,7";"2,3";"269,0";"4,9";"";""
"10/03/2026";"0200";"19,3";"19,7";"19,3";"94,0";"94,0";"94,0";"18,4";"18,7";"18,3";"877,6";"877,6";"877,3";"1,6";"281,0";"4,2";"";""
"10/03/2026";"0300";"18,9";"19,4";"18,9";"95,0";"96,0";"94,0";"18,2";"18,6";"18,1";"877,9";"877,9";"877,5";"0,0";"190,0";"2,8";"";""
"10/03/2026";"0400";"18,9";"19,3";"18,8";"96,0";"96,0";"95,0";"18,2";"18,6";"18,1";"877,4";"877,9";"877,4";"1,2";"275,0";"1,8";"";""
"10/03/2026";"0500";"19,3";"19,3";"18,7";"95,0";"96,0";"95,0";"18,6";"18,6";"18,1";"877,3";"877,4";"877,1";"0,5";"213,0";"2,5";"";""
"10/03/2026";"0600";"19,4";"19,8";"19,3";"95,0";"95,0";"93,0";"18,6";"18,8";"18,5";"877,1";"877,4";"877,1";"0,9";"136,0";"3,3";"";""
"10/03/2026";"0700";"19,4";"19,5";"19,3";"95,0";"95,0";"95,0";"18,6";"18,7";"18,5";"876,7";"877,1";"876,7";"1,5";"107,0";"2,5";"";""
"10/03/2026";"0800";"18,5";"19,5";"18,4";"95,0";"96,0";"95,0";"17,6";"18,8";"17,6";"876,7";"876,8";"876,6";"1,5";"40,0";"5,4";"";""
"10/03/2026";"0900";"18,2";"18,6";"18,0";"96,0";"96,0";"95,0";"17,5";"17,9";"17,2";"877,3";"877,3";"876,7";"0,7";"23,0";"2,5";"";""
"10/03/2026";"1000";"18,8";"18,8";"18,2";"97,0";"97,0";"96,0";"18,2";"18,2";"17,6";"877,6";"877,6";"877,2";"0,3";"39,0";"2,0";"78,10";""
"10/03/2026";"1100";"20,0";"20,0";"18,7";"90,0";"97,0";"89,0";"18,3";"18,7";"17,9";"878,2";"878,2";"877,6";"1,2";"168,0";"2,3";"472,40";""
"10/03/2026";"1200";"21,6";"21,6";"20,0";"82,0";"90,0";"80,0";"18,4";"19,1";"17,6";"878,6";"878,7";"878,2";"0,8";"56,0";"2,7";"821,80";""
"10/03/2026";"1300";"25,0";"25,0";"21,5";"69,0";"84,0";"65,0";"18,9";"19,7";"17,4";"878,6";"878,6";"878,5";"0,8";"104,0";"3,4";"2556,30";""
"10/03/2026";"1400";"25,4";"25,9";"23,9";"65,0";"80,0";"63,0";"18,5";"20,5";"17,9";"878,6";"878,8";"878,6";"0,7";"160,0";"2,8";"1832,60";""
"10/03/2026";"1500";"26,2";"27,3";"25,4";"63,0";"69,0";"58,0";"18,6";"19,9";"17,6";"878,3";"878,6";"878,3";"2,4";"62,0";"5,3";"2915,00";""
"10/03/2026";"1600";"27,5";"28,1";"26,1";"63,0";"68,0";"60,0";"19,9";"21,1";"18,7";"877,4";"878,3";"877,3";"3,2";"82,0";"6,3";"3395,30";""
"10/03/2026";"1700";"27,2";"28,2";"25,7";"65,0";"70,0";"60,0";"20,0";"20,8";"18,4";"876,2";"877,4";"876,2";"2,6";"79,0";"6,3";"2826,80";""
"10/03/2026";"1800";"24,2";"27,6";"23,9";"69,0";"71,0";"58,0";"18,2";"19,5";"17,9";"876,3";"876,3";"876,1";"2,7";"248,0";"6,0";"976,80";""
"10/03/2026";"1900";"21,7";"24,4";"20,7";"90,0";"91,0";"68,0";"20,0";"20,0";"18,0";"875,9";"876,4";"875,9";"1,9";"316,0";"5,7";"475,30";""
"10/03/2026";"2000";"23,4";"23,8";"21,7";"81,0";"91,0";"76,0";"20,0";"20,4";"19,2";"875,4";"876,1";"875,4";"0,2";"308,0";"4,3";"543,00";""
"10/03/2026";"2100";"22,4";"24,2";"22,4";"85,0";"85,0";"72,0";"19,8";"20,6";"18,6";"875,5";"875,5";"875,2";"1,0";"266,0";"2,2";"434,00";""
"10/03/2026";"2200";"20,3";"22,4";"20,3";"93,0";"93,0";"85,0";"19,0";"20,1";"19,0";"876,0";"876,0";"875,5";"0,8";"324,0";"2,5";"30,80";""
"10/03/2026";"2300";"19,0";"20,5";"19,0";"95,0";"95,0";"92,0";"18,1";"19,3";"18,1";"876,1";"876,3";"875,9";"0,0";"110,0";"1,6";"";""
"11/03/2026";"0000";"18,6";"19,3";"18,5";"94,0";"95,0";"93,0";"17,6";"18,6";"17,5";"876,4";"876,5";"876,1";"0,8";"298,0";"1,5";"";""
"11/03/2026";"0100";"18,2";"18,7";"18,0";"94,0";"95,0";"93,0";"17,2";"17,7";"17,0";"877,4";"877,4";"876,4";"0,3";"283,0";"1,1";"";""
"11/03/2026";"0200";"18,2";"18,7";"17,8";"95,0";"96,0";"93,0";"17,4";"17,7";"17,0";"877,4";"877,5";"877,3";"0,4";"328,0";"1,5";"";""
"11/03/2026";"0300";"18,3";"19,4";"18,2";"95,0";"95,0";"93,0";"17,4";"18,4";"17,3";"877,1";"877,4";"877,1";"0,0";"162,0";"2,9";"";""
"11/03/2026";"0400";"19,8";"19,8";"18,3";"94,0";"96,0";"93,0";"18,8";"18,8";"17,6";"876,9";"877,2";"876,6";"1,7";"76,0";"5,5";"";""
"11/03/2026";"0500";"18,5";"19,9";"18,5";"95,0";"96,0";"93,0";"17,8";"18,9";"17,8";"875,4";"876,9";"875,4";"0,7";"34,0";"6,1";"";""
"11/03/2026";"0600";"18,3";"18,5";"18,1";"94,0";"95,0";"94,0";"17,4";"17,7";"17,2";"875,5";"875,5";"875,1";"1,2";"12,0";"2,5";"";""
"11/03/2026";"0700";"19,2";"19,2";"18,3";"91,0";"94,0";"89,0";"17,7";"17,7";"17,2";"875,3";"875,5";"875,3";"1,9";"53,0";"4,6";"";""
"11/03/2026";"0800";"19,8";"19,8";"19,2";"89,0";"91,0";"88,0";"18,0";"18,0";"17,5";"875,6";"875,6";"875,3";"2,0";"39,0";"4,0";"";""
"11/03/2026";"0900";"18,7";"19,9";"18,7";"91,0";"91,0";"88,0";"17,3";"18,0";"17,3";"875,9";"875,9";"875,4";"0,3";"117,0";"3,7";"";""
"11/03/2026";"1000";"20,3";"20,3";"18,5";"90,0";"93,0";"90,0";"18,6";"18,6";"17,3";"876,4";"876,4";"875,9";"1,0";"91,0";"2,6";"115,20";""
"11/03/2026";"1100";"21,8";"21,9";"20,3";"85,0";"90,0";"85,0";"19,3";"20,0";"18,5";"876,9";"876,9";"876,3";"2,3";"65,0";"4,0";"587,80";""
"11/03/2026";"1200";"24,2";"24,2";"21,7";"80,0";"87,0";"77,0";"20,5";"20,5";"18,9";"877,2";"877,3";"876,9";"3,6";"55,0";"6,4";"1711,80";""
"11/03/2026";"1300";"25,7";"26,1";"23,8";"69,0";"80,0";"69,0";"19,6";"21,2";"19,1";"877,1";"877,3";"877,0";"3,9";"46,0";"8,6";"2614,30";""
"11/03/2026";"1400";"24,1";"26,4";"24,0";"76,0";"76,0";"65,0";"19,5";"20,2";"18,8";"877,1";"877,2";"877,1";"3,9";"73,0";"8,2";"2379,00";""
"11/03/2026";"1500";"21,9";"24,5";"21,9";"88,0";"88,0";"75,0";"19,8";"20,3";"18,7";"876,6";"877,1";"876,6";"3,5";"21,0";"8,5";"1100,00";""
"11/03/2026";"1600";"23,6";"24,1";"21,9";"75,0";"88,0";"74,0";"18,8";"20,2";"18,8";"876,0";"876,6";"876,0";"3,4";"46,0";"6,4";"1536,90";""
"11/03/2026";"1700";"27,1";"27,5";"23,4";"61,0";"79,0";"61,0";"19,0";"20,5";"18,6";"875,2";"876,0";"875,2";"2,6";"66,0";"6,8";"2765,10";""
"11/03/2026";"1800";"26,4";"27,9";"25,9";"61,0";"66,0";"56,0";"18,4";"20,0";"17,6";"874,3";"875,2";"874,3";"3,2";"53,0";"5,8";"2785,50";""
"11/03/2026";"1900";"24,6";"28,4";"24,6";"71,0";"71,0";"57,0";"18,9";"20,3";"18,4";"873,7";"874,3";"873,6";"3,7";"18,0";"7,2";"1939,20";""
"11/03/2026";"2000";"24,7";"25,3";"24,5";"72,0";"73,0";"69,0";"19,2";"20,0";"18,8";"873,6";"873,7";"873,3";"2,1";"11,0";"6,5";"791,60";""
"11/03/2026";"2100";"23,3";"24,6";"23,3";"77,0";"77,0";"71,0";"19,1";"19,4";"18,7";"874,1";"874,1";"873,4";"0,6";"9,0";"3,8";"256,20";""
"11/03/2026";"2200";"21,4";"23,3";"21,4";"86,0";"86,0";"77,0";"18,9";"19,3";"18,6";"874,6";"874,7";"874,1";"0,9";"315,0";"2,6";"13,50";""
"11/03/2026";"2300";"20,0";"21,6";"20,0";"92,0";"92,0";"85,0";"18,7";"19,2";"18,6";"874,9";"874,9";"874,6";"0,0";"268,0";"2,9";"";""
"12/03/2026";"0000";"19,6";"20,0";"19,4";"93,0";"94,0";"92,0";"18,5";"18,8";"18,3";"875,4";"875,4";"874,9";"0,1";"318,0";"1,4";"";""
"12/03/2026";"0100";"19,2";"19,7";"19,1";"94,0";"94,0";"93,0";"18,2";"18,6";"18,1";"875,8";"875,9";"875,4";"0,0";"280,0";"1,5";"";""
"12/03/2026";"0200";"18,9";"19,4";"18,8";"94,0";"95,0";"92,0";"17,8";"18,3";"17,8";"876,3";"876,3";"875,8";"0,8";"229,0";"1,5";"";""
"12/03/2026";"0300";"19,1";"19,2";"18,7";"96,0";"96,0";"94,0";"18,4";"18,4";"17,8";"876,0";"876,3";"875,9";"1,0";"277,0";"1,5";"";""
"12/03/2026";"0400";"18,8";"19,1";"18,5";"96,0";"96,0";"95,0";"18,1";"18,4";"17,6";"875,8";"876,0";"875,7";"0,3";"94,0";"2,4";"";""
"12/03/2026";"0500";"19,6";"19,7";"18,6";"94,0";"96,0";"94,0";"18,7";"18,9";"17,9";"875,4";"875,8";"875,3";"0,7";"104,0";"2,1";"";""
"12/03/2026";"0600";"19,9";"20,1";"19,4";"94,0";"96,0";"93,0";"18,9";"19,1";"18,5";"874,9";"875,4";"874,8";"0,3";"233,0";"2,4";"";""
"12/03/2026";"0700";"19,5";"19,9";"19,5";"95,0";"95,0";"94,0";"18,8";"19,0";"18,7";"874,7";"874,9";"874,7";"1,1";"352,0";"1,9";"";""
"12/03/2026";"0800";"19,4";"19,9";"19,4";"93,0";"95,0";"93,0";"18,3";"19,0";"18,3";"874,9";"875,0";"874,7";"3,1";"74,0";"5,7";"";""
"12/03/2026";"0900";"19,6";"19,7";"19,3";"96,0";"96,0";"92,0";"18,9";"18,9";"18,3";"875,5";"875,5";"874,9";"2,0";"65,0";"7,4";"";""
"12/03/2026";"1000";"19,6";"19,6";"19,4";"97,0";"97,0";"96,0";"19,0";"19,0";"18,8";"876,2";"876,2";"875,4";"1,4";"320,0";"6,2";"35,80";""
"12/03/2026";"1100";"20,5";"20,5";"19,6";"96,0";"97,0";"96,0";"19,8";"19,9";"19,0";"876,7";"876,7";"876,2";"0,0";"148,0";"2,1";"334,90";""
"12/03/2026";"1200";"21,0";"21,1";"20,4";"93,0";"96,0";"93,0";"19,8";"20,1";"19,7";"877,4";"877,4";"876,7";"1,0";"12,0";"2,3";"395,90";""
"12/03/2026";"1300";"23,2";"23,3";"21,0";"83,0";"93,0";"82,0";"20,3";"20,9";"19,6";"877,5";"877,6";"877,4";"1,0";"54,0";"2,9";"935,50";""
"12/03/2026";"1400";"21,8";"25,0";"21,8";"82,0";"85,0";"72,0";"18,5";"21,0";"18,5";"877,1";"877,5";"877,1";"3,5";"57,0";"6,5";"1541,30";""
"12/03/2026";"1500";"23,4";"23,4";"21,2";"76,0";"87,0";"76,0";"19,1";"19,6";"18,4";"876,7";"877,1";"876,7";"2,8";"2,0";"6,5";"719,80";""
"12/03/2026";"1600";"23,9";"23,9";"22,6";"73,0";"79,0";"72,0";"18,8";"19,4";"18,3";"875,5";"876,7";"875,4";"2,8";"5,0";"6,5";"816,60";""
"12/03/2026";"1700";"23,3";"24,2";"23,1";"78,0";"79,0";"70,0";"19,3";"19,8";"18,0";"874,6";"875,5";"874,6";"2,8";"52,0";"7,2";"1441,10";""
"12/03/2026";"1800";"25,0";"25,6";"23,3";"66,0";"79,0";"64,0";"18,1";"20,0";"18,1";"874,1";"874,6";"874,0";"2,5";"58,0";"5,8";"1968,00";""
"12/03/2026";"1900";"24,5";"26,1";"24,5";"69,0";"72,0";"63,0";"18,5";"19,9";"18,0";"873,2";"874,1";"873,2";"2,3";"48,0";"4,8";"1295,00";""
"12/03/2026";"2000";"22,7";"24,8";"22,7";"74,0";"75,0";"63,0";"17,7";"19,3";"17,1";"873,9";"873,9";"873,2";"3,0";"316,0";"8,2";"528,30";""
"12/03/2026";"2100";"19,7";"22,7";"19,7";"87,0";"87,0";"74,0";"17,5";"17,9";"16,8";"874,2";"874,3";"873,9";"3,3";"284,0";"6,0";"117,90";""
"12/03/2026";"2200";"20,2";"20,4";"19,6";"87,0";"90,0";"82,0";"18,0";"18,1";"17,1";"874,2";"874,2";"874,0";"0,3";"196,0";"5,1";"5,10";""
"12/03/2026";"2300";"19,1";"20,2";"18,9";"84,0";"92,0";"75,0";"16,3";"18,1";"15,4";"874,8";"874,8";"874,2";"0,5";"156,0";"3,7";"";""
"13/03/2026";"0000";"18,8";"19,2";"17,9";"82,0";"87,0";"82,0";"15,7";"16,6";"15,7";"875,2";"875,2";"874,7";"1,0";"273,0";"2,4";"";""
"13/03/2026";"0100";"17,8";"19,1";"17,4";"86,0";"90,0";"81,0";"15,5";"16,1";"15,4";"875,8";"875,8";"875,2";"0,1";"43,0";"2,8";"";""
"13/03/2026";"0200";"18,9";"20,0";"17,6";"82,0";"87,0";"75,0";"15,8";"16,2";"15,3";"876,2";"876,3";"875,8";"0,9";"219,0";"4,1";"";""
"13/03/2026";"0300";"17,4";"18,9";"17,0";"89,0";"92,0";"82,0";"15,6";"15,9";"15,4";"875,6";"876,3";"875,6";"0,1";"313,0";"2,1";"";""
"13/03/2026";"0400";"18,1";"18,2";"17,1";"85,0";"91,0";"85,0";"15,5";"15,9";"15,5";"875,0";"875,7";"875,0";"1,9";"290,0";"2,9";"";""
"13/03/2026";"0500";"17,6";"18,1";"16,6";"90,0";"93,0";"85,0";"15,9";"15,9";"15,1";"875,1";"875,2";"875,0";"1,9";"287,0";"2,9";"";""
"13/03/2026";"0600";"16,6";"17,8";"16,6";"93,0";"93,0";"88,0";"15,5";"15,9";"15,4";"875,1";"875,2";"875,0";"0,0";"274,0";"2,9";"";""
"13/03/2026";"0700";"16,0";"16,6";"16,0";"95,0";"95,0";"93,0";"15,2";"15,6";"15,2";"875,2";"875,2";"875,1";"0,4";"238,0";"1,7";"";""
"13/03/2026";"0800";"16,7";"16,8";"16,0";"94,0";"96,0";"94,0";"15,8";"16,0";"15,2";"875,3";"875,3";"875,2";"0,0";"329,0";"1,4";"";""
"13/03/2026";"0900";"17,6";"17,6";"16,7";"92,0";"95,0";"92,0";"16,3";"16,4";"15,8";"875,7";"875,7";"875,3";"1,7";"264,0";"2,1";"";""
"13/03/2026";"1000";"18,5";"18,5";"17,0";"89,0";"94,0";"89,0";"16,7";"16,7";"15,8";"876,0";"876,0";"875,7";"1,1";"252,0";"2,7";"84,60";""
"13/03/2026";"1100";"21,3";"21,3";"18,5";"80,0";"89,0";"80,0";"17,7";"17,9";"16,7";"876,7";"876,8";"876,0";"2,3";"260,0";"4,4";"633,10";""
"13/03/2026";"1200";"22,7";"22,8";"21,2";"75,0";"81,0";"74,0";"18,0";"18,5";"17,6";"877,3";"877,4";"876,7";"2,6";"281,0";"6,2";"1457,80";""
"13/03/2026";"1300";"23,6";"24,2";"22,2";"73,0";"76,0";"67,0";"18,4";"18,7";"17,2";"877,5";"877,5";"877,3";"4,1";"286,0";"9,0";"1571,40";""
"13/03/2026";"1400";"23,2";"25,3";"23,0";"71,0";"73,0";"66,0";"17,7";"19,0";"17,2";"877,4";"877,5";"877,3";"3,6";"287,0";"9,0";"2083,60";""
"13/03/2026";"1500";"26,7";"26,7";"23,2";"61,0";"73,0";"61,0";"18,6";"19,7";"17,4";"876,6";"877,4";"876,6";"3,6";"283,0";"8,4";"3225,30";""
"13/03/2026";"1600";"26,8";"27,4";"25,1";"63,0";"64,0";"58,0";"19,1";"19,1";"17,1";"875,9";"876,6";"875,9";"4,8";"299,0";"9,5";"3785,00";""
"13/03/2026";"1700";"23,1";"27,8";"23,1";"71,0";"71,0";"55,0";"17,5";"19,4";"16,9";"875,3";"875,9";"875,1";"4,7";"317,0";"10,4";"3045,20";""
"13/03/2026";"1800";"21,7";"23,0";"20,7";"77,0";"88,0";"71,0";"17,5";"18,8";"17,5";"874,7";"875,7";"874,7";"3,7";"307,0";"10,3";"467,60";""
"13/03/2026";"1900";"22,5";"24,4";"21,7";"76,0";"79,0";"65,0";"18,1";"18,5";"16,9";"874,3";"874,7";"874,3";"2,4";"293,0";"7,1";"1127,50";""
"13/03/2026";"2000";"21,8";"22,6";"21,3";"79,0";"82,0";"74,0";"18,0";"18,1";"17,5";"874,3";"874,3";"874,0";"2,1";"297,0";"8,0";"316,20";""
"13/03/2026";"2100";"21,2";"22,1";"21,2";"76,0";"79,0";"70,0";"16,7";"18,1";"16,4";"874,3";"874,5";"874,2";"3,0";"271,0";"7,7";"311,90";""
"13/03/2026";"2200";"19,8";"21,2";"19,8";"83,0";"83,0";"76,0";"16,8";"16,9";"16,7";"874,4";"874,4";"874,2";"1,0";"218,0";"6,4";"25,50";""
"13/03/2026";"2300";"19,2";"19,8";"18,5";"88,0";"90,0";"83,0";"17,2";"17,3";"16,6";"874,7";"874,8";"874,3";"1,9";"270,0";"4,1";"";""
"14/03/2026";"0000";"18,1";"19,3";"17,8";"94,0";"94,0";"88,0";"17,1";"17,4";"16,6";"875,3";"875,3";"874,7";"0,5";"235,0";"3,1";"";""
"14/03/2026";"0100";"18,4";"18,9";"17,8";"91,0";"94,0";"90,0";"16,9";"17,4";"16,5";"876,1";"876,1";"875,3";"0,6";"196,0";"3,3";"";""
"14/03/2026";"0200";"18,8";"19,2";"18,2";"91,0";"92,0";"88,0";"17,2";"17,3";"16,8";"876,2";"876,4";"876,1";"1,7";"213,0";"3,8";"";""
"14/03/2026";"0300";"18,8";"19,7";"18,5";"92,0";"92,0";"87,0";"17,5";"17,6";"16,9";"875,9";"876,3";"875,9";"1,6";"222,0";"4,6";"";""
"14/03/2026";"0400";"18,6";"19,1";"17,8";"95,0";"95,0";"90,0";"17,7";"17,7";"16,7";"875,8";"875,9";"875,8";"2,0";"215,0";"4,2";"";""
"14/03/2026";"0500";"18,8";"18,8";"18,1";"95,0";"96,0";"93,0";"18,0";"18,0";"17,1";"875,5";"875,9";"875,4";"1,8";"200,0";"3,5";"";""
"14/03/2026";"0600";"18,8";"18,8";"18,5";"95,0";"95,0";"94,0";"18,0";"18,0";"17,6";"875,2";"875,5";"875,2";"0,9";"197,0";"2,8";"";""
"14/03/2026";"0700";"18,4";"18,8";"18,2";"96,0";"96,0";"95,0";"17,7";"17,9";"17,4";"874,8";"875,3";"874,8";"1,1";"217,0";"1,9";"";""
"14/03/2026";"0800";"17,3";"18,4";"17,3";"96,0";"96,0";"95,0";"16,6";"17,8";"16,6";"875,2";"875,2";"874,8";"0,8";"238,0";"2,5";"";""
"14/03/2026";"0900";"18,3";"18,7";"17,3";"97,0";"97,0";"96,0";"17,7";"18,2";"16,6";"875,9";"875,9";"875,2";"0,0";"16,0";"3,0";"";""
"14/03/2026";"1000";"18,4";"18,9";"18,3";"93,0";"97,0";"93,0";"17,2";"18,3";"17,2";"876,5";"876,5";"875,9";"3,6";"273,0";"7,3";"106,40";""
"14/03/2026";"1100";"19,5";"19,5";"18,3";"91,0";"95,0";"91,0";"17,9";"18,2";"17,2";"877,0";"877,0";"876,5";"2,6";"272,0";"6,0";"483,70";""
"14/03/2026";"1200";"21,7";"21,9";"19,4";"82,0";"91,0";"79,0";"18,5";"19,0";"17,6";"877,5";"877,5";"877,0";"3,2";"268,0";"6,9";"1610,00";""
"14/03/2026";"1300";"23,9";"24,5";"21,7";"71,0";"83,0";"69,0";"18,3";"19,0";"17,9";"877,3";"877,5";"877,2";"3,6";"272,0";"6,5";"2267,40";""
"14/03/2026";"1400";"25,4";"25,5";"22,9";"66,0";"74,0";"63,0";"18,5";"19,1";"17,6";"877,2";"877,4";"877,2";"2,8";"300,0";"7,2";"3017,40";""
"14/03/2026";"1500";"26,4";"26,4";"24,2";"61,0";"68,0";"59,0";"18,4";"19,1";"16,9";"876,6";"877,2";"876,6";"2,6";"272,0";"8,3";"3045,70";""
"14/03/2026";"1600";"25,6";"27,0";"25,4";"58,0";"62,0";"53,0";"16,6";"18,6";"16,3";"875,7";"876,6";"875,7";"3,8";"272,0";"7,2";"3005,90";""
"14/03/2026";"1700";"27,3";"27,5";"25,6";"54,0";"61,0";"52,0";"17,3";"18,3";"16,1";"874,7";"875,7";"874,7";"3,8";"293,0";"7,5";"2802,10";""
"14/03/2026";"1800";"27,4";"28,2";"26,0";"56,0";"58,0";"50,0";"17,9";"17,9";"15,9";"874,1";"874,8";"874,1";"3,3";"276,0";"7,5";"2813,50";""
"14/03/2026";"1900";"26,6";"28,0";"25,9";"59,0";"59,0";"50,0";"17,8";"18,1";"16,4";"873,8";"874,1";"873,8";"3,5";"268,0";"7,5";"2285,80";""
"14/03/2026";"2000";"25,3";"27,3";"24,9";"62,0";"65,0";"56,0";"17,6";"18,9";"17,2";"873,4";"873,8";"873,4";"3,1";"250,0";"7,0";"1162,00";""
"14/03/2026";"2100";"23,5";"25,5";"23,5";"64,0";"65,0";"60,0";"16,4";"18,1";"16,2";"873,9";"873,9";"873,4";"3,1";"271,0";"6,6";"524,10";""
"14/03/2026";"2200";"20,9";"23,5";"20,9";"77,0";"77,0";"64,0";"16,6";"16,6";"16,2";"874,4";"874,5";"873,9";"1,5";"301,0";"5,4";"10,90";""
"14/03/2026";"2300";"18,5";"20,9";"18,5";"91,0";"91,0";"77,0";"17,0";"17,1";"16,6";"875,1";"875,1";"874,3";"0,3";"258,0";"2,7";"";""
"15/03/2026";"0000";"18,6";"18,7";"18,4";"93,0";"93,0";"91,0";"17,4";"17,6";"17,1";"875,4";"875,4";"875,0";"0,0";"227,0";"1,5";"";""
"15/03/2026";"0100";"19,3";"19,3";"18,0";"94,0";"95,0";"92,0";"18,4";"18,4";"16,9";"875,9";"875,9";"875,4";"1,8";"245,0";"3,1";"";""
"15/03/2026";"0200";"20,0";"20,0";"19,3";"94,0";"94,0";"93,0";"18,9";"19,0";"18,2";"876,5";"876,5";"875,9";"2,2";"263,0";"3,4";"";""
"15/03/2026";"0300";"19,1";"20,0";"19,1";"94,0";"94,0";"93,0";"18,1";"18,9";"18,1";"876,2";"876,5";"876,1";"1,9";"268,0";"3,7";"";""
"15/03/2026";"0400";"18,8";"19,1";"18,8";"96,0";"96,0";"94,0";"18,0";"18,3";"18,0";"875,8";"876,2";"875,8";"0,9";"255,0";"3,3";"";""
"15/03/2026";"0500";"17,5";"18,8";"17,4";"96,0";"96,0";"95,0";"16,8";"18,0";"16,8";"875,1";"875,8";"875,1";"0,0";"241,0";"2,2";"";""
"15/03/2026";"0600";"17,3";"17,7";"16,8";"97,0";"97,0";"96,0";"16,8";"17,2";"16,3";"874,6";"875,1";"874,6";"0,0";"115,0";"1,6";"";""
"15/03/2026";"0700";"16,9";"17,7";"16,6";"97,0";"97,0";"97,0";"16,4";"17,1";"16,0";"874,5";"874,6";"874,4";"0,3";"290,0";"0,9";"";""
"15/03/2026";"0800";"16,9";"17,2";"16,4";"97,0";"97,0";"97,0";"16,4";"16,8";"15,8";"874,8";"874,8";"874,5";"0,0";"28,0";"1,9";"";""
"15/03/2026";"0900";"16,1";"17,0";"16,0";"96,0";"97,0";"96,0";"15,5";"16,5";"15,5";"875,1";"875,1";"874,7";"0,5";"271,0";"1,8";"";""
"15/03/2026";"1000";"17,3";"17,3";"15,7";"97,0";"97,0";"96,0";"16,9";"16,9";"15,1";"875,7";"875,7";"875,1";"0,1";"280,0";"1,9";"75,40";""
"15/03/2026";"1100";"22,3";"22,3";"17,3";"79,0";"97,0";"78,0";"18,5";"19,2";"16,9";"876,3";"876,3";"875,7";"0,0";"194,0";"0,9";"686,30";""
"15/03/2026";"1200";"24,9";"25,0";"22,4";"64,0";"79,0";"62,0";"17,5";"19,2";"16,8";"876,8";"876,9";"876,3";"2,3";"286,0";"4,5";"1800,00";""
"15/03/2026";"1300";"24,5";"25,4";"23,7";"64,0";"67,0";"60,0";"17,3";"18,6";"16,4";"876,9";"876,9";"876,8";"1,1";"300,0";"4,5";"908,00";""
"15/03/2026";"1400";"24,9";"26,1";"23,7";"66,0";"68,0";"60,0";"18,0";"18,6";"17,1";"876,5";"876,9";"876,5";"3,7";"272,0";"7,2";"983,50";""
"15/03/2026";"1500";"21,9";"27,2";"21,9";"78,0";"78,0";"56,0";"18,0";"18,9";"15,7";"876,5";"876,9";"876,5";"2,8";"88,0";"6,9";"1736,00";""
"15/03/2026";"1600";"24,2";"24,3";"21,9";"71,0";"79,0";"69,0";"18,6";"19,3";"17,9";"875,4";"876,5";"875,4";"2,4";"69,0";"5,4";"1823,00";""
"15/03/2026";"1700";"24,5";"25,3";"23,2";"71,0";"78,0";"68,0";"18,9";"20,1";"18,0";"874,1";"875,4";"874,1";"3,3";"48,0";"5,9";"2185,00";""
"15/03/2026";"1800";"20,7";"24,6";"20,5";"91,0";"91,0";"68,0";"19,1";"19,7";"18,2";"873,5";"874,1";"873,5";"0,6";"352,0";"5,4";"540,50";""
"15/03/2026";"1900";"21,1";"21,2";"20,4";"91,0";"93,0";"85,0";"19,6";"20,0";"18,0";"873,3";"873,5";"873,2";"0,3";"37,0";"4,0";"366,20";""
"15/03/2026";"2000";"20,8";"21,3";"20,7";"91,0";"93,0";"88,0";"19,2";"19,9";"18,8";"873,6";"873,6";"873,3";"1,3";"243,0";"2,8";"219,10";""
"15/03/2026";"2100";"20,0";"20,9";"20,0";"94,0";"94,0";"91,0";"19,0";"19,8";"18,9";"874,2";"874,2";"873,5";"1,7";"234,0";"2,7";"53,50";""
"15/03/2026";"2200";"19,8";"20,0";"19,5";"95,0";"95,0";"94,0";"18,9";"19,2";"18,4";"875,0";"875,0";"874,2";"0,3";"200,0";"3,1";"2,70";""
"15/03/2026";"2300";"19,6";"19,8";"19,4";"96,0";"96,0";"95,0";"18,9";"19,0";"18,6";"875,4";"875,4";"875,0";"0,3";"77,0";"1,8";"";""
"16/03/2026";"0000";"19,9";"19,9";"19,4";"95,0";"96,0";"95,0";"19,1";"19,1";"18,7";"875,9";"876,0";"875,3";"1,7";"290,0";"2,6";"";""
"16/03/2026";"0100";"19,9";"20,0";"19,8";"96,0";"96,0";"95,0";"19,2";"19,3";"19,0";"876,9";"876,9";"876,0";"1,1";"242,0";"3,1";"";""
"16/03/2026";"0200";"20,1";"20,1";"19,8";"96,0";"96,0";"95,0";"19,4";"19,4";"19,1";"877,1";"877,2";"876,9";"2,4";"255,0";"3,7";"";""
"16/03/2026";"0300";"19,4";"20,1";"19,4";"96,0";"96,0";"96,0";"18,7";"19,4";"18,7";"876,6";"877,1";"876,6";"0,6";"276,0";"3,7";"";""
"16/03/2026";"0400";"19,2";"19,5";"19,2";"96,0";"96,0";"96,0";"18,6";"18,9";"18,6";"876,4";"876,6";"876,2";"0,3";"212,0";"1,8";"";""
"16/03/2026";"0500";"18,2";"19,2";"18,2";"97,0";"97,0";"96,0";"17,7";"18,5";"17,7";"875,6";"876,5";"875,6";"0,1";"287,0";"1,7";"";""
"16/03/2026";"0600";"18,7";"18,7";"17,9";"97,0";"97,0";"97,0";"18,2";"18,2";"17,4";"875,0";"875,7";"875,0";"1,4";"65,0";"2,4";"";""
"16/03/2026";"0700";"19,3";"19,3";"18,7";"97,0";"97,0";"97,0";"18,8";"18,8";"18,2";"875,1";"875,1";"875,0";"1,3";"67,0";"3,1";"";""
"16/03/2026";"0800";"18,8";"19,3";"18,7";"97,0";"97,0";"97,0";"18,3";"18,8";"18,3";"875,7";"875,7";"875,1";"1,6";"139,0";"3,5";"";""
"16/03/2026";"0900";"18,6";"18,8";"18,5";"97,0";"97,0";"97,0";"18,1";"18,4";"18,0";"875,9";"875,9";"875,6";"0,8";"98,0";"2,7";"";""
"16/03/2026";"1000";"18,8";"18,8";"18,4";"97,0";"97,0";"97,0";"18,4";"18,4";"18,0";"876,2";"876,2";"875,8";"1,8";"56,0";"2,9";"102,50";""
"16/03/2026";"1100";"19,4";"19,6";"18,8";"96,0";"97,0";"96,0";"18,8";"19,0";"18,3";"876,9";"876,9";"876,2";"1,4";"45,0";"2,9";"504,50";""
"16/03/2026";"1200";"22,0";"22,0";"19,4";"87,0";"96,0";"86,0";"19,6";"20,0";"18,7";"877,6";"877,6";"876,9";"1,6";"70,0";"2,9";"975,30";""
"16/03/2026";"1300";"24,0";"24,0";"21,8";"79,0";"87,0";"78,0";"20,2";"20,5";"19,1";"877,7";"877,7";"877,6";"2,9";"61,0";"5,4";"2259,50";""
"16/03/2026";"1400";"25,8";"25,8";"24,0";"72,0";"79,0";"68,0";"20,3";"21,0";"18,7";"877,4";"877,7";"877,4";"3,4";"54,0";"6,9";"3518,20";""
"16/03/2026";"1500";"25,8";"27,6";"25,1";"66,0";"73,0";"62,0";"18,9";"20,6";"18,4";"876,6";"877,5";"876,6";"2,8";"58,0";"6,7";"3958,00";""
"16/03/2026";"1600";"26,5";"27,5";"25,5";"65,0";"68,0";"61,0";"19,3";"20,5";"18,2";"875,5";"876,7";"875,5";"2,9";"40,0";"5,9";"2995,60";""
"16/03/2026";"1700";"26,5";"28,8";"25,8";"64,0";"69,0";"58,0";"19,1";"20,8";"17,8";"874,2";"875,5";"874,2";"4,6";"77,0";"7,3";"3395,10";""
"16/03/2026";"1800";"19,0";"26,4";"18,6";"97,0";"97,0";"64,0";"18,5";"19,7";"17,8";"874,4";"874,7";"874,1";"0,3";"163,0";"12,5";"209,80";""
"16/03/2026";"1900";"20,3";"20,5";"18,8";"97,0";"97,0";"97,0";"19,8";"20,0";"18,3";"874,1";"874,6";"874,1";"0,8";"255,0";"4,0";"397,40";""
"16/03/2026";"2000";"20,6";"21,2";"20,2";"96,0";"97,0";"96,0";"20,0";"20,6";"19,8";"873,7";"874,2";"873,6";"1,0";"69,0";"3,1";"481,10";""
"16/03/2026";"2100";"20,2";"20,7";"20,1";"92,0";"96,0";"91,0";"18,9";"20,0";"18,7";"873,9";"874,0";"873,7";"0,1";"80,0";"2,6";"153,90";""
"16/03/2026";"2200";"19,7";"20,2";"19,5";"95,0";"95,0";"92,0";"18,8";"19,0";"18,5";"874,5";"874,5";"873,9";"0,1";"134,0";"2,2";"";""
"16/03/2026";"2300";"19,3";"19,7";"19,3";"96,0";"96,0";"95,0";"18,7";"18,8";"18,6";"875,1";"875,1";"874,5";"0,0";"257,0";"0,8";"";""
"17/03/2026";"0000";"19,0";"19,3";"19,0";"96,0";"96,0";"96,0";"18,4";"18,6";"18,4";"875,6";"875,6";"875,1";"0,0";"302,0";"0,6";"";""
"17/03/2026";"0100";"19,2";"19,2";"18,9";"97,0";"97,0";"96,0";"18,7";"18,7";"18,3";"876,3";"876,3";"875,6";"0,7";"359,0";"1,5";"";""
"17/03/2026";"0200";"19,4";"19,4";"19,2";"97,0";"97,0";"97,0";"18,9";"18,9";"18,7";"876,2";"876,4";"876,1";"0,1";"360,0";"3,3";"";""
"17/03/2026";"0300";"19,1";"19,6";"19,1";"97,0";"97,0";"97,0";"18,5";"19,1";"18,5";"876,2";"876,3";"876,1";"0,0";"346,0";"1,6";"";""
"17/03/2026";"0400";"19,1";"19,2";"18,9";"97,0";"97,0";"97,0";"18,6";"18,7";"18,4";"876,1";"876,3";"876,1";"0,6";"264,0";"1,9";"";""
"17/03/2026";"0500";"18,7";"19,3";"18,7";"96,0";"97,0";"96,0";"18,2";"18,7";"18,2";"875,8";"876,1";"875,8";"0,1";"33,0";"2,4";"";""
"17/03/2026";"0600";"18,9";"19,0";"18,7";"97,0";"97,0";"96,0";"18,4";"18,4";"18,2";"875,6";"875,8";"875,5";"0,0";"18,0";"1,6";"";""
"17/03/2026";"0700";"18,9";"19,1";"18,9";"97,0";"97,0";"97,0";"18,4";"18,6";"18,4";"875,2";"875,6";"875,2";"0,2";"349,0";"0,8";"";""
"17/03/2026";"0800";"19,1";"19,1";"18,8";"96,0";"97,0";"96,0";"18,5";"18,5";"18,3";"875,3";"875,3";"875,1";"0,0";"212,0";"1,8";"";""
"17/03/2026";"0900";"19,2";"19,2";"19,0";"97,0";"97,0";"96,0";"18,6";"18,6";"18,4";"875,6";"875,6";"875,2";"0,1";"233,0";"1,6";"";""
"17/03/2026";"1000";"19,5";"19,5";"18,7";"97,0";"97,0";"97,0";"19,0";"19,0";"18,2";"876,4";"876,4";"875,6";"0,3";"260,0";"1,5";"92,70";""
"17/03/2026";"1100";"21,7";"21,8";"19,4";"84,0";"97,0";"83,0";"18,8";"19,9";"18,8";"877,3";"877,3";"876,4";"0,8";"151,0";"1,5";"733,10";""
"17/03/2026";"1200";"23,7";"24,1";"21,7";"69,0";"87,0";"66,0";"17,7";"19,8";"17,1";"877,9";"877,9";"877,3";"0,9";"113,0";"2,7";"1876,60";""
"17/03/2026";"1300";"25,6";"26,3";"23,7";"61,0";"72,0";"57,0";"17,6";"19,7";"15,6";"878,2";"878,3";"877,9";"2,2";"57,0";"4,0";"2959,20";""
"17/03/2026";"1400";"23,3";"26,2";"23,3";"73,0";"73,0";"58,0";"18,3";"18,8";"16,5";"877,8";"878,2";"877,8";"2,9";"282,0";"6,8";"2731,60";""
"17/03/2026";"1500";"23,2";"24,6";"22,5";"75,0";"75,0";"63,0";"18,4";"18,8";"16,8";"877,0";"877,8";"877,0";"2,6";"284,0";"6,8";"1514,10";""
"17/03/2026";"1600";"24,8";"26,0";"22,8";"70,0";"77,0";"60,0";"19,0";"19,4";"17,0";"875,8";"877,0";"875,8";"3,2";"259,0";"6,6";"2060,10";""
"17/03/2026";"1700";"21,7";"25,4";"21,7";"84,0";"84,0";"66,0";"18,9";"19,5";"17,4";"875,2";"875,8";"875,2";"3,4";"283,0";"7,9";"969,60";""
"17/03/2026";"1800";"20,2";"21,7";"19,3";"92,0";"93,0";"82,0";"18,8";"19,4";"17,0";"874,6";"875,2";"874,6";"1,0";"287,0";"8,8";"622,30";""
"17/03/2026";"1900";"22,7";"23,2";"20,2";"83,0";"93,0";"81,0";"19,7";"21,0";"18,7";"873,9";"874,6";"873,9";"0,4";"265,0";"2,8";"747,00";""
"17/03/2026";"2000";"21,8";"23,8";"21,8";"79,0";"85,0";"74,0";"18,1";"20,4";"17,4";"873,8";"873,9";"873,7";"1,8";"283,0";"5,8";"670,80";""
"17/03/2026";"2100";"22,4";"22,8";"21,8";"79,0";"81,0";"75,0";"18,5";"19,1";"17,6";"873,9";"873,9";"873,7";"1,1";"267,0";"3,0";"317,50";""
"17/03/2026";"2200";"20,9";"22,4";"20,9";"89,0";"89,0";"79,0";"19,1";"19,6";"18,7";"874,7";"874,8";"873,9";"0,8";"72,0";"3,3";"8,10";""
"17/03/2026";"2300";"20,3";"20,9";"20,2";"94,0";"94,0";"89,0";"19,2";"19,3";"19,0";"875,3";"875,3";"874,7";"0,7";"340,0";"2,3";"";""
"18/03/2026";"0000";"19,6";"20,3";"19,5";"94,0";"94,0";"92,0";"18,6";"19,2";"18,6";"875,6";"875,7";"875,3";"0,3";"301,0";"1,8";"";""
"18/03/2026";"0100";"18,6";"19,7";"18,5";"96,0";"96,0";"94,0";"17,9";"18,9";"17,8";"876,6";"876,6";"875,6";"1,8";"303,0";"2,1";"";""
"18/03/2026";"0200";"18,3";"18,6";"18,1";"96,0";"96,0";"96,0";"17,6";"18,0";"17,4";"877,0";"877,0";"876,6";"0,0";"71,0";"2,2";"";""
"18/03/2026";"0300";"18,5";"18,7";"18,1";"96,0";"97,0";"96,0";"17,9";"18,2";"17,5";"876,7";"877,1";"876,7";"0,0";"312,0";"1,7";"";""
"18/03/2026";"0400";"18,8";"18,9";"18,4";"96,0";"96,0";"96,0";"18,2";"18,3";"17,7";"876,1";"876,7";"876,1";"1,7";"279,0";"2,4";"";""
"18/03/2026";"0500";"18,9";"19,0";"18,6";"96,0";"96,0";"95,0";"18,2";"18,4";"17,8";"875,4";"876,1";"875,4";"0,2";"212,0";"2,5";"";""
"18/03/2026";"0600";"17,9";"18,9";"17,7";"97,0";"97,0";"95,0";"17,4";"18,2";"17,1";"875,0";"875,5";"875,0";"1,2";"258,0";"1,8";"";""
"18/03/2026";"0700";"19,1";"19,2";"17,8";"97,0";"97,0";"97,0";"18,7";"18,7";"17,3";"875,2";"875,2";"874,9";"2,1";"47,0";"3,4";"";""
"18/03/2026";"0800";"19,2";"19,2";"19,0";"97,0";"97,0";"97,0";"18,7";"18,7";"18,5";"875,5";"875,5";"875,1";"1,8";"41,0";"4,5";"";""
"18/03/2026";"0900";"19,1";"19,2";"19,1";"97,0";"97,0";"97,0";"18,7";"18,8";"18,6";"875,7";"875,8";"875,5";"0,8";"66,0";"3,4";"";""
"18/03/2026";"1000";"19,4";"19,4";"19,0";"97,0";"97,0";"97,0";"19,0";"19,0";"18,6";"876,2";"876,2";"875,7";"0,4";"76,0";"1,8";"90,40";""
"18/03/2026";"1100";"21,0";"21,0";"19,2";"95,0";"97,0";"95,0";"20,3";"20,4";"18,7";"876,9";"876,9";"876,2";"0,2";"242,0";"1,7";"542,10";""
"18/03/2026";"1200";"22,8";"23,3";"21,1";"78,0";"95,0";"77,0";"18,9";"20,3";"18,5";"877,4";"877,4";"876,9";"0,7";"160,0";"2,4";"1538,10";""
"18/03/2026";"1300";"23,8";"24,2";"22,5";"77,0";"86,0";"73,0";"19,5";"20,5";"18,2";"877,5";"877,5";"877,3";"0,8";"229,0";"2,9";"1730,00";""
"18/03/2026";"1400";"23,9";"25,0";"22,4";"79,0";"85,0";"72,0";"20,0";"21,4";"18,5";"877,0";"877,5";"877,0";"2,0";"89,0";"3,8";"1672,90";""
"18/03/2026";"1500";"25,8";"26,0";"23,7";"59,0";"81,0";"58,0";"17,2";"21,1";"17,2";"876,0";"877,0";"876,0";"2,0";"46,0";"5,2";"2832,20";""
"18/03/2026";"1600";"25,6";"26,4";"25,0";"70,0";"74,0";"59,0";"19,8";"20,3";"18,3";"875,1";"876,0";"875,1";"2,4";"50,0";"5,8";"2146,70";""
"18/03/2026";"1700";"24,5";"26,7";"24,5";"73,0";"74,0";"61,0";"19,3";"20,6";"17,5";"874,7";"875,1";"874,7";"2,7";"23,0";"6,0";"1865,50";""
"18/03/2026";"1800";"22,9";"24,5";"22,7";"78,0";"79,0";"70,0";"18,7";"19,2";"18,2";"874,3";"874,7";"874,2";"2,9";"225,0";"5,3";"839,70";""
"18/03/2026";"1900";"23,4";"23,6";"22,7";"77,0";"80,0";"76,0";"19,2";"19,6";"18,6";"873,3";"874,3";"873,3";"2,0";"284,0";"4,9";"868,70";""
"18/03/2026";"2000";"23,9";"24,3";"23,4";"75,0";"78,0";"71,0";"19,1";"19,7";"18,3";"872,8";"873,3";"872,6";"1,8";"259,0";"3,5";"911,60";""
"18/03/2026";"2100";"22,0";"23,9";"22,0";"82,0";"82,0";"74,0";"18,8";"19,0";"18,2";"873,3";"873,3";"872,7";"1,2";"250,0";"4,3";"334,70";""
"18/03/2026";"2200";"19,9";"22,0";"19,9";"91,0";"91,0";"82,0";"18,4";"19,0";"18,4";"873,4";"873,5";"873,3";"1,5";"268,0";"2,6";"13,30";""
"18/03/2026";"2300";"19,4";"19,9";"19,2";"94,0";"94,0";"91,0";"18,4";"18,5";"18,0";"874,0";"874,1";"873,4";"1,1";"242,0";"2,1";"";""
"19/03/2026";"0000";"18,9";"19,4";"18,8";"95,0";"95,0";"94,0";"18,2";"18,4";"17,9";"875,0";"875,0";"874,0";"1,5";"288,0";"2,6";"";""
"19/03/2026";"0100";"19,0";"19,3";"18,5";"96,0";"96,0";"95,0";"18,4";"18,7";"17,7";"875,9";"875,9";"875,0";"1,6";"252,0";"2,5";"";""
"19/03/2026";"0200";"18,6";"19,4";"18,5";"96,0";"97,0";"96,0";"18,0";"18,9";"17,9";"875,9";"876,1";"875,9";"0,2";"122,0";"3,0";"";""
"19/03/2026";"0300";"18,3";"18,6";"18,0";"97,0";"97,0";"96,0";"17,8";"18,0";"17,4";"875,4";"875,9";"875,4";"1,8";"272,0";"2,3";"";""
"19/03/2026";"0400";"17,2";"18,3";"17,2";"96,0";"97,0";"96,0";"16,6";"17,8";"16,6";"875,0";"875,4";"875,0";"0,7";"244,0";"2,3";"";""
"19/03/2026";"0500";"17,6";"18,1";"17,2";"97,0";"97,0";"96,0";"17,1";"17,6";"16,6";"874,7";"875,0";"874,5";"1,2";"243,0";"2,5";"";""
"19/03/2026";"0600";"17,5";"17,9";"17,5";"97,0";"97,0";"97,0";"17,0";"17,4";"17,0";"874,5";"874,9";"874,5";"0,0";"273,0";"2,5";"";""
"19/03/2026";"0700";"18,0";"18,0";"16,9";"97,0";"97,0";"97,0";"17,6";"17,6";"16,4";"873,9";"874,6";"873,9";"1,3";"302,0";"1,5";"";""
"19/03/2026";"0800";"17,4";"18,0";"17,1";"97,0";"97,0";"97,0";"17,0";"17,6";"16,6";"874,4";"874,4";"873,9";"1,3";"50,0";"1,8";"";""
"19/03/2026";"0900";"18,2";"18,2";"17,4";"97,0";"97,0";"97,0";"17,7";"17,8";"17,0";"874,7";"874,8";"874,4";"1,9";"39,0";"3,5";"";""
"19/03/2026";"1000";"18,5";"18,5";"17,6";"97,0";"97,0";"97,0";"18,0";"18,0";"17,1";"875,0";"875,0";"874,7";"0,2";"30,0";"3,2";"73,30";""
"19/03/2026";"1100";"20,3";"20,3";"18,5";"92,0";"97,0";"91,0";"19,0";"19,7";"18,0";"875,3";"875,3";"875,0";"0,3";"35,0";"1,7";"554,60";""
"19/03/2026";"1200";"23,9";"23,9";"20,3";"75,0";"92,0";"73,0";"19,1";"19,4";"17,6";"875,6";"875,6";"875,4";"0,7";"121,0";"2,1";"1553,70";""
"19/03/2026";"1300";"26,2";"26,5";"23,5";"64,0";"75,0";"62,0";"18,8";"19,5";"18,0";"875,5";"875,7";"875,5";"1,7";"69,0";"4,5";"2813,40";""
"19/03/2026";"1400";"27,3";"27,8";"25,9";"58,0";"65,0";"55,0";"18,3";"19,2";"17,3";"875,3";"875,5";"875,3";"2,0";"23,0";"5,1";"3458,80";""
"19/03/2026";"1500";"27,1";"27,7";"24,2";"62,0";"67,0";"49,0";"19,3";"19,7";"14,6";"874,9";"875,4";"874,8";"2,7";"349,0";"6,3";"2474,70";""
"19/03/2026";"1600";"26,3";"27,6";"25,4";"59,0";"69,0";"52,0";"17,6";"20,4";"16,4";"874,1";"874,9";"874,0";"2,2";"44,0";"8,9";"3598,00";""
"19/03/2026";"1700";"19,8";"26,3";"17,5";"94,0";"95,0";"58,0";"18,8";"18,9";"15,5";"873,1";"874,6";"873,1";"1,4";"73,0";"13,4";"409,60";""
"19/03/2026";"1800";"20,0";"20,1";"19,4";"92,0";"94,0";"92,0";"18,7";"19,0";"18,1";"873,1";"873,4";"873,0";"1,1";"219,0";"3,2";"259,00";""
"19/03/2026";"1900";"21,3";"21,3";"20,0";"81,0";"93,0";"78,0";"18,0";"19,2";"17,3";"872,0";"873,1";"872,0";"0,2";"239,0";"3,0";"322,50";""
"19/03/2026";"2000";"21,7";"21,8";"21,3";"84,0";"84,0";"77,0";"18,8";"19,0";"17,5";"871,7";"872,0";"871,7";"0,0";"210,0";"1,9";"400,70";""
"19/03/2026";"2100";"20,3";"21,7";"20,3";"89,0";"89,0";"81,0";"18,5";"19,1";"18,0";"872,0";"872,0";"871,3";"0,6";"255,0";"2,3";"188,40";""
"19/03/2026";"2200";"18,5";"20,3";"18,5";"95,0";"95,0";"89,0";"17,7";"18,6";"17,5";"872,5";"872,5";"872,0";"0,0";"350,0";"1,4";"13,60";""
"19/03/2026";"2300";"18,7";"18,9";"18,0";"94,0";"96,0";"94,0";"17,7";"18,1";"17,3";"873,6";"873,6";"872,5";"0,1";"188,0";"1,8";"";""
"20/03/2026";"0000";"17,9";"18,8";"17,9";"95,0";"95,0";"94,0";"17,1";"18,1";"17,1";"874,1";"874,1";"873,6";"0,0";"249,0";"1,4";"";""
"20/03/2026";"0100";"18,4";"18,4";"17,7";"95,0";"96,0";"95,0";"17,6";"17,6";"16,9";"874,4";"874,4";"874,0";"0,9";"303,0";"1,7";"";""
"20/03/2026";"0200";"19,2";"19,2";"18,4";"92,0";"95,0";"92,0";"17,8";"17,9";"17,5";"874,7";"874,7";"874,4";"0,8";"191,0";"2,4";"";""
"20/03/2026";"0300";"17,7";"19,2";"17,7";"94,0";"94,0";"92,0";"16,7";"17,7";"16,7";"874,9";"875,0";"874,7";"0,8";"257,0";"1,9";"";""
"20/03/2026";"0400";"17,5";"17,7";"17,4";"95,0";"96,0";"94,0";"16,7";"16,9";"16,5";"874,5";"874,9";"874,5";"1,0";"290,0";"1,8";"";""
"20/03/2026";"0500";"18,4";"18,4";"17,0";"92,0";"96,0";"92,0";"17,1";"17,1";"16,2";"873,9";"874,5";"873,9";"1,8";"257,0";"2,7";"";""
"20/03/2026";"0600";"17,7";"18,6";"17,3";"96,0";"96,0";"91,0";"17,0";"17,3";"16,3";"873,7";"873,9";"873,6";"1,0";"221,0";"2,7";"";""
"20/03/2026";"0700";"18,0";"18,4";"17,7";"94,0";"96,0";"93,0";"17,1";"17,4";"16,8";"873,5";"873,8";"873,5";"0,2";"219,0";"1,9";"";""
"20/03/2026";"0800";"17,2";"18,1";"17,1";"96,0";"96,0";"94,0";"16,5";"17,2";"16,4";"873,6";"873,7";"873,5";"0,1";"215,0";"1,6";"";""
"20/03/2026";"0900";"16,8";"17,3";"16,6";"96,0";"96,0";"96,0";"16,3";"16,7";"15,9";"874,3";"874,3";"873,6";"0,9";"282,0";"1,9";"";""
"20/03/2026";"1000";"18,6";"18,6";"16,8";"92,0";"97,0";"92,0";"17,3";"17,4";"16,3";"874,8";"874,9";"874,3";"1,2";"253,0";"2,2";"59,50";""
"20/03/2026";"1100";"21,9";"21,9";"18,6";"80,0";"93,0";"80,0";"18,4";"18,7";"17,3";"875,3";"875,3";"874,8";"2,8";"285,0";"5,0";"765,40";""
"20/03/2026";"1200";"23,0";"23,6";"22,0";"76,0";"81,0";"74,0";"18,6";"19,4";"18,2";"875,8";"875,8";"875,3";"3,1";"268,0";"6,1";"1970,60";""
"20/03/2026";"1300";"24,8";"24,8";"22,7";"70,0";"78,0";"70,0";"19,0";"19,4";"17,9";"875,9";"876,0";"875,8";"2,8";"270,0";"5,7";"2104,10";""
"20/03/2026";"1400";"25,6";"26,1";"23,7";"66,0";"72,0";"62,0";"18,8";"19,4";"17,6";"875,6";"876,0";"875,6";"3,4";"274,0";"7,1";"2624,80";""
"20/03/2026";"1500";"26,7";"26,7";"24,8";"63,0";"68,0";"59,0";"19,1";"19,4";"17,5";"874,7";"875,6";"874,7";"3,4";"299,0";"8,3";"3120,40";""
"20/03/2026";"1600";"24,2";"27,3";"24,2";"77,0";"78,0";"57,0";"19,9";"20,6";"16,8";"874,0";"874,7";"874,0";"3,6";"8,0";"6,9";"2276,90";""
"20/03/2026";"1700";"23,7";"24,2";"22,6";"71,0";"83,0";"71,0";"18,2";"20,0";"18,0";"873,2";"874,0";"873,2";"3,8";"336,0";"7,3";"566,30";""
"20/03/2026";"1800";"23,4";"24,3";"23,2";"65,0";"72,0";"63,0";"16,4";"18,5";"16,1";"873,0";"873,2";"872,7";"1,4";"350,0";"7,3";"762,70";""
"20/03/2026";"1900";"22,4";"23,5";"22,4";"73,0";"73,0";"62,0";"17,4";"17,4";"15,5";"873,0";"873,1";"872,9";"3,6";"280,0";"6,7";"483,00";""
"20/03/2026";"2000";"20,9";"22,4";"20,9";"84,0";"84,0";"73,0";"18,1";"18,3";"17,3";"873,2";"873,2";"872,9";"4,3";"271,0";"8,9";"408,50";""
"20/03/2026";"2100";"20,2";"21,0";"20,2";"83,0";"84,0";"82,0";"17,3";"18,1";"17,2";"874,0";"874,0";"873,2";"2,3";"247,0";"8,7";"192,90";""
"20/03/2026";"2200";"19,1";"20,2";"19,1";"90,0";"90,0";"83,0";"17,3";"17,6";"17,3";"874,2";"874,4";"874,0";"2,5";"256,0";"4,9";"4,40";""
"20/03/2026";"2300";"18,7";"19,1";"18,7";"92,0";"92,0";"90,0";"17,4";"17,5";"17,3";"874,8";"874,8";"874,2";"1,7";"243,0";"4,5";"";""
"21/03/2026";"0000";"18,2";"18,7";"18,2";"94,0";"94,0";"92,0";"17,3";"17,4";"17,2";"875,6";"875,6";"874,8";"0,3";"214,0";"3,0";"";""
"21/03/2026";"0100";"17,7";"18,3";"17,7";"96,0";"96,0";"94,0";"17,0";"17,4";"17,0";"875,6";"875,7";"875,6";"1,3";"270,0";"2,0";"";""
"21/03/2026";"0200";"17,1";"17,7";"16,9";"96,0";"96,0";"95,0";"16,5";"17,0";"16,2";"875,8";"875,8";"875,6";"1,5";"286,0";"1,9";"";""
"21/03/2026";"0300";"17,5";"17,5";"16,6";"96,0";"97,0";"96,0";"16,8";"16,9";"16,0";"875,6";"875,9";"875,6";"1,8";"35,0";"2,9";"";""
"21/03/2026";"0400";"17,9";"17,9";"17,5";"96,0";"96,0";"94,0";"17,2";"17,2";"16,8";"875,5";"875,6";"875,5";"1,9";"40,0";"5,4";"";""
"21/03/2026";"0500";"17,4";"17,9";"17,4";"96,0";"96,0";"96,0";"16,8";"17,3";"16,8";"875,0";"875,5";"875,0";"0,0";"258,0";"3,6";"";""
"21/03/2026";"0600";"17,4";"17,7";"17,3";"96,0";"97,0";"96,0";"16,8";"17,1";"16,7";"874,8";"875,0";"874,8";"0,4";"229,0";"1,7";"";""
"21/03/2026";"0700";"17,6";"17,7";"17,4";"97,0";"97,0";"96,0";"17,1";"17,2";"16,9";"874,6";"874,8";"874,5";"0,0";"338,0";"1,9";"";""
"21/03/2026";"0800";"17,6";"17,7";"17,5";"96,0";"97,0";"96,0";"17,0";"17,1";"16,9";"874,8";"874,8";"874,5";"0,9";"48,0";"1,8";"";""
"21/03/2026";"0900";"18,0";"18,0";"17,6";"94,0";"96,0";"94,0";"17,0";"17,1";"16,9";"875,5";"875,5";"874,8";"2,0";"43,0";"3,6";"";""
"21/03/2026";"1000";"18,6";"18,6";"18,0";"93,0";"94,0";"93,0";"17,4";"17,5";"17,0";"875,9";"875,9";"875,5";"2,0";"51,0";"3,9";"70,30";""
"21/03/2026";"1100";"19,8";"19,8";"18,6";"92,0";"94,0";"92,0";"18,4";"18,4";"17,4";"876,6";"876,6";"875,9";"1,6";"57,0";"3,6";"309,10";""
"21/03/2026";"1200";"22,1";"22,3";"19,8";"80,0";"92,0";"80,0";"18,5";"19,1";"17,8";"877,3";"877,3";"876,6";"2,6";"64,0";"5,2";"1160,80";""
"21/03/2026";"1300";"24,2";"24,4";"22,1";"72,0";"82,0";"71,0";"18,8";"19,6";"18,4";"877,4";"877,4";"877,3";"3,8";"74,0";"6,5";"2382,00";""
"21/03/2026";"1400";"20,5";"24,2";"20,0";"92,0";"93,0";"71,0";"19,2";"20,1";"18,3";"877,6";"877,7";"877,4";"2,5";"316,0";"6,5";"1109,30";""
"21/03/2026";"1500";"21,2";"21,2";"20,3";"91,0";"93,0";"89,0";"19,6";"19,9";"18,5";"877,2";"877,6";"877,2";"0,4";"209,0";"4,5";"870,30";""
"21/03/2026";"1600";"22,2";"22,2";"21,1";"80,0";"93,0";"80,0";"18,6";"20,3";"18,0";"876,5";"877,2";"876,4";"0,2";"308,0";"3,3";"769,70";""
"21/03/2026";"1700";"25,4";"25,4";"21,9";"70,0";"88,0";"70,0";"19,5";"20,6";"18,5";"875,3";"876,5";"875,3";"0,9";"294,0";"3,1";"1709,80";""
"21/03/2026";"1800";"23,3";"25,5";"23,3";"77,0";"77,0";"60,0";"19,0";"19,4";"16,7";"874,6";"875,3";"874,6";"1,9";"298,0";"4,4";"1726,20";""
"21/03/2026";"1900";"19,8";"23,2";"19,6";"95,0";"95,0";"77,0";"19,0";"19,8";"18,7";"874,9";"875,0";"874,5";"2,3";"249,0";"6,2";"212,50";""
"21/03/2026";"2000";"19,8";"19,8";"19,3";"94,0";"95,0";"94,0";"18,9";"18,9";"18,4";"874,8";"874,9";"874,6";"1,3";"281,0";"5,0";"190,70";""
"21/03/2026";"2100";"19,8";"20,0";"19,8";"95,0";"95,0";"94,0";"18,9";"19,1";"18,7";"875,3";"875,3";"874,8";"0,1";"291,0";"3,4";"169,80";""
"21/03/2026";"2200";"19,5";"19,8";"19,5";"96,0";"96,0";"95,0";"18,9";"19,2";"18,8";"875,8";"875,8";"875,3";"0,0";"328,0";"1,4";"2,20";""
"21/03/2026";"2300";"19,3";"19,6";"19,3";"96,0";"96,0";"96,0";"18,7";"18,9";"18,7";"876,4";"876,4";"875,8";"0,3";"251,0";"1,0";"";""
"22/03/2026";"0000";"18,8";"19,5";"18,8";"97,0";"97,0";"96,0";"18,3";"18,9";"18,3";"876,9";"876,9";"876,4";"0,0";"331,0";"1,3";"";""
"22/03/2026";"0100";"18,8";"18,8";"18,5";"97,0";"97,0";"97,0";"18,3";"18,3";"18,0";"877,6";"877,6";"876,9";"0,6";"221,0";"1,6";"";""
"22/03/2026";"0200";"18,5";"18,8";"18,4";"97,0";"97,0";"97,0";"18,0";"18,3";"17,9";"877,6";"877,6";"877,6";"1,3";"259,0";"2,1";"";""
"22/03/2026";"0300";"18,5";"18,6";"18,5";"97,0";"97,0";"97,0";"18,0";"18,1";"18,0";"877,3";"877,7";"877,3";"0,6";"294,0";"2,6";"";""
"22/03/2026";"0400";"18,4";"18,6";"18,4";"97,0";"97,0";"97,0";"17,9";"18,1";"17,8";"877,0";"877,3";"877,0";"0,3";"336,0";"1,4";"";""
"22/03/2026";"0500";"18,3";"18,5";"18,2";"97,0";"97,0";"97,0";"17,9";"17,9";"17,7";"876,4";"877,0";"876,4";"0,2";"360,0";"1,0";"";""
"22/03/2026";"0600";"18,5";"18,5";"18,3";"97,0";"97,0";"97,0";"18,0";"18,0";"17,8";"876,1";"876,4";"876,1";"0,3";"92,0";"1,4";"";""
"22/03/2026";"0700";"18,1";"18,7";"18,1";"97,0";"97,0";"97,0";"17,6";"18,2";"17,6";"876,1";"876,1";"875,9";"1,2";"316,0";"1,7";"";""
"22/03/2026";"0800";"17,7";"18,2";"17,7";"97,0";"97,0";"97,0";"17,2";"17,7";"17,2";"876,2";"876,3";"876,1";"0,8";"286,0";"1,7";"";""
"22/03/2026";"0900";"17,9";"18,0";"17,7";"97,0";"97,0";"97,0";"17,5";"17,5";"17,2";"876,5";"876,5";"876,2";"0,9";"254,0";"1,5";"";""
"22/03/2026";"1000";"18,6";"18,6";"17,6";"97,0";"97,0";"97,0";"18,1";"18,1";"17,1";"877,0";"877,0";"876,5";"0,0";"208,0";"2,4";"124,90";""
"22/03/2026";"1100";"20,4";"20,4";"18,6";"86,0";"97,0";"86,0";"18,0";"18,7";"17,9";"877,7";"877,7";"877,0";"1,6";"263,0";"2,5";"596,40";""
"22/03/2026";"1200";"22,0";"22,0";"20,4";"80,0";"88,0";"78,0";"18,3";"18,8";"17,6";"878,2";"878,2";"877,7";"1,4";"200,0";"2,7";"1043,60";""
"22/03/2026";"1300";"24,0";"24,0";"22,0";"71,0";"82,0";"71,0";"18,4";"19,0";"17,4";"878,1";"878,2";"878,1";"1,0";"207,0";"2,8";"1374,90";""
"22/03/2026";"1400";"24,5";"25,0";"23,5";"67,0";"72,0";"64,0";"17,9";"18,6";"17,2";"877,8";"878,1";"877,8";"0,8";"121,0";"3,5";"1782,40";""
"22/03/2026";"1500";"26,5";"27,9";"24,5";"54,0";"68,0";"50,0";"16,5";"18,7";"15,7";"876,9";"877,8";"876,9";"1,4";"162,0";"3,6";"3301,20";""
"22/03/2026";"1600";"24,4";"28,4";"24,2";"63,0";"66,0";"48,0";"17,0";"18,9";"15,9";"876,0";"876,9";"876,0";"3,0";"35,0";"5,0";"2489,40";""
"22/03/2026";"1700";"26,5";"26,8";"23,8";"64,0";"70,0";"62,0";"19,1";"19,5";"16,9";"875,3";"876,0";"875,3";"3,0";"35,0";"5,9";"1907,00";""
"22/03/2026";"1800";"20,8";"26,5";"20,8";"87,0";"87,0";"61,0";"18,6";"19,0";"17,3";"875,0";"875,3";"875,0";"3,4";"216,0";"5,7";"853,40";""
"22/03/2026";"1900";"20,1";"20,8";"19,6";"93,0";"94,0";"87,0";"19,0";"19,4";"17,9";"874,8";"875,1";"874,7";"0,8";"235,0";"5,9";"256,90";""
"22/03/2026";"2000";"22,6";"22,7";"20,0";"84,0";"93,0";"80,0";"19,7";"20,1";"18,6";"874,0";"874,8";"874,0";"1,4";"256,0";"2,5";"752,40";""
"22/03/2026";"2100";"22,0";"22,9";"22,0";"86,0";"87,0";"78,0";"19,5";"19,9";"18,6";"874,0";"874,2";"873,9";"1,3";"266,0";"2,5";"300,80";""
"22/03/2026";"2200";"19,5";"21,9";"19,5";"94,0";"94,0";"85,0";"18,6";"19,4";"18,4";"874,6";"874,7";"873,9";"1,1";"330,0";"2,2";"11,00";""
"22/03/2026";"2300";"18,6";"19,5";"18,6";"95,0";"95,0";"92,0";"17,8";"18,6";"17,6";"875,3";"875,3";"874,6";"0,3";"4,0";"2,5";"";""
"23/03/2026";"0000";"18,4";"18,6";"18,0";"96,0";"96,0";"95,0";"17,7";"17,8";"17,3";"875,6";"875,6";"875,2";"0,7";"309,0";"1,3";"";""
"23/03/2026";"0100";"17,4";"18,1";"17,4";"95,0";"97,0";"95,0";"16,7";"17,5";"16,7";"876,1";"876,1";"875,6";"1,0";"327,0";"2,0";"";""
"23/03/2026";"0200";"17,3";"17,7";"17,1";"96,0";"96,0";"95,0";"16,6";"17,0";"16,4";"876,6";"876,6";"876,1";"0,4";"36,0";"2,0";"";""
"23/03/2026";"0300";"17,6";"17,7";"16,9";"94,0";"96,0";"94,0";"16,6";"16,8";"16,1";"876,2";"876,6";"876,2";"0,6";"40,0";"2,2";"";""
"23/03/2026";"0400";"17,5";"17,6";"17,1";"94,0";"95,0";"93,0";"16,5";"16,7";"16,2";"876,0";"876,3";"876,0";"1,9";"284,0";"2,3";"";""
"23/03/2026";"0500";"17,1";"17,7";"16,8";"95,0";"95,0";"93,0";"16,3";"16,5";"15,9";"875,9";"876,0";"875,9";"1,1";"299,0";"2,3";"";""
"23/03/2026";"0600";"17,2";"17,4";"16,8";"96,0";"96,0";"95,0";"16,6";"16,7";"16,0";"875,3";"875,9";"875,3";"0,8";"248,0";"1,8";"";""
"23/03/2026";"0700";"17,1";"17,6";"16,5";"96,0";"96,0";"94,0";"16,5";"16,9";"15,7";"875,3";"875,3";"875,1";"1,0";"288,0";"1,9";"";""
"23/03/2026";"0800";"18,6";"18,6";"16,8";"92,0";"96,0";"92,0";"17,2";"17,2";"16,1";"875,5";"875,5";"875,3";"1,6";"297,0";"2,9";"";""
"23/03/2026";"0900";"17,2";"18,6";"17,2";"95,0";"95,0";"92,0";"16,5";"17,4";"16,5";"875,7";"875,8";"875,5";"1,5";"269,0";"2,7";"";""
"23/03/2026";"1000";"18,9";"18,9";"16,9";"96,0";"97,0";"95,0";"18,3";"18,3";"16,2";"875,8";"875,8";"875,7";"0,0";"11,0";"2,1";"53,40";""
"23/03/2026";"1100";"22,0";"22,5";"18,9";"81,0";"96,0";"78,0";"18,7";"18,8";"17,8";"876,1";"876,1";"875,8";"1,8";"228,0";"2,8";"778,50";""
"23/03/2026";"1200";"22,5";"22,5";"21,5";"83,0";"85,0";"79,0";"19,5";"19,5";"18,3";"876,5";"876,5";"876,1";"0,6";"221,0";"3,4";"723,20";""
"23/03/2026";"1300";"24,8";"25,3";"22,4";"64,0";"83,0";"61,0";"17,4";"19,3";"17,0";"876,6";"876,7";"876,5";"0,9";"211,0";"3,2";"2027,70";""
"23/03/2026";"1400";"25,4";"26,8";"24,4";"63,0";"67,0";"59,0";"17,8";"19,5";"16,9";"876,0";"876,6";"876,0";"1,2";"248,0";"4,0";"2481,60";""
"23/03/2026";"1500";"27,6";"27,8";"25,3";"56,0";"66,0";"53,0";"17,9";"19,5";"16,8";"875,0";"876,0";"875,0";"1,5";"175,0";"4,5";"3041,90";""
"23/03/2026";"1600";"28,4";"29,2";"26,0";"57,0";"64,0";"52,0";"18,9";"20,7";"16,6";"874,0";"875,0";"874,0";"3,5";"57,0";"6,0";"2912,80";""
"23/03/2026";"1700";"22,6";"28,3";"21,1";"88,0";"90,0";"56,0";"20,5";"20,9";"17,7";"873,5";"874,0";"873,5";"2,4";"306,0";"6,0";"668,40";""
"23/03/2026";"1800";"21,5";"22,9";"21,5";"86,0";"88,0";"82,0";"19,1";"20,7";"19,1";"873,1";"873,5";"873,0";"3,0";"236,0";"5,7";"753,70";""
"23/03/2026";"1900";"21,8";"22,0";"21,5";"84,0";"88,0";"81,0";"19,0";"19,7";"18,2";"873,0";"873,4";"872,7";"1,9";"263,0";"5,5";"513,40";""
"23/03/2026";"2000";"20,8";"22,7";"20,8";"80,0";"85,0";"76,0";"17,3";"19,6";"17,2";"872,8";"873,0";"872,6";"1,5";"241,0";"4,6";"705,00";""
"23/03/2026";"2100";"19,6";"20,8";"19,6";"85,0";"86,0";"80,0";"17,0";"17,8";"17,0";"873,6";"873,6";"872,7";"1,2";"202,0";"2,7";"104,70";""
"23/03/2026";"2200";"17,9";"19,6";"17,9";"93,0";"93,0";"84,0";"16,9";"17,1";"16,6";"873,9";"873,9";"873,5";"1,0";"335,0";"3,0";"3,40";""
"23/03/2026";"2300";"18,3";"18,7";"17,8";"94,0";"96,0";"93,0";"17,4";"17,9";"16,7";"874,4";"874,4";"873,9";"0,7";"195,0";"2,6";"";""
"24/03/2026";"0000";"19,7";"20,2";"18,0";"91,0";"96,0";"91,0";"18,2";"19,0";"17,1";"874,5";"874,7";"874,3";"1,0";"84,0";"3,5";"";""
"24/03/2026";"0100";"19,7";"19,7";"19,1";"87,0";"92,0";"87,0";"17,4";"18,3";"17,2";"874,8";"875,1";"874,5";"1,4";"1,0";"5,0";"";""
"24/03/2026";"0200";"19,4";"19,7";"18,5";"84,0";"91,0";"84,0";"16,6";"17,6";"16,6";"874,7";"874,9";"874,6";"2,7";"287,0";"4,4";"";""
"24/03/2026";"0300";"19,1";"19,7";"18,6";"90,0";"91,0";"84,0";"17,5";"17,6";"16,5";"875,3";"875,4";"874,7";"1,1";"247,0";"4,4";"";""
"24/03/2026";"0400";"19,9";"20,5";"19,2";"85,0";"90,0";"83,0";"17,3";"17,8";"17,2";"874,9";"875,3";"874,7";"2,9";"276,0";"7,6";"";""
"24/03/2026";"0500";"19,1";"19,9";"19,0";"93,0";"93,0";"85,0";"18,0";"18,0";"17,4";"875,3";"875,4";"874,9";"0,3";"112,0";"4,8";"";""
"24/03/2026";"0600";"16,6";"19,2";"16,6";"96,0";"96,0";"91,0";"16,0";"18,0";"16,0";"875,5";"875,8";"875,3";"3,1";"186,0";"7,4";"";""
"24/03/2026";"0700";"16,3";"16,7";"16,0";"94,0";"96,0";"94,0";"15,3";"16,1";"15,2";"875,8";"875,8";"875,4";"2,7";"272,0";"6,8";"";""
"24/03/2026";"0800";"16,7";"16,8";"16,2";"95,0";"95,0";"94,0";"16,0";"16,0";"15,4";"876,0";"876,0";"875,5";"0,2";"180,0";"5,4";"";""
"24/03/2026";"0900";"16,3";"16,7";"16,3";"96,0";"96,0";"95,0";"15,7";"16,0";"15,7";"875,4";"876,0";"875,3";"1,1";"282,0";"2,5";"";""
"24/03/2026";"1000";"16,7";"16,7";"16,2";"96,0";"96,0";"96,0";"16,1";"16,1";"15,6";"876,2";"876,2";"875,3";"2,0";"52,0";"4,1";"23,60";""
"24/03/2026";"1100";"16,9";"16,9";"16,7";"97,0";"97,0";"96,0";"16,5";"16,5";"16,0";"877,3";"877,3";"876,2";"2,9";"44,0";"6,2";"124,20";""
"24/03/2026";"1200";"21,1";"21,1";"16,9";"78,0";"98,0";"78,0";"17,0";"20,3";"16,5";"876,9";"877,4";"876,8";"1,4";"19,0";"4,6";"1410,60";""
"24/03/2026";"1300";"20,9";"21,4";"20,5";"83,0";"87,0";"75,0";"17,9";"18,9";"16,2";"877,0";"877,0";"876,9";"1,6";"79,0";"4,2";"1191,40";""
"24/03/2026";"1400";"22,6";"23,0";"20,8";"72,0";"86,0";"71,0";"17,3";"18,7";"17,1";"877,1";"877,2";"877,0";"0,5";"122,0";"2,7";"1172,10";""
"24/03/2026";"1500";"23,6";"23,8";"22,6";"66,0";"76,0";"66,0";"17,0";"18,4";"16,8";"876,8";"877,1";"876,6";"1,3";"188,0";"3,1";"1540,40";""
"24/03/2026";"1600";"21,5";"24,0";"21,2";"86,0";"88,0";"64,0";"19,1";"19,8";"16,5";"876,4";"876,8";"876,4";"4,0";"24,0";"6,9";"1396,20";""
"24/03/2026";"1700";"22,6";"22,7";"21,3";"79,0";"87,0";"79,0";"18,7";"19,7";"18,4";"874,8";"876,4";"874,8";"2,6";"44,0";"6,9";"1708,10";""
"24/03/2026";"1800";"24,0";"24,1";"22,6";"78,0";"80,0";"75,0";"19,8";"20,0";"18,4";"873,7";"874,8";"873,7";"2,1";"52,0";"4,5";"1768,60";""
"24/03/2026";"1900";"25,4";"26,0";"23,2";"61,0";"79,0";"55,0";"17,4";"19,7";"16,1";"873,5";"873,8";"873,4";"1,8";"263,0";"6,3";"1794,30";""
"24/03/2026";"2000";"21,5";"25,7";"21,5";"84,0";"84,0";"57,0";"18,8";"19,0";"16,0";"873,7";"873,8";"873,5";"1,6";"47,0";"6,7";"898,70";""
"24/03/2026";"2100";"20,0";"21,5";"20,0";"92,0";"92,0";"84,0";"18,8";"19,1";"18,6";"873,9";"873,9";"873,5";"1,8";"46,0";"4,3";"249,30";""
"24/03/2026";"2200";"19,3";"20,0";"19,3";"94,0";"94,0";"92,0";"18,3";"18,8";"18,3";"875,2";"875,2";"873,9";"1,2";"18,0";"3,9";"5,90";""
"24/03/2026";"2300";"18,8";"19,3";"18,8";"94,0";"94,0";"93,0";"17,8";"18,3";"17,8";"875,7";"875,7";"875,2";"1,4";"343,0";"2,5";"";""
"25/03/2026";"0000";"18,7";"19,0";"18,6";"95,0";"95,0";"94,0";"17,8";"18,0";"17,7";"876,2";"876,2";"875,7";"0,0";"34,0";"2,5";"";""
"25/03/2026";"0100";"18,6";"18,7";"18,5";"95,0";"95,0";"95,0";"17,8";"17,9";"17,7";"876,4";"876,5";"876,2";"0,9";"335,0";"1,6";"";""
"25/03/2026";"0200";"18,3";"18,6";"18,3";"96,0";"96,0";"95,0";"17,6";"17,8";"17,6";"876,7";"876,8";"876,4";"0,0";"208,0";"1,7";"";""
"25/03/2026";"0300";"18,5";"18,6";"18,2";"95,0";"96,0";"95,0";"17,7";"17,9";"17,5";"876,8";"876,8";"876,7";"0,0";"326,0";"1,2";"";""
"25/03/2026";"0400";"18,5";"18,6";"18,5";"95,0";"96,0";"95,0";"17,6";"17,9";"17,6";"876,2";"876,8";"876,2";"0,4";"264,0";"1,5";"";""
"25/03/2026";"0500";"17,9";"18,5";"17,8";"96,0";"96,0";"95,0";"17,2";"17,6";"17,1";"875,6";"876,2";"875,6";"0,4";"343,0";"1,5";"";""
"25/03/2026";"0600";"18,1";"18,1";"17,7";"96,0";"96,0";"96,0";"17,4";"17,5";"17,0";"875,5";"875,7";"875,3";"1,1";"358,0";"2,0";"";""
"25/03/2026";"0700";"17,0";"18,7";"17,0";"96,0";"96,0";"94,0";"16,2";"17,8";"16,2";"875,4";"875,5";"875,2";"2,5";"348,0";"6,4";"";""
"25/03/2026";"0800";"17,8";"17,9";"16,9";"97,0";"97,0";"96,0";"17,3";"17,4";"16,3";"875,5";"875,5";"875,3";"1,8";"51,0";"5,1";"";""
"25/03/2026";"0900";"17,8";"17,8";"17,7";"97,0";"97,0";"97,0";"17,3";"17,3";"17,2";"876,3";"876,3";"875,5";"2,0";"59,0";"3,4";"";""
"25/03/2026";"1000";"17,9";"17,9";"17,7";"97,0";"97,0";"97,0";"17,4";"17,4";"17,3";"877,1";"877,1";"876,3";"1,9";"52,0";"4,3";"7,80";""
"25/03/2026";"1100";"16,8";"17,9";"16,8";"97,0";"97,0";"97,0";"16,4";"17,5";"16,3";"878,1";"878,1";"877,1";"4,8";"49,0";"10,1";"41,10";""
"25/03/2026";"1200";"17,0";"17,0";"16,5";"97,0";"97,0";"97,0";"16,6";"16,6";"16,1";"879,2";"879,2";"878,1";"1,2";"81,0";"10,1";"42,60";""
"25/03/2026";"1300";"16,8";"17,0";"16,7";"98,0";"98,0";"97,0";"16,4";"16,6";"16,3";"880,0";"880,1";"879,2";"1,2";"134,0";"3,3";"62,30";""
"25/03/2026";"1400";"16,7";"16,9";"16,6";"97,0";"98,0";"97,0";"16,3";"16,5";"16,2";"879,6";"880,0";"879,4";"2,3";"52,0";"4,2";"169,90";""
"25/03/2026";"1500";"16,8";"17,4";"16,6";"97,0";"97,0";"97,0";"16,3";"16,9";"16,1";"879,1";"879,6";"879,1";"3,4";"68,0";"6,9";"444,20";""
"25/03/2026";"1600";"17,8";"18,3";"16,6";"96,0";"97,0";"96,0";"17,2";"17,7";"16,1";"878,1";"879,1";"878,1";"2,5";"55,0";"6,9";"886,70";""
"25/03/2026";"1700";"21,5";"21,5";"17,8";"80,0";"96,0";"80,0";"17,8";"18,9";"16,9";"876,7";"878,1";"876,7";"3,1";"68,0";"5,9";"1918,00";""
"25/03/2026";"1800";"20,7";"22,1";"20,6";"79,0";"81,0";"73,0";"17,0";"18,5";"16,4";"875,4";"876,7";"875,4";"4,4";"47,0";"8,4";"1878,80";""
"25/03/2026";"1900";"20,8";"21,0";"20,3";"87,0";"88,0";"78,0";"18,6";"18,6";"16,7";"875,5";"875,5";"875,3";"2,2";"49,0";"8,4";"956,90";""
"25/03/2026";"2000";"19,7";"21,0";"19,7";"87,0";"87,0";"82,0";"17,6";"18,5";"17,3";"876,1";"876,1";"875,5";"1,3";"197,0";"4,1";"540,10";""
"25/03/2026";"2100";"19,0";"19,7";"18,9";"91,0";"93,0";"87,0";"17,6";"17,9";"17,3";"876,2";"876,2";"876,1";"0,0";"285,0";"3,3";"194,10";""
"25/03/2026";"2200";"17,9";"19,1";"17,9";"94,0";"94,0";"91,0";"17,0";"17,7";"17,0";"876,7";"876,7";"876,2";"1,2";"11,0";"2,1";"10,00";""
"25/03/2026";"2300";"18,0";"18,0";"17,7";"96,0";"96,0";"94,0";"17,4";"17,4";"16,9";"877,1";"877,1";"876,7";"1,8";"53,0";"3,1";"";""
"26/03/2026";"0000";"17,8";"18,0";"17,7";"97,0";"97,0";"96,0";"17,3";"17,5";"17,2";"877,4";"877,5";"877,1";"2,3";"58,0";"4,4";"";""
"26/03/2026";"0100";"17,7";"17,8";"17,6";"97,0";"97,0";"97,0";"17,2";"17,3";"17,1";"878,0";"878,0";"877,4";"2,2";"57,0";"4,6";"";""
"26/03/2026";"0200";"17,2";"17,7";"17,2";"97,0";"97,0";"97,0";"16,8";"17,2";"16,8";"877,9";"878,0";"877,8";"2,9";"55,0";"4,9";"";""
"26/03/2026";"0300";"17,0";"17,3";"16,9";"97,0";"97,0";"97,0";"16,5";"16,9";"16,4";"877,9";"878,0";"877,8";"2,3";"42,0";"4,9";"";""
"26/03/2026";"0400";"16,6";"17,1";"16,6";"97,0";"97,0";"97,0";"16,1";"16,6";"16,1";"877,5";"877,9";"877,5";"2,2";"44,0";"4,9";"";""
"26/03/2026";"0500";"16,5";"16,6";"16,5";"96,0";"97,0";"96,0";"15,9";"16,1";"15,9";"877,3";"877,5";"877,2";"2,4";"29,0";"4,2";"";""
"26/03/2026";"0600";"17,3";"17,3";"16,5";"92,0";"96,0";"91,0";"15,9";"15,9";"15,6";"876,8";"877,3";"876,8";"3,1";"49,0";"4,8";"";""
"26/03/2026";"0700";"17,0";"17,3";"17,0";"94,0";"95,0";"92,0";"16,1";"16,2";"15,9";"876,6";"876,8";"876,5";"1,5";"55,0";"4,8";"";""
"26/03/2026";"0800";"16,9";"17,1";"16,5";"96,0";"96,0";"94,0";"16,3";"16,3";"15,7";"876,8";"876,8";"876,6";"1,9";"70,0";"4,3";"";""
"26/03/2026";"0900";"17,2";"17,4";"16,9";"95,0";"96,0";"95,0";"16,5";"16,6";"16,3";"877,2";"877,2";"876,8";"2,2";"58,0";"4,3";"";""
"26/03/2026";"1000";"17,3";"17,3";"17,1";"97,0";"97,0";"95,0";"16,8";"16,8";"16,4";"877,5";"877,5";"877,2";"2,0";"63,0";"4,1";"34,70";""
"26/03/2026";"1100";"17,8";"17,9";"17,3";"96,0";"97,0";"96,0";"17,2";"17,3";"16,8";"878,1";"878,1";"877,5";"2,6";"61,0";"4,7";"198,20";""
"26/03/2026";"1200";"18,8";"19,1";"17,8";"93,0";"96,0";"93,0";"17,6";"18,1";"17,1";"878,7";"878,7";"878,1";"2,2";"60,0";"4,7";"480,00";""
"26/03/2026";"1300";"20,5";"20,5";"18,8";"88,0";"94,0";"86,0";"18,5";"18,5";"17,5";"878,8";"878,9";"878,7";"1,6";"60,0";"4,3";"804,60";""
"26/03/2026";"1400";"22,2";"22,9";"20,4";"76,0";"88,0";"75,0";"17,7";"18,7";"17,3";"878,5";"878,9";"878,5";"2,8";"60,0";"6,0";"1656,10";""
"26/03/2026";"1500";"22,2";"22,7";"21,2";"78,0";"84,0";"75,0";"18,1";"18,9";"17,4";"878,0";"878,6";"878,0";"2,7";"62,0";"6,0";"1407,70";""
"26/03/2026";"1600";"24,8";"24,9";"21,7";"68,0";"81,0";"66,0";"18,6";"19,4";"17,3";"877,0";"878,0";"877,0";"2,9";"72,0";"6,0";"2221,10";""
"26/03/2026";"1700";"25,3";"26,2";"23,3";"67,0";"75,0";"60,0";"18,8";"19,2";"17,3";"876,2";"877,0";"876,2";"4,0";"73,0";"7,5";"3398,60";""
"26/03/2026";"1800";"21,4";"25,4";"21,4";"80,0";"81,0";"64,0";"17,9";"18,9";"16,9";"875,7";"876,2";"875,4";"2,2";"74,0";"8,5";"826,00";""
"26/03/2026";"1900";"21,3";"21,4";"21,2";"82,0";"84,0";"80,0";"18,2";"18,6";"17,8";"875,1";"875,7";"875,1";"2,6";"82,0";"5,7";"317,90";""
"26/03/2026";"2000";"21,2";"21,6";"21,2";"82,0";"82,0";"79,0";"17,9";"18,2";"17,7";"875,0";"875,3";"874,9";"2,8";"92,0";"4,9";"351,50";""
"26/03/2026";"2100";"20,9";"21,2";"20,7";"83,0";"85,0";"82,0";"17,9";"18,1";"17,9";"876,0";"876,0";"875,0";"2,6";"106,0";"5,4";"155,90";""
"26/03/2026";"2200";"19,6";"21,0";"19,6";"91,0";"91,0";"83,0";"18,0";"18,4";"17,9";"876,7";"876,7";"876,0";"1,6";"69,0";"6,2";"2,00";""
"26/03/2026";"2300";"19,4";"19,7";"19,4";"91,0";"91,0";"90,0";"17,9";"18,1";"17,9";"877,0";"877,1";"876,7";"3,1";"89,0";"6,0";"";""
"27/03/2026";"0000";"19,0";"19,5";"18,8";"94,0";"94,0";"91,0";"18,0";"18,0";"17,8";"877,5";"877,5";"876,9";"2,7";"76,0";"5,8";"";""
"27/03/2026";"0100";"19,4";"19,4";"19,0";"91,0";"93,0";"91,0";"17,9";"18,1";"17,9";"877,9";"877,9";"877,5";"2,2";"70,0";"5,5";"";""
"27/03/2026";"0200";"19,2";"19,5";"19,2";"92,0";"93,0";"91,0";"17,9";"18,1";"17,8";"877,7";"877,9";"877,7";"2,3";"68,0";"5,1";"";""
"27/03/2026";"0300";"19,0";"19,3";"19,0";"94,0";"94,0";"92,0";"18,0";"18,0";"17,9";"877,8";"877,9";"877,7";"2,4";"58,0";"5,2";"";""
"27/03/2026";"0400";"18,8";"19,0";"18,8";"95,0";"95,0";"94,0";"18,1";"18,1";"18,0";"877,2";"877,8";"877,2";"2,6";"59,0";"5,8";"";""
"27/03/2026";"0500";"18,6";"18,9";"18,6";"96,0";"96,0";"95,0";"17,9";"18,1";"17,9";"876,8";"877,2";"876,8";"2,9";"58,0";"6,9";"";""
"27/03/2026";"0600";"18,3";"18,6";"18,2";"96,0";"96,0";"96,0";"17,6";"17,9";"17,5";"876,6";"876,8";"876,6";"3,0";"59,0";"5,5";"";""
"27/03/2026";"0700";"18,2";"18,4";"18,2";"96,0";"96,0";"95,0";"17,5";"17,6";"17,5";"876,7";"876,7";"876,5";"3,4";"74,0";"7,0";"";""
"27/03/2026";"0800";"18,2";"18,5";"18,2";"93,0";"96,0";"92,0";"17,1";"17,5";"17,1";"876,9";"876,9";"876,7";"3,2";"69,0";"8,3";"";""
"27/03/2026";"0900";"18,7";"18,7";"18,2";"91,0";"93,0";"91,0";"17,1";"17,3";"17,1";"877,4";"877,4";"876,9";"4,4";"81,0";"7,5";"";""
"27/03/2026";"1000";"18,7";"18,8";"18,6";"92,0";"92,0";"90,0";"17,3";"17,3";"17,1";"877,9";"877,9";"877,4";"4,1";"82,0";"9,0";"40,00";""
"27/03/2026";"1100";"19,1";"19,2";"18,7";"91,0";"92,0";"90,0";"17,6";"17,7";"17,3";"878,3";"878,3";"877,9";"5,0";"80,0";"9,4";"301,70";""
"27/03/2026";"1200";"20,8";"21,5";"19,1";"79,0";"91,0";"79,0";"17,1";"18,0";"17,1";"878,8";"878,8";"878,3";"5,6";"76,0";"11,0";"955,80";""
"27/03/2026";"1300";"21,5";"22,1";"20,0";"80,0";"83,0";"75,0";"17,9";"18,5";"16,6";"878,6";"878,8";"878,6";"6,4";"87,0";"11,6";"1579,50";""
"27/03/2026";"1400";"22,5";"23,2";"20,9";"71,0";"81,0";"69,0";"17,1";"18,0";"16,6";"878,7";"878,8";"878,6";"5,4";"90,0";"11,7";"2351,90";""
"27/03/2026";"1500";"24,7";"24,7";"22,3";"68,0";"75,0";"66,0";"18,4";"19,0";"16,8";"877,9";"878,7";"877,9";"5,9";"65,0";"10,8";"3030,90";""
"27/03/2026";"1600";"23,2";"24,8";"22,9";"67,0";"70,0";"63,0";"16,7";"18,4";"16,1";"877,2";"877,9";"877,2";"6,3";"95,0";"10,7";"3143,60";""
"27/03/2026";"1700";"24,4";"25,2";"23,2";"64,0";"69,0";"60,0";"17,1";"18,6";"16,3";"876,6";"877,2";"876,6";"4,5";"84,0";"10,4";"2836,80";""
"27/03/2026";"1800";"24,0";"24,4";"22,9";"69,0";"74,0";"63,0";"18,0";"18,7";"16,7";"876,2";"876,7";"876,2";"3,3";"89,0";"8,8";"1349,90";""
"27/03/2026";"1900";"23,9";"25,1";"23,5";"66,0";"71,0";"63,0";"17,2";"18,4";"16,7";"875,9";"876,2";"875,8";"4,4";"75,0";"7,8";"1861,90";""
"27/03/2026";"2000";"23,7";"24,5";"23,1";"68,0";"70,0";"65,0";"17,3";"18,4";"16,4";"875,8";"875,9";"875,7";"4,1";"100,0";"8,6";"821,20";""
"27/03/2026";"2100";"22,2";"23,8";"22,2";"73,0";"73,0";"67,0";"17,1";"17,4";"16,9";"875,7";"875,8";"875,6";"4,4";"107,0";"8,7";"430,50";""
"27/03/2026";"2200";"21,2";"22,2";"21,2";"77,0";"77,0";"73,0";"17,0";"17,2";"17,0";"876,0";"876,0";"875,7";"2,9";"108,0";"8,7";"9,50";""
"27/03/2026";"2300";"20,4";"21,2";"20,4";"77,0";"77,0";"76,0";"16,2";"17,0";"16,1";"876,4";"876,4";"876,0";"2,2";"98,0";"4,8";"";""
"28/03/2026";"0000";"20,3";"20,6";"20,0";"74,0";"77,0";"74,0";"15,5";"16,2";"15,5";"876,7";"876,7";"876,3";"3,8";"80,0";"8,1";"";""
"28/03/2026";"0100";"20,7";"20,8";"20,2";"71,0";"74,0";"70,0";"15,2";"15,5";"15,2";"877,3";"877,3";"876,7";"4,6";"86,0";"10,3";"";""
"28/03/2026";"0200";"20,0";"20,7";"20,0";"78,0";"78,0";"71,0";"16,0";"16,0";"15,3";"877,4";"877,4";"877,3";"4,7";"88,0";"9,0";"";""
"28/03/2026";"0300";"18,8";"20,1";"18,8";"84,0";"84,0";"77,0";"16,0";"16,2";"16,0";"877,4";"877,6";"877,4";"3,7";"78,0";"10,5";"";""
"28/03/2026";"0400";"18,1";"18,9";"18,1";"87,0";"87,0";"83,0";"15,8";"16,1";"15,8";"877,3";"877,4";"877,2";"3,9";"86,0";"11,2";"";""
"28/03/2026";"0500";"17,7";"18,1";"17,7";"88,0";"88,0";"87,0";"15,8";"15,9";"15,8";"877,0";"877,3";"877,0";"3,2";"88,0";"8,2";"";""
"28/03/2026";"0600";"17,0";"17,7";"17,0";"92,0";"92,0";"88,0";"15,7";"15,9";"15,7";"876,5";"877,0";"876,5";"2,4";"72,0";"8,5";"";""
"28/03/2026";"0700";"18,1";"18,2";"17,0";"87,0";"92,0";"87,0";"15,9";"16,0";"15,7";"876,1";"876,5";"876,0";"5,4";"94,0";"9,5";"";""
"28/03/2026";"0800";"18,4";"18,4";"17,9";"86,0";"88,0";"86,0";"16,0";"16,0";"15,8";"876,3";"876,3";"876,1";"5,2";"94,0";"10,4";"";""
"28/03/2026";"0900";"18,0";"18,4";"18,0";"88,0";"88,0";"86,0";"16,1";"16,1";"16,0";"876,8";"876,9";"876,3";"4,2";"85,0";"10,4";"";""
"28/03/2026";"1000";"17,9";"18,1";"17,9";"90,0";"90,0";"88,0";"16,2";"16,2";"16,0";"877,6";"877,6";"876,8";"4,7";"98,0";"9,0";"19,40";""
"28/03/2026";"1100";"18,1";"18,1";"17,7";"90,0";"91,0";"90,0";"16,5";"16,5";"16,2";"878,1";"878,1";"877,6";"5,0";"90,0";"10,1";"154,80";""
"28/03/2026";"1200";"20,3";"20,5";"18,0";"79,0";"91,0";"79,0";"16,6";"17,1";"16,4";"878,7";"878,7";"878,1";"6,2";"90,0";"11,9";"989,00";""
"28/03/2026";"1300";"21,6";"22,2";"20,1";"73,0";"80,0";"72,0";"16,6";"17,3";"16,3";"879,2";"879,2";"878,7";"5,9";"90,0";"12,4";"2619,90";""
"28/03/2026";"1400";"24,1";"24,6";"21,6";"67,0";"76,0";"66,0";"17,6";"18,6";"16,5";"879,3";"879,3";"879,2";"4,5";"81,0";"10,2";"3205,20";""
"28/03/2026";"1500";"21,7";"24,1";"21,3";"75,0";"76,0";"66,0";"17,1";"17,6";"16,3";"879,2";"879,4";"879,2";"4,3";"95,0";"8,8";"1729,40";""
"28/03/2026";"1600";"22,1";"23,4";"21,7";"72,0";"75,0";"68,0";"16,9";"18,2";"16,4";"878,6";"879,2";"878,6";"3,6";"113,0";"7,8";"1552,40";""
"28/03/2026";"1700";"24,4";"24,7";"21,8";"64,0";"77,0";"64,0";"17,1";"18,3";"16,7";"877,9";"878,6";"877,9";"2,9";"73,0";"5,8";"1706,20";""
"28/03/2026";"1800";"23,7";"24,5";"22,8";"66,0";"71,0";"64,0";"17,1";"18,3";"16,4";"877,2";"877,9";"877,2";"3,3";"114,0";"6,9";"1318,30";""
"28/03/2026";"1900";"24,1";"25,5";"22,9";"66,0";"70,0";"60,0";"17,4";"17,9";"16,1";"876,8";"877,3";"876,8";"3,1";"101,0";"6,3";"1193,40";""
"28/03/2026";"2000";"23,8";"25,5";"23,3";"65,0";"67,0";"60,0";"16,8";"18,1";"16,4";"876,8";"876,8";"876,7";"3,3";"102,0";"6,9";"1257,50";""
"28/03/2026";"2100";"22,2";"23,8";"21,9";"73,0";"74,0";"65,0";"17,1";"17,1";"16,7";"877,0";"877,1";"876,8";"2,2";"98,0";"7,1";"434,00";""
"28/03/2026";"2200";"20,1";"22,2";"20,1";"82,0";"82,0";"73,0";"16,9";"17,2";"16,9";"877,3";"877,3";"877,0";"0,8";"93,0";"5,2";"10,60";""
"28/03/2026";"2300";"20,0";"20,1";"19,1";"87,0";"88,0";"82,0";"17,9";"17,9";"16,6";"877,4";"877,5";"877,3";"1,3";"111,0";"2,9";"";""
"29/03/2026";"0000";"19,0";"20,1";"18,6";"90,0";"92,0";"87,0";"17,3";"17,9";"17,1";"877,8";"877,8";"877,4";"1,6";"57,0";"2,7";"";""
"29/03/2026";"0100";"19,4";"19,8";"19,0";"89,0";"90,0";"87,0";"17,6";"17,8";"17,3";"878,0";"878,1";"877,7";"1,6";"65,0";"4,0";"";""
"29/03/2026";"0200";"19,1";"19,5";"19,0";"90,0";"91,0";"89,0";"17,5";"17,8";"17,5";"878,2";"878,2";"878,0";"2,4";"86,0";"3,7";"";""
"29/03/2026";"0300";"19,3";"19,5";"19,1";"89,0";"91,0";"89,0";"17,4";"17,6";"17,4";"877,8";"878,2";"877,6";"4,8";"99,0";"9,6";"";""
"29/03/2026";"0400";"18,6";"19,4";"18,6";"92,0";"92,0";"89,0";"17,3";"17,4";"17,3";"877,7";"877,9";"877,7";"3,1";"89,0";"8,8";"";""
"29/03/2026";"0500";"18,4";"18,7";"18,4";"92,0";"92,0";"91,0";"17,1";"17,4";"17,1";"877,4";"877,8";"877,4";"2,9";"70,0";"6,4";"";""
"29/03/2026";"0600";"18,0";"18,5";"18,0";"95,0";"95,0";"92,0";"17,2";"17,3";"17,0";"877,3";"877,5";"877,2";"2,3";"61,0";"6,3";"";""
"29/03/2026";"0700";"18,0";"18,3";"18,0";"95,0";"95,0";"95,0";"17,2";"17,5";"17,2";"877,2";"877,4";"877,2";"2,0";"71,0";"3,6";"";""
"29/03/2026";"0800";"18,7";"18,8";"18,0";"91,0";"96,0";"90,0";"17,2";"17,5";"17,2";"877,5";"877,5";"877,2";"4,0";"98,0";"8,3";"";""
"29/03/2026";"0900";"18,5";"18,7";"18,3";"91,0";"93,0";"91,0";"17,0";"17,3";"17,0";"878,0";"878,0";"877,5";"4,2";"92,0";"8,3";"";""
"29/03/2026";"1000";"18,3";"18,5";"18,3";"93,0";"93,0";"91,0";"17,1";"17,1";"16,9";"878,4";"878,4";"877,9";"4,0";"76,0";"8,0";"26,20";""
"29/03/2026";"1100";"18,8";"18,8";"18,3";"90,0";"93,0";"90,0";"17,1";"17,4";"16,9";"879,0";"879,0";"878,4";"4,8";"79,0";"9,1";"268,60";""
"29/03/2026";"1200";"19,2";"19,2";"18,8";"87,0";"90,0";"87,0";"16,9";"17,4";"16,8";"879,4";"879,4";"878,9";"4,7";"79,0";"9,7";"477,50";""
"29/03/2026";"1300";"21,3";"21,3";"19,1";"79,0";"88,0";"79,0";"17,5";"17,6";"16,8";"879,6";"879,6";"879,4";"5,1";"78,0";"10,4";"1588,90";""
"29/03/2026";"1400";"23,4";"23,6";"21,1";"72,0";"80,0";"68,0";"18,0";"18,3";"16,7";"879,2";"879,6";"879,2";"5,5";"71,0";"9,2";"2761,00";""
"29/03/2026";"1500";"24,3";"24,8";"22,9";"66,0";"72,0";"62,0";"17,6";"18,9";"16,2";"878,8";"879,2";"878,8";"4,3";"85,0";"9,9";"3717,80";""
"29/03/2026";"1600";"23,6";"25,4";"23,1";"66,0";"67,0";"61,0";"16,9";"18,4";"16,2";"878,0";"878,8";"878,0";"4,1";"116,0";"8,1";"2943,60";""
"29/03/2026";"1700";"25,9";"26,2";"23,2";"59,0";"67,0";"56,0";"17,4";"17,9";"15,9";"877,3";"878,0";"877,3";"4,2";"57,0";"8,0";"3362,90";""
"29/03/2026";"1800";"26,1";"26,5";"25,0";"57,0";"60,0";"52,0";"17,0";"17,6";"15,0";"876,5";"877,3";"876,5";"3,2";"65,0";"7,0";"3055,40";""
"29/03/2026";"1900";"25,7";"26,5";"24,1";"60,0";"64,0";"55,0";"17,4";"17,5";"15,6";"876,2";"876,5";"876,2";"2,7";"70,0";"7,3";"2033,50";""
"29/03/2026";"2000";"25,1";"26,1";"24,7";"59,0";"61,0";"56,0";"16,6";"17,3";"15,6";"876,2";"876,2";"876,0";"2,5";"70,0";"5,9";"1414,50";""
"29/03/2026";"2100";"22,0";"25,1";"22,0";"74,0";"74,0";"59,0";"17,1";"17,1";"16,3";"876,4";"876,4";"876,0";"1,2";"79,0";"5,0";"344,60";""
"29/03/2026";"2200";"19,3";"22,0";"19,1";"86,0";"86,0";"74,0";"16,9";"17,2";"16,7";"876,6";"876,6";"876,4";"0,8";"115,0";"2,6";"0,80";""
"29/03/2026";"2300";"19,2";"19,5";"18,6";"85,0";"87,0";"85,0";"16,6";"17,1";"16,3";"877,1";"877,1";"876,6";"1,0";"70,0";"2,4";"";""
"30/03/2026";"0000";"18,9";"19,2";"18,6";"84,0";"86,0";"83,0";"16,1";"16,6";"16,1";"877,7";"877,7";"877,1";"1,3";"91,0";"3,3";"";""
"30/03/2026";"0100";"20,4";"20,8";"18,9";"80,0";"84,0";"78,0";"16,8";"16,8";"16,0";"878,1";"878,1";"877,7";"1,0";"126,0";"5,0";"";""
"30/03/2026";"0200";"19,0";"20,5";"19,0";"83,0";"83,0";"79,0";"16,0";"16,9";"16,0";"878,1";"878,3";"878,0";"1,9";"59,0";"4,1";"";""
"30/03/2026";"0300";"18,6";"19,2";"18,6";"85,0";"85,0";"82,0";"16,0";"16,1";"15,8";"878,2";"878,3";"878,1";"2,7";"62,0";"6,1";"";""
"30/03/2026";"0400";"17,7";"18,6";"17,6";"90,0";"90,0";"85,0";"15,9";"16,1";"15,9";"877,8";"878,2";"877,8";"1,9";"51,0";"4,8";"";""
"30/03/2026";"0500";"17,0";"17,7";"16,9";"93,0";"93,0";"89,0";"15,9";"16,0";"15,7";"877,6";"877,9";"877,6";"1,5";"33,0";"3,3";"";""
"30/03/2026";"0600";"16,9";"17,1";"16,8";"94,0";"94,0";"92,0";"15,8";"16,0";"15,6";"877,0";"877,6";"877,0";"1,9";"54,0";"2,8";"";""
"30/03/2026";"0700";"16,1";"16,9";"16,0";"95,0";"95,0";"93,0";"15,2";"15,7";"15,0";"876,4";"877,0";"876,4";"1,7";"43,0";"2,9";"";""
"30/03/2026";"0800";"16,9";"16,9";"16,1";"91,0";"95,0";"91,0";"15,5";"15,5";"15,3";"876,5";"876,5";"876,4";"2,4";"49,0";"3,6";"";""
"30/03/2026";"0900";"16,6";"17,0";"16,5";"92,0";"92,0";"90,0";"15,3";"15,5";"15,1";"876,7";"876,7";"876,4";"2,1";"62,0";"3,6";"";""
"30/03/2026";"1000";"17,6";"17,6";"16,2";"90,0";"94,0";"90,0";"15,9";"15,9";"15,1";"877,1";"877,1";"876,7";"1,6";"54,0";"3,1";"66,50";""
"30/03/2026";"1100";"20,8";"20,9";"17,6";"76,0";"90,0";"75,0";"16,4";"16,8";"15,9";"877,7";"877,7";"877,1";"2,8";"58,0";"5,0";"844,80";""
"30/03/2026";"1200";"22,3";"22,5";"20,8";"70,0";"77,0";"68,0";"16,6";"17,1";"16,0";"878,0";"878,0";"877,7";"3,4";"71,0";"6,1";"1826,80";""
"30/03/2026";"1300";"23,6";"23,8";"22,3";"66,0";"72,0";"65,0";"16,9";"17,3";"16,2";"878,2";"878,2";"878,0";"3,3";"67,0";"6,6";"2613,10";""
"30/03/2026";"1400";"24,8";"25,4";"23,4";"63,0";"68,0";"60,0";"17,3";"18,0";"16,7";"877,9";"878,2";"877,9";"2,9";"56,0";"7,1";"3225,10";""
"30/03/2026";"1500";"26,0";"26,3";"23,8";"59,0";"65,0";"56,0";"17,4";"18,1";"15,9";"877,2";"878,0";"877,2";"2,3";"15,0";"6,3";"3297,90";""
"30/03/2026";"1600";"24,7";"26,7";"24,6";"54,0";"60,0";"48,0";"14,8";"17,6";"14,0";"876,1";"877,2";"876,1";"1,8";"263,0";"5,8";"3034,50";""
"30/03/2026";"1700";"18,4";"25,6";"18,0";"86,0";"86,0";"50,0";"16,1";"16,6";"14,2";"876,1";"876,4";"875,9";"1,6";"186,0";"13,8";"479,60";""
"30/03/2026";"1800";"19,0";"19,1";"17,7";"91,0";"91,0";"81,0";"17,5";"17,5";"15,2";"875,5";"876,2";"875,5";"0,9";"68,0";"5,6";"382,90";""
"30/03/2026";"1900";"22,9";"22,9";"18,7";"74,0";"91,0";"71,0";"18,1";"18,3";"16,3";"874,2";"875,5";"874,2";"1,7";"33,0";"2,6";"1173,00";""
"30/03/2026";"2000";"22,3";"24,5";"22,0";"74,0";"75,0";"67,0";"17,3";"19,0";"17,2";"874,3";"874,3";"874,1";"1,4";"47,0";"4,5";"1282,50";""
"30/03/2026";"2100";"21,0";"22,9";"21,0";"80,0";"80,0";"71,0";"17,3";"17,9";"16,9";"874,5";"874,5";"874,2";"1,4";"325,0";"2,8";"220,80";""
"30/03/2026";"2200";"19,1";"21,0";"19,1";"85,0";"85,0";"80,0";"16,6";"17,6";"16,6";"874,8";"874,8";"874,5";"0,6";"235,0";"3,1";"5,40";""
"30/03/2026";"2300";"16,9";"19,1";"16,9";"90,0";"90,0";"84,0";"15,3";"16,8";"15,3";"874,8";"874,8";"874,6";"1,1";"266,0";"2,2";"";""
"31/03/2026";"0000";"16,6";"17,4";"16,4";"92,0";"92,0";"89,0";"15,4";"15,7";"15,0";"875,3";"875,4";"874,8";"0,4";"278,0";"2,5";"";""
"31/03/2026";"0100";"16,5";"17,4";"16,3";"93,0";"93,0";"88,0";"15,4";"15,6";"14,8";"876,0";"876,0";"875,3";"0,4";"334,0";"1,2";"";""
"31/03/2026";"0200";"17,2";"17,4";"16,5";"89,0";"93,0";"88,0";"15,5";"15,6";"15,0";"876,3";"876,3";"876,0";"1,4";"4,0";"2,1";"";""
"31/03/2026";"0300";"16,9";"17,4";"16,4";"90,0";"92,0";"89,0";"15,3";"15,6";"15,0";"876,1";"876,4";"876,0";"0,1";"21,0";"2,1";"";""
"31/03/2026";"0400";"17,1";"17,3";"16,3";"89,0";"92,0";"88,0";"15,2";"15,5";"14,8";"875,7";"876,1";"875,7";"1,6";"21,0";"1,9";"";""
"31/03/2026";"0500";"16,8";"17,2";"16,4";"91,0";"92,0";"89,0";"15,3";"15,6";"15,0";"875,5";"875,7";"875,5";"1,7";"50,0";"2,7";"";""
"31/03/2026";"0600";"17,1";"17,4";"16,7";"89,0";"91,0";"89,0";"15,3";"15,6";"15,2";"875,0";"875,5";"875,0";"2,2";"18,0";"3,8";"";""
"31/03/2026";"0700";"15,4";"17,1";"15,4";"95,0";"95,0";"89,0";"14,6";"15,3";"14,4";"874,6";"875,0";"874,6";"0,0";"205,0";"3,0";"";""
"31/03/2026";"0800";"16,5";"16,5";"15,1";"92,0";"96,0";"92,0";"15,2";"15,4";"14,3";"874,8";"874,8";"874,6";"2,0";"13,0";"3,2";"";""
"31/03/2026";"0900";"16,9";"16,9";"16,2";"91,0";"92,0";"91,0";"15,4";"15,4";"14,9";"874,8";"874,8";"874,7";"3,0";"25,0";"4,6";"";""
"31/03/2026";"1000";"18,3";"18,3";"16,8";"87,0";"92,0";"87,0";"16,2";"16,2";"15,3";"875,3";"875,3";"874,8";"2,4";"33,0";"4,6";"78,40";""
"31/03/2026";"1100";"22,0";"22,0";"18,3";"75,0";"88,0";"75,0";"17,4";"17,9";"16,3";"875,8";"875,8";"875,3";"1,8";"46,0";"4,1";"774,20";""
"31/03/2026";"1200";"23,7";"24,0";"21,3";"72,0";"78,0";"68,0";"18,2";"18,3";"16,9";"876,4";"876,4";"875,8";"2,4";"58,0";"5,2";"1809,10";""
"31/03/2026";"1300";"24,5";"25,1";"23,6";"65,0";"72,0";"63,0";"17,5";"18,5";"17,2";"876,8";"876,8";"876,4";"3,3";"72,0";"6,5";"2629,40";""
"31/03/2026";"1400";"25,8";"26,6";"24,1";"63,0";"68,0";"58,0";"18,2";"18,5";"17,0";"876,4";"876,8";"876,3";"3,9";"63,0";"6,5";"3111,40";""
"31/03/2026";"1500";"21,8";"26,8";"21,6";"73,0";"74,0";"57,0";"16,8";"18,5";"16,4";"875,8";"876,5";"875,8";"2,6";"227,0";"7,8";"2182,30";""
"31/03/2026";"1600";"22,0";"22,1";"21,0";"82,0";"85,0";"72,0";"18,7";"18,9";"16,7";"874,9";"875,8";"874,9";"2,0";"198,0";"5,3";"640,20";""
"31/03/2026";"1700";"19,2";"22,0";"18,2";"93,0";"95,0";"79,0";"18,1";"18,7";"16,6";"874,3";"875,1";"874,3";"2,0";"132,0";"9,5";"353,90";""
"31/03/2026";"1800";"19,1";"19,2";"18,5";"86,0";"93,0";"83,0";"16,6";"18,1";"15,9";"873,8";"874,3";"873,8";"1,3";"115,0";"8,2";"518,50";""
"31/03/2026";"1900";"24,9";"24,9";"19,1";"68,0";"88,0";"68,0";"18,5";"19,4";"16,8";"873,2";"873,8";"873,2";"0,7";"214,0";"2,7";"1973,50";""
"31/03/2026";"2000";"24,6";"25,7";"23,5";"67,0";"71,0";"59,0";"18,2";"18,3";"16,1";"873,3";"873,3";"873,0";"0,3";"322,0";"2,0";"1054,00";""
"31/03/2026";"2100";"21,0";"24,6";"21,0";"80,0";"84,0";"62,0";"17,5";"18,5";"16,0";"873,2";"873,3";"872,9";"0,8";"350,0";"2,2";"220,30";""
"31/03/2026";"2200";"19,7";"21,2";"19,6";"88,0";"88,0";"79,0";"17,6";"18,1";"17,2";"874,3";"874,3";"873,2";"2,1";"36,0";"3,5";"2,50";""
"31/03/2026";"2300";"19,4";"19,7";"19,1";"91,0";"91,0";"88,0";"17,8";"17,8";"17,5";"874,9";"874,9";"874,3";"0,8";"32,0";"3,4";"";""
"01/04/2026";"0000";"17,8";"19,5";"17,8";"93,0";"93,0";"88,0";"16,7";"17,8";"16,7";"875,3";"875,3";"874,8";"0,0";"17,0";"3,8";"";""
"01/04/2026";"0100";"18,2";"18,2";"17,5";"95,0";"95,0";"93,0";"17,4";"17,4";"16,5";"875,8";"875,9";"875,4";"0,7";"43,0";"1,6";"";""
"01/04/2026";"0200";"17,2";"18,2";"17,2";"95,0";"95,0";"94,0";"16,4";"17,5";"16,4";"876,2";"876,3";"875,8";"0,5";"256,0";"2,1";"";""
"01/04/2026";"0300";"17,0";"17,2";"16,8";"95,0";"95,0";"95,0";"16,2";"16,2";"15,9";"876,1";"876,3";"876,1";"1,1";"271,0";"1,9";"";""
"01/04/2026";"0400";"17,6";"17,6";"16,9";"93,0";"95,0";"93,0";"16,4";"16,5";"15,9";"875,6";"876,1";"875,6";"0,3";"325,0";"1,7";"";""
"01/04/2026";"0500";"17,9";"18,0";"17,3";"90,0";"94,0";"90,0";"16,3";"16,6";"16,3";"875,2";"875,6";"875,2";"0,3";"29,0";"1,2";"";""
"01/04/2026";"0600";"18,1";"18,3";"17,9";"86,0";"92,0";"85,0";"15,6";"16,8";"15,6";"874,9";"875,2";"874,9";"1,9";"17,0";"2,8";"";""
"01/04/2026";"0700";"16,6";"18,1";"16,6";"92,0";"92,0";"86,0";"15,3";"15,6";"15,1";"874,9";"875,0";"874,8";"1,0";"25,0";"2,6";"";""
"01/04/2026";"0800";"17,7";"17,7";"16,6";"89,0";"92,0";"89,0";"15,9";"16,0";"15,3";"874,8";"875,0";"874,8";"1,4";"7,0";"1,9";"";""
"01/04/2026";"0900";"18,4";"18,4";"17,7";"88,0";"90,0";"87,0";"16,3";"16,6";"15,9";"875,3";"875,3";"874,8";"0,8";"22,0";"2,5";"";""
"01/04/2026";"1000";"18,4";"18,5";"18,0";"90,0";"90,0";"88,0";"16,7";"16,7";"16,1";"875,8";"875,8";"875,3";"1,7";"29,0";"3,2";"36,00";""
"01/04/2026";"1100";"19,6";"19,7";"18,4";"89,0";"90,0";"87,0";"17,8";"17,8";"16,7";"876,3";"876,4";"875,8";"0,9";"72,0";"2,5";"294,00";""
"01/04/2026";"1200";"22,6";"23,0";"19,6";"75,0";"89,0";"74,0";"18,0";"18,8";"17,2";"876,9";"876,9";"876,3";"2,9";"79,0";"5,5";"1556,00";""
"01/04/2026";"1300";"23,9";"23,9";"21,1";"78,0";"84,0";"74,0";"19,9";"19,9";"18,1";"877,1";"877,3";"876,9";"3,0";"56,0";"6,4";"2474,50";""
"01/04/2026";"1400";"19,8";"24,5";"19,8";"94,0";"94,0";"74,0";"18,9";"20,2";"18,4";"877,2";"877,4";"877,1";"3,9";"48,0";"7,1";"1716,70";""
"01/04/2026";"1500";"21,4";"21,8";"19,1";"84,0";"97,0";"84,0";"18,5";"20,2";"18,3";"876,5";"877,3";"876,5";"3,6";"60,0";"8,0";"2100,10";""
"01/04/2026";"1600";"22,8";"23,3";"20,8";"82,0";"88,0";"78,0";"19,5";"20,0";"18,1";"875,9";"876,5";"875,8";"2,7";"45,0";"7,2";"1777,40";""
"01/04/2026";"1700";"23,1";"23,8";"22,5";"79,0";"82,0";"75,0";"19,2";"20,0";"18,6";"874,9";"875,9";"874,9";"2,9";"51,0";"6,4";"1802,60";""
"01/04/2026";"1800";"22,4";"23,1";"21,8";"81,0";"85,0";"78,0";"18,9";"19,3";"18,3";"874,3";"874,9";"874,3";"2,5";"62,0";"6,1";"1002,00";""
"01/04/2026";"1900";"19,4";"22,5";"19,3";"90,0";"90,0";"80,0";"17,7";"19,0";"17,2";"874,3";"874,6";"874,2";"2,0";"48,0";"7,0";"275,00";""
"01/04/2026";"2000";"19,1";"19,4";"19,1";"92,0";"94,0";"90,0";"17,8";"18,2";"17,7";"874,3";"874,6";"874,3";"2,1";"23,0";"3,7";"102,20";""
"01/04/2026";"2100";"19,7";"20,2";"19,1";"91,0";"93,0";"89,0";"18,3";"18,8";"17,8";"874,6";"874,6";"874,3";"0,5";"106,0";"3,0";"243,70";""
"01/04/2026";"2200";"18,5";"19,7";"18,4";"88,0";"94,0";"88,0";"16,5";"18,3";"16,5";"875,4";"875,4";"874,6";"2,3";"37,0";"3,9";"7,50";""
"01/04/2026";"2300";"18,0";"18,6";"18,0";"92,0";"92,0";"88,0";"16,7";"16,7";"16,5";"875,9";"876,0";"875,4";"1,9";"69,0";"4,4";"";""
"02/04/2026";"0000";"18,2";"18,2";"17,7";"91,0";"94,0";"91,0";"16,7";"16,9";"16,6";"876,7";"876,7";"875,9";"2,5";"63,0";"4,5";"";""
"02/04/2026";"0100";"18,6";"18,7";"18,2";"89,0";"91,0";"89,0";"16,8";"16,9";"16,7";"877,3";"877,3";"876,7";"3,1";"53,0";"5,1";"";""
"02/04/2026";"0200";"18,3";"18,7";"18,2";"91,0";"91,0";"89,0";"16,8";"16,9";"16,7";"877,9";"877,9";"877,3";"2,9";"56,0";"5,5";"";""
"02/04/2026";"0300";"18,0";"18,6";"18,0";"95,0";"95,0";"91,0";"17,1";"17,5";"16,8";"877,2";"877,9";"877,2";"2,6";"63,0";"5,9";"";""
"02/04/2026";"0400";"18,1";"18,2";"17,9";"97,0";"97,0";"95,0";"17,6";"17,6";"17,1";"877,0";"877,2";"876,8";"2,4";"51,0";"4,7";"";""
"02/04/2026";"0500";"18,2";"18,3";"18,1";"96,0";"97,0";"96,0";"17,6";"17,7";"17,5";"876,2";"877,0";"876,2";"2,5";"58,0";"5,3";"";""
"02/04/2026";"0600";"18,1";"18,2";"18,0";"97,0";"97,0";"96,0";"17,6";"17,6";"17,5";"875,5";"876,2";"875,4";"2,9";"69,0";"5,5";"";""
"02/04/2026";"0700";"17,8";"18,1";"17,8";"97,0";"97,0";"97,0";"17,4";"17,6";"17,4";"875,2";"875,5";"875,2";"2,4";"65,0";"5,9";"";""
"02/04/2026";"0800";"17,6";"17,8";"17,5";"97,0";"97,0";"97,0";"17,1";"17,4";"17,1";"875,4";"875,4";"875,2";"0,8";"98,0";"4,0";"";""
"02/04/2026";"0900";"17,1";"17,6";"17,0";"97,0";"97,0";"97,0";"16,7";"17,1";"16,6";"875,6";"875,6";"875,4";"1,4";"38,0";"2,5";"";""
"02/04/2026";"1000";"18,1";"18,1";"16,9";"94,0";"97,0";"94,0";"17,1";"17,1";"16,5";"876,2";"876,2";"875,5";"2,7";"45,0";"4,2";"69,80";""
"02/04/2026";"1100";"20,2";"20,2";"18,1";"88,0";"94,0";"88,0";"18,1";"18,1";"17,1";"877,0";"877,0";"876,2";"2,7";"53,0";"4,3";"520,80";""
"02/04/2026";"1200";"20,4";"22,1";"20,2";"89,0";"89,0";"81,0";"18,4";"19,5";"18,0";"878,2";"878,2";"877,0";"2,7";"30,0";"6,8";"1613,70";""
"02/04/2026";"1300";"20,8";"21,1";"20,0";"89,0";"91,0";"86,0";"19,0";"19,0";"18,0";"878,8";"878,8";"878,2";"2,3";"48,0";"5,4";"1123,60";""
"02/04/2026";"1400";"22,5";"22,5";"20,7";"80,0";"89,0";"79,0";"18,8";"19,5";"18,3";"878,8";"878,8";"878,7";"2,2";"62,0";"6,1";"1706,20";""
"02/04/2026";"1500";"22,6";"24,7";"22,1";"77,0";"81,0";"71,0";"18,5";"19,9";"18,1";"878,2";"878,8";"878,2";"3,0";"46,0";"7,3";"2108,30";""
"02/04/2026";"1600";"25,3";"25,8";"22,6";"67,0";"79,0";"65,0";"18,7";"19,5";"17,7";"877,2";"878,2";"877,2";"3,4";"69,0";"7,7";"3322,10";""
"02/04/2026";"1700";"23,0";"26,4";"22,7";"79,0";"80,0";"63,0";"19,1";"19,4";"17,8";"876,2";"877,2";"876,2";"3,1";"37,0";"7,5";"2285,00";""
"02/04/2026";"1800";"22,1";"23,6";"22,1";"80,0";"82,0";"78,0";"18,5";"19,8";"18,2";"876,1";"876,2";"875,7";"2,5";"40,0";"6,3";"948,60";""
"02/04/2026";"1900";"21,2";"22,1";"21,2";"85,0";"85,0";"80,0";"18,6";"18,8";"18,4";"876,0";"876,2";"875,9";"0,6";"79,0";"4,6";"249,10";""
"02/04/2026";"2000";"20,5";"21,4";"20,5";"89,0";"89,0";"85,0";"18,6";"19,1";"18,5";"876,6";"876,6";"876,0";"2,0";"24,0";"3,4";"110,10";""
"02/04/2026";"2100";"17,3";"20,5";"17,3";"95,0";"95,0";"89,0";"16,5";"18,8";"16,4";"877,1";"877,2";"876,6";"1,6";"72,0";"8,3";"12,60";""
"02/04/2026";"2200";"18,1";"18,1";"17,3";"95,0";"96,0";"95,0";"17,4";"17,4";"16,4";"877,2";"877,3";"877,1";"1,3";"6,0";"2,9";"";""
"02/04/2026";"2300";"17,8";"18,2";"17,8";"96,0";"96,0";"95,0";"17,3";"17,5";"17,2";"877,6";"877,6";"877,0";"0,0";"53,0";"2,1";"";""
"03/04/2026";"0000";"17,9";"18,0";"17,7";"97,0";"97,0";"96,0";"17,3";"17,5";"17,2";"878,8";"878,8";"877,6";"1,6";"33,0";"2,1";"";""
"03/04/2026";"0100";"17,9";"18,3";"17,8";"96,0";"97,0";"95,0";"17,3";"17,5";"16,9";"879,5";"879,5";"878,8";"2,4";"23,0";"4,1";"";""
"03/04/2026";"0200";"18,0";"18,0";"17,9";"97,0";"97,0";"96,0";"17,5";"17,5";"17,3";"879,7";"879,8";"879,5";"1,9";"60,0";"4,5";"";""
"03/04/2026";"0300";"17,8";"18,0";"17,6";"97,0";"97,0";"97,0";"17,2";"17,5";"17,1";"879,1";"879,7";"879,1";"0,5";"28,0";"4,3";"";""
"03/04/2026";"0400";"17,6";"17,9";"17,6";"97,0";"97,0";"97,0";"17,1";"17,4";"17,1";"878,6";"879,2";"878,6";"0,0";"356,0";"1,3";"";""
"03/04/2026";"0500";"17,5";"17,7";"17,4";"97,0";"97,0";"97,0";"17,0";"17,3";"16,9";"878,1";"878,6";"878,1";"0,0";"27,0";"1,4";"";""
"03/04/2026";"0600";"17,5";"17,6";"17,4";"97,0";"97,0";"97,0";"17,1";"17,1";"16,9";"877,7";"878,1";"877,7";"1,9";"64,0";"2,8";"";""
"03/04/2026";"0700";"17,4";"17,6";"17,3";"95,0";"97,0";"95,0";"16,6";"17,1";"16,6";"877,2";"877,7";"877,2";"2,2";"35,0";"3,3";"";""
"03/04/2026";"0800";"17,1";"17,5";"17,1";"96,0";"96,0";"95,0";"16,5";"16,7";"16,5";"876,9";"877,2";"876,8";"2,3";"36,0";"3,8";"";""
"03/04/2026";"0900";"17,4";"17,4";"17,1";"97,0";"97,0";"96,0";"16,9";"16,9";"16,5";"877,2";"877,2";"876,9";"2,7";"38,0";"5,1";"";""
"03/04/2026";"1000";"17,7";"17,7";"17,4";"97,0";"97,0";"97,0";"17,2";"17,2";"16,9";"877,6";"877,6";"877,2";"2,6";"49,0";"5,0";"59,60";""
"03/04/2026";"1100";"18,4";"18,5";"17,7";"96,0";"97,0";"96,0";"17,8";"17,9";"17,2";"878,4";"878,4";"877,6";"3,2";"55,0";"5,6";"406,70";""
"03/04/2026";"1200";"19,3";"19,3";"18,3";"94,0";"96,0";"94,0";"18,2";"18,3";"17,7";"879,5";"879,5";"878,4";"3,0";"61,0";"5,7";"625,70";""
"03/04/2026";"1300";"20,2";"20,2";"19,2";"91,0";"94,0";"90,0";"18,7";"18,7";"18,0";"880,0";"880,0";"879,5";"3,2";"57,0";"6,1";"933,90";""
"03/04/2026";"1400";"21,2";"21,4";"20,1";"85,0";"91,0";"85,0";"18,6";"19,3";"18,2";"879,9";"880,1";"879,9";"3,9";"68,0";"7,2";"1377,70";""
"03/04/2026";"1500";"23,6";"23,8";"21,2";"71,0";"86,0";"69,0";"18,0";"19,8";"17,5";"879,4";"880,0";"879,4";"3,7";"59,0";"8,9";"2949,10";""
"03/04/2026";"1600";"24,4";"25,0";"22,7";"72,0";"79,0";"68,0";"19,1";"19,5";"17,6";"878,5";"879,4";"878,5";"4,3";"58,0";"8,0";"2971,60";""
"03/04/2026";"1700";"25,0";"25,4";"24,3";"69,0";"73,0";"66,0";"18,9";"19,7";"18,1";"877,6";"878,5";"877,6";"3,5";"55,0";"7,9";"3239,00";""
"03/04/2026";"1800";"23,6";"25,8";"23,6";"69,0";"71,0";"63,0";"17,5";"19,2";"16,9";"877,1";"877,6";"877,1";"3,7";"76,0";"6,7";"2323,00";""
"03/04/2026";"1900";"24,4";"25,5";"23,4";"68,0";"73,0";"62,0";"18,1";"18,7";"17,0";"876,9";"877,1";"876,9";"3,2";"87,0";"6,7";"1714,90";""
"03/04/2026";"2000";"22,9";"24,9";"22,9";"73,0";"73,0";"61,0";"17,7";"18,4";"16,1";"876,9";"877,0";"876,8";"1,8";"75,0";"5,8";"1027,20";""
"03/04/2026";"2100";"22,0";"23,5";"22,0";"77,0";"78,0";"70,0";"17,7";"18,5";"17,4";"876,9";"876,9";"876,8";"1,4";"67,0";"3,8";"345,60";""
"03/04/2026";"2200";"19,7";"22,0";"19,7";"87,0";"87,0";"77,0";"17,4";"18,0";"17,4";"876,7";"876,9";"876,7";"1,0";"53,0";"2,3";"17,10";""
"03/04/2026";"2300";"18,4";"19,7";"18,3";"92,0";"92,0";"87,0";"17,1";"17,4";"16,8";"877,3";"877,3";"876,7";"1,2";"67,0";"2,1";"";""
"04/04/2026";"0000";"19,4";"19,4";"18,4";"88,0";"92,0";"88,0";"17,4";"17,5";"17,1";"877,4";"877,5";"877,3";"2,2";"43,0";"3,5";"";""
"04/04/2026";"0100";"19,5";"19,5";"19,0";"89,0";"90,0";"88,0";"17,7";"17,7";"17,2";"878,2";"878,2";"877,4";"2,0";"48,0";"3,5";"";""
"04/04/2026";"0200";"20,5";"20,5";"19,5";"87,0";"89,0";"86,0";"18,3";"18,3";"17,6";"878,4";"878,4";"878,2";"2,2";"58,0";"4,3";"";""
"04/04/2026";"0300";"20,5";"20,7";"20,4";"90,0";"90,0";"87,0";"18,9";"18,9";"18,3";"878,3";"878,5";"878,3";"2,1";"81,0";"4,5";"";""
"04/04/2026";"0400";"20,0";"20,5";"19,9";"89,0";"91,0";"89,0";"18,1";"18,9";"18,1";"877,8";"878,3";"877,8";"3,0";"103,0";"6,0";"";""
"04/04/2026";"0500";"19,1";"20,0";"19,1";"92,0";"92,0";"89,0";"17,7";"18,1";"17,7";"877,4";"877,8";"877,4";"1,7";"57,0";"6,0";"";""
"04/04/2026";"0600";"18,4";"19,1";"18,3";"95,0";"96,0";"92,0";"17,7";"17,8";"17,5";"877,2";"877,4";"877,1";"1,9";"72,0";"3,9";"";""
"04/04/2026";"0700";"18,3";"18,4";"18,1";"95,0";"96,0";"95,0";"17,5";"17,7";"17,4";"877,1";"877,3";"877,1";"2,1";"55,0";"3,4";"";""
"04/04/2026";"0800";"18,5";"18,6";"18,3";"95,0";"95,0";"94,0";"17,7";"17,7";"17,4";"877,2";"877,3";"877,1";"4,2";"54,0";"7,0";"";""
"04/04/2026";"0900";"18,2";"18,5";"18,1";"96,0";"96,0";"95,0";"17,5";"17,7";"17,4";"877,8";"877,8";"877,2";"1,9";"52,0";"6,4";"";""
"04/04/2026";"1000";"18,3";"18,3";"18,1";"96,0";"96,0";"96,0";"17,7";"17,7";"17,4";"877,9";"878,1";"877,8";"3,1";"60,0";"5,3";"46,60";""
"04/04/2026";"1100";"20,1";"20,6";"18,3";"87,0";"96,0";"85,0";"17,8";"18,4";"17,6";"878,8";"878,8";"877,9";"4,3";"70,0";"7,8";"589,10";""
"04/04/2026";"1200";"20,9";"21,0";"20,0";"86,0";"89,0";"85,0";"18,4";"18,6";"17,5";"879,5";"879,5";"878,7";"2,5";"65,0";"7,8";"731,10";""
"04/04/2026";"1300";"22,8";"23,1";"20,8";"77,0";"86,0";"76,0";"18,5";"19,3";"18,1";"879,9";"879,9";"879,5";"3,7";"55,0";"7,0";"1478,70";""
"04/04/2026";"1400";"24,5";"24,6";"22,1";"67,0";"80,0";"67,0";"18,0";"19,3";"17,2";"879,8";"879,9";"879,8";"3,3";"68,0";"7,5";"2089,70";""
"04/04/2026";"1500";"23,6";"25,2";"23,0";"69,0";"73,0";"64,0";"17,6";"19,0";"16,6";"879,1";"879,8";"879,1";"2,8";"65,0";"6,9";"1642,30";""
"04/04/2026";"1600";"26,5";"27,5";"23,6";"58,0";"69,0";"55,0";"17,5";"18,5";"16,3";"878,4";"879,1";"878,4";"2,8";"56,0";"5,6";"3522,90";""
"04/04/2026";"1700";"25,7";"27,0";"24,8";"57,0";"63,0";"53,0";"16,4";"18,1";"15,6";"877,7";"878,4";"877,7";"3,1";"81,0";"6,3";"2437,20";""
"04/04/2026";"1800";"25,9";"27,7";"25,7";"54,0";"58,0";"50,0";"15,9";"17,7";"15,0";"876,8";"877,7";"876,8";"3,5";"81,0";"6,8";"2728,00";""
"04/04/2026";"1900";"24,4";"27,2";"24,4";"64,0";"64,0";"49,0";"17,2";"18,3";"14,7";"876,3";"876,8";"876,3";"2,2";"68,0";"6,8";"1385,90";""
"04/04/2026";"2000";"23,3";"24,4";"23,3";"70,0";"70,0";"62,0";"17,6";"18,0";"16,7";"875,9";"876,3";"875,9";"1,8";"56,0";"4,2";"419,00";""
"04/04/2026";"2100";"21,6";"23,3";"21,6";"79,0";"79,0";"70,0";"17,8";"18,2";"17,4";"875,8";"875,9";"875,6";"1,3";"66,0";"3,4";"186,30";""
"04/04/2026";"2200";"19,0";"21,6";"19,0";"89,0";"90,0";"79,0";"17,2";"17,8";"17,2";"875,9";"875,9";"875,8";"0,0";"16,0";"2,0";"";""
"04/04/2026";"2300";"18,5";"19,1";"18,4";"89,0";"91,0";"88,0";"16,7";"17,3";"16,7";"876,3";"876,3";"875,9";"0,4";"19,0";"1,1";"";""
"05/04/2026";"0000";"18,1";"19,4";"18,1";"89,0";"90,0";"86,0";"16,2";"17,1";"16,2";"877,1";"877,1";"876,3";"0,6";"7,0";"1,8";"";""
"05/04/2026";"0100";"17,7";"18,2";"17,3";"92,0";"93,0";"89,0";"16,3";"16,5";"16,1";"877,6";"877,7";"877,1";"0,6";"351,0";"1,5";"";""
"05/04/2026";"0200";"18,9";"19,2";"17,7";"88,0";"92,0";"85,0";"16,8";"16,8";"16,2";"878,1";"878,1";"877,6";"0,5";"90,0";"2,2";"";""
"05/04/2026";"0300";"19,9";"20,2";"18,8";"83,0";"88,0";"83,0";"17,0";"17,3";"16,7";"877,9";"878,1";"877,9";"1,4";"102,0";"3,3";"";""
"05/04/2026";"0400";"19,6";"19,9";"19,5";"87,0";"87,0";"83,0";"17,4";"17,6";"16,9";"877,9";"878,1";"877,9";"1,6";"83,0";"3,4";"";""
"05/04/2026";"0500";"19,0";"19,6";"19,0";"90,0";"90,0";"87,0";"17,3";"17,5";"17,2";"877,5";"877,9";"877,5";"2,1";"77,0";"4,1";"";""
"05/04/2026";"0600";"18,8";"19,1";"18,6";"92,0";"92,0";"90,0";"17,4";"17,6";"17,2";"877,3";"877,5";"877,2";"1,5";"78,0";"4,7";"";""
"05/04/2026";"0700";"18,8";"19,0";"18,5";"92,0";"93,0";"91,0";"17,4";"17,5";"17,3";"876,9";"877,3";"876,9";"2,8";"61,0";"5,5";"";""
"05/04/2026";"0800";"18,7";"18,9";"18,5";"92,0";"93,0";"91,0";"17,3";"17,5";"17,3";"877,0";"877,1";"876,9";"2,6";"60,0";"5,5";"";""
"05/04/2026";"0900";"18,4";"18,7";"17,9";"92,0";"95,0";"92,0";"17,1";"17,3";"17,0";"877,3";"877,3";"877,0";"2,7";"62,0";"4,8";"";""
"05/04/2026";"1000";"19,3";"19,3";"18,4";"90,0";"93,0";"90,0";"17,7";"17,7";"17,1";"877,7";"877,7";"877,2";"3,1";"61,0";"5,7";"64,20";""
"05/04/2026";"1100";"22,1";"22,1";"19,3";"80,0";"90,0";"79,0";"18,4";"18,5";"17,7";"878,5";"878,5";"877,7";"3,8";"62,0";"6,7";"768,20";""
"05/04/2026";"1200";"22,0";"22,6";"21,4";"79,0";"81,0";"76,0";"18,2";"19,0";"17,8";"879,1";"879,1";"878,5";"3,9";"64,0";"7,1";"1233,40";""
"05/04/2026";"1300";"24,7";"24,8";"22,0";"68,0";"79,0";"68,0";"18,5";"19,2";"17,8";"879,0";"879,2";"879,0";"4,1";"69,0";"8,1";"1814,70";""
"05/04/2026";"1400";"24,6";"25,6";"23,4";"62,0";"72,0";"61,0";"16,8";"19,1";"16,8";"878,8";"879,0";"878,8";"4,4";"93,0";"8,8";"2669,40";""
"05/04/2026";"1500";"25,9";"26,4";"24,6";"59,0";"66,0";"57,0";"17,1";"18,5";"16,5";"878,5";"878,8";"878,5";"3,9";"76,0";"9,1";"3039,10";""
"05/04/2026";"1600";"25,7";"27,0";"24,8";"61,0";"64,0";"56,0";"17,6";"18,8";"16,6";"878,0";"878,5";"878,0";"3,0";"75,0";"7,7";"2321,80";""
"05/04/2026";"1700";"25,6";"27,7";"24,8";"59,0";"65,0";"52,0";"17,0";"18,7";"16,3";"877,2";"878,0";"877,2";"3,4";"60,0";"6,1";"2358,00";""
"05/04/2026";"1800";"24,9";"27,7";"24,9";"62,0";"64,0";"53,0";"17,3";"18,0";"16,6";"876,4";"877,2";"876,4";"2,3";"37,0";"6,2";"1632,90";""
"05/04/2026";"1900";"24,0";"24,9";"23,9";"70,0";"70,0";"62,0";"18,2";"18,2";"17,1";"875,8";"876,4";"875,8";"2,2";"47,0";"5,0";"555,00";""
"05/04/2026";"2000";"24,9";"25,1";"23,9";"65,0";"71,0";"64,0";"18,0";"18,5";"17,8";"875,4";"875,9";"875,4";"2,1";"60,0";"4,0";"689,40";""
"05/04/2026";"2100";"22,0";"24,9";"22,0";"74,0";"74,0";"64,0";"17,2";"18,1";"17,2";"875,0";"875,4";"875,0";"1,1";"40,0";"3,6";"360,70";""
"05/04/2026";"2200";"19,0";"22,0";"19,0";"87,0";"87,0";"74,0";"16,9";"17,2";"16,7";"875,5";"875,5";"875,0";"0,0";"63,0";"2,0";"";""
"05/04/2026";"2300";"18,7";"19,4";"18,2";"86,0";"90,0";"85,0";"16,4";"16,9";"16,3";"876,3";"876,4";"875,5";"0,7";"33,0";"1,8";"";""
"06/04/2026";"0000";"18,3";"19,4";"17,9";"88,0";"89,0";"84,0";"16,2";"16,9";"15,8";"877,2";"877,2";"876,3";"0,0";"158,0";"1,8";"";""
"06/04/2026";"0100";"17,9";"18,5";"17,9";"87,0";"88,0";"86,0";"15,7";"16,3";"15,7";"877,9";"877,9";"877,2";"0,5";"317,0";"1,3";"";""
"06/04/2026";"0200";"19,4";"19,4";"17,2";"85,0";"91,0";"85,0";"16,8";"16,8";"15,6";"878,2";"878,3";"877,9";"1,8";"105,0";"3,0";"";""
"06/04/2026";"0300";"19,3";"21,0";"19,2";"87,0";"87,0";"77,0";"17,1";"17,1";"16,5";"878,1";"878,3";"878,1";"1,8";"78,0";"3,4";"";""
"06/04/2026";"0400";"20,2";"20,7";"19,3";"84,0";"88,0";"82,0";"17,4";"17,8";"17,0";"877,6";"878,1";"877,6";"2,3";"97,0";"4,4";"";""
"06/04/2026";"0500";"19,0";"20,2";"19,0";"90,0";"90,0";"84,0";"17,3";"17,4";"17,2";"877,2";"877,6";"877,2";"1,8";"87,0";"4,1";"";""
"06/04/2026";"0600";"19,4";"19,4";"18,8";"88,0";"91,0";"88,0";"17,4";"17,5";"17,1";"877,0";"877,2";"877,0";"2,8";"88,0";"4,7";"";""
"06/04/2026";"0700";"18,9";"19,4";"18,8";"90,0";"91,0";"88,0";"17,2";"17,4";"17,2";"877,0";"877,0";"876,9";"2,5";"53,0";"4,9";"";""
"06/04/2026";"0800";"18,1";"18,9";"18,1";"94,0";"94,0";"90,0";"17,0";"17,2";"17,0";"876,8";"877,0";"876,7";"1,7";"83,0";"4,0";"";""
"06/04/2026";"0900";"18,4";"18,6";"18,0";"93,0";"94,0";"92,0";"17,2";"17,4";"17,0";"877,0";"877,0";"876,8";"1,9";"88,0";"5,1";"";""
"06/04/2026";"1000";"18,5";"18,5";"18,2";"94,0";"94,0";"93,0";"17,6";"17,6";"17,2";"877,7";"877,7";"877,0";"2,7";"65,0";"5,0";"60,40";""
"06/04/2026";"1100";"20,1";"20,3";"18,5";"90,0";"94,0";"88,0";"18,4";"18,4";"17,6";"878,5";"878,5";"877,7";"3,3";"66,0";"6,0";"529,10";""
"06/04/2026";"1200";"21,7";"21,9";"20,1";"85,0";"90,0";"82,0";"18,9";"19,2";"18,3";"878,9";"879,0";"878,5";"4,7";"62,0";"7,7";"1149,40";""
"06/04/2026";"1300";"24,4";"24,4";"21,4";"75,0";"86,0";"72,0";"19,6";"19,7";"18,4";"879,6";"879,6";"878,9";"4,7";"54,0";"8,9";"1789,70";""
"06/04/2026";"1400";"23,6";"24,7";"22,9";"71,0";"77,0";"69,0";"18,1";"19,6";"17,8";"879,8";"879,9";"879,6";"3,5";"82,0";"8,9";"1516,10";""
"06/04/2026";"1500";"26,4";"26,4";"23,6";"63,0";"72,0";"61,0";"18,8";"19,2";"17,1";"879,1";"879,8";"879,1";"4,1";"76,0";"7,4";"2613,60";""
"06/04/2026";"1600";"24,4";"27,2";"24,3";"66,0";"66,0";"57,0";"17,6";"19,3";"16,8";"878,3";"879,1";"878,3";"3,7";"79,0";"7,8";"2347,20";""
"06/04/2026";"1700";"24,7";"25,6";"24,2";"69,0";"69,0";"58,0";"18,7";"19,0";"16,0";"877,5";"878,3";"877,5";"3,0";"58,0";"7,2";"1212,90";""
"06/04/2026";"1800";"24,0";"25,3";"24,0";"73,0";"74,0";"69,0";"18,8";"19,7";"18,7";"877,1";"877,6";"877,1";"2,2";"40,0";"5,5";"1056,80";""
"06/04/2026";"1900";"23,0";"24,1";"22,5";"81,0";"86,0";"73,0";"19,6";"20,4";"18,7";"876,8";"877,3";"876,8";"1,1";"5,0";"5,5";"596,40";""
"06/04/2026";"2000";"22,3";"23,1";"22,3";"81,0";"81,0";"76,0";"18,9";"19,6";"18,3";"876,9";"876,9";"876,4";"1,8";"23,0";"3,0";"361,80";""
"06/04/2026";"2100";"20,9";"22,3";"20,9";"87,0";"87,0";"81,0";"18,7";"19,0";"18,5";"877,7";"877,9";"876,9";"1,8";"32,0";"4,4";"117,30";""
"06/04/2026";"2200";"19,5";"20,9";"19,5";"92,0";"92,0";"87,0";"18,3";"18,7";"18,2";"877,3";"877,7";"877,3";"1,2";"54,0";"3,2";"";""
"06/04/2026";"2300";"19,4";"20,1";"19,3";"92,0";"93,0";"90,0";"18,1";"18,6";"18,0";"878,0";"878,0";"877,3";"3,9";"47,0";"7,9";"";""
"07/04/2026";"0000";"18,8";"19,4";"18,8";"91,0";"92,0";"90,0";"17,2";"18,1";"17,2";"878,3";"878,5";"878,0";"2,3";"57,0";"7,4";"";""
"07/04/2026";"0100";"18,9";"18,9";"18,4";"90,0";"91,0";"90,0";"17,1";"17,2";"16,9";"878,8";"878,8";"878,3";"3,0";"78,0";"4,7";"";""
"07/04/2026";"0200";"17,4";"19,2";"17,4";"93,0";"93,0";"88,0";"16,3";"17,2";"16,2";"878,1";"878,8";"878,0";"0,6";"30,0";"6,8";"";""
"07/04/2026";"0300";"17,5";"17,9";"17,4";"96,0";"97,0";"93,0";"16,9";"17,2";"16,3";"877,5";"878,1";"877,4";"2,8";"39,0";"5,2";"";""
"07/04/2026";"0400";"17,2";"17,5";"17,1";"97,0";"97,0";"96,0";"16,7";"16,9";"16,6";"877,5";"877,6";"877,4";"1,7";"45,0";"4,5";"";""
"07/04/2026";"0500";"17,7";"17,7";"17,1";"91,0";"97,0";"91,0";"16,2";"16,9";"16,1";"877,5";"877,6";"877,3";"2,3";"25,0";"4,4";"";""
"07/04/2026";"0600";"17,5";"17,9";"17,4";"91,0";"93,0";"90,0";"16,0";"16,4";"16,0";"877,3";"877,6";"877,3";"1,2";"69,0";"3,9";"";""
"07/04/2026";"0700";"19,0";"19,0";"17,5";"84,0";"91,0";"82,0";"16,3";"16,3";"15,6";"877,2";"877,3";"877,2";"2,5";"52,0";"4,9";"";""
"07/04/2026";"0800";"18,4";"19,2";"18,4";"83,0";"84,0";"82,0";"15,5";"16,3";"15,5";"877,4";"877,4";"877,2";"2,1";"38,0";"5,5";"";""
"07/04/2026";"0900";"18,3";"19,0";"18,3";"85,0";"85,0";"83,0";"15,7";"16,3";"15,5";"877,9";"877,9";"877,4";"1,7";"48,0";"4,5";"";""
"07/04/2026";"1000";"19,7";"19,7";"17,8";"84,0";"88,0";"84,0";"16,9";"16,9";"15,6";"878,4";"878,4";"877,9";"2,8";"50,0";"4,7";"72,30";""
"07/04/2026";"1100";"22,4";"22,4";"19,7";"77,0";"84,0";"76,0";"18,2";"18,2";"16,9";"879,2";"879,2";"878,4";"2,7";"55,0";"5,5";"786,50";""
"07/04/2026";"1200";"23,0";"23,1";"21,7";"75,0";"80,0";"74,0";"18,3";"18,7";"17,6";"879,5";"879,5";"879,2";"4,3";"78,0";"8,0";"1468,80";""
"07/04/2026";"1300";"21,9";"23,1";"21,7";"75,0";"80,0";"72,0";"17,3";"18,4";"17,2";"880,0";"880,1";"879,5";"4,9";"91,0";"9,4";"1011,20";""
"07/04/2026";"1400";"23,7";"24,1";"21,9";"70,0";"78,0";"69,0";"18,0";"18,8";"17,4";"879,8";"880,1";"879,8";"3,0";"54,0";"8,1";"1466,60";""
"07/04/2026";"1500";"23,8";"25,2";"23,2";"70,0";"74,0";"65,0";"17,9";"18,8";"17,4";"879,1";"879,9";"879,1";"3,3";"49,0";"6,7";"1750,20";""
"07/04/2026";"1600";"24,5";"26,5";"23,5";"62,0";"72,0";"59,0";"16,8";"19,0";"16,6";"878,4";"879,1";"878,4";"3,4";"93,0";"7,1";"2257,20";""
"07/04/2026";"1700";"25,5";"26,1";"24,1";"57,0";"64,0";"56,0";"16,4";"17,5";"15,9";"878,0";"878,5";"878,0";"3,3";"85,0";"7,4";"1703,60";""
"07/04/2026";"1800";"26,5";"26,8";"24,8";"52,0";"60,0";"50,0";"15,9";"17,4";"14,8";"877,5";"878,0";"877,5";"2,8";"91,0";"7,0";"2552,60";""
"07/04/2026";"1900";"25,0";"27,3";"25,0";"57,0";"58,0";"49,0";"15,9";"16,8";"15,1";"877,1";"877,5";"877,1";"2,0";"66,0";"5,6";"1679,70";""
"07/04/2026";"2000";"23,2";"25,0";"23,2";"68,0";"68,0";"56,0";"16,9";"17,0";"15,3";"877,4";"877,4";"877,0";"1,5";"59,0";"4,1";"263,20";""
"07/04/2026";"2100";"22,0";"23,2";"22,0";"77,0";"77,0";"68,0";"17,7";"18,1";"17,0";"877,6";"877,6";"877,4";"1,6";"36,0";"3,5";"105,40";""
"07/04/2026";"2200";"20,3";"22,0";"20,3";"83,0";"83,0";"77,0";"17,3";"17,7";"17,3";"877,6";"877,7";"877,4";"1,0";"44,0";"2,8";"";""
"07/04/2026";"2300";"18,5";"20,3";"18,5";"89,0";"90,0";"83,0";"16,6";"17,3";"16,6";"878,0";"878,0";"877,5";"0,2";"343,0";"2,2";"";""
"08/04/2026";"0000";"18,2";"18,5";"18,0";"91,0";"93,0";"89,0";"16,8";"17,2";"16,5";"878,4";"878,4";"878,0";"0,9";"57,0";"1,4";"";""
"08/04/2026";"0100";"18,5";"18,9";"18,1";"91,0";"93,0";"90,0";"17,0";"17,5";"16,7";"878,6";"878,7";"878,4";"1,1";"75,0";"1,9";"";""
"08/04/2026";"0200";"18,0";"19,0";"18,0";"93,0";"93,0";"91,0";"16,9";"17,8";"16,9";"878,3";"878,6";"878,3";"1,2";"3,0";"2,4";"";""
"08/04/2026";"0300";"17,9";"18,1";"17,4";"95,0";"95,0";"93,0";"17,1";"17,2";"16,5";"878,2";"878,4";"878,2";"1,1";"50,0";"1,8";"";""
"08/04/2026";"0400";"18,1";"18,1";"17,4";"95,0";"96,0";"94,0";"17,3";"17,3";"16,5";"878,1";"878,3";"878,0";"1,4";"49,0";"2,7";"";""
"08/04/2026";"0500";"17,7";"18,1";"17,4";"96,0";"96,0";"95,0";"17,0";"17,3";"16,5";"877,8";"878,2";"877,8";"1,0";"29,0";"2,7";"";""
"08/04/2026";"0600";"17,0";"17,8";"17,0";"96,0";"96,0";"95,0";"16,4";"17,1";"16,3";"877,6";"877,9";"877,6";"0,1";"23,0";"1,8";"";""
"08/04/2026";"0700";"16,9";"17,0";"16,1";"97,0";"97,0";"96,0";"16,4";"16,4";"15,5";"877,7";"877,8";"877,6";"1,3";"40,0";"1,6";"";""
"08/04/2026";"0800";"17,7";"17,8";"16,8";"96,0";"97,0";"96,0";"17,0";"17,2";"16,3";"877,8";"877,8";"877,6";"1,3";"37,0";"2,4";"";""
"08/04/2026";"0900";"17,6";"17,7";"17,4";"95,0";"96,0";"94,0";"16,7";"16,9";"16,5";"878,0";"878,0";"877,8";"1,7";"32,0";"3,0";"";""
"08/04/2026";"1000";"18,9";"18,9";"17,6";"90,0";"95,0";"90,0";"17,3";"17,3";"16,6";"878,5";"878,5";"877,9";"2,3";"42,0";"3,6";"56,40";""
"08/04/2026";"1100";"22,1";"22,2";"18,9";"77,0";"90,0";"77,0";"18,0";"18,6";"17,3";"879,0";"879,0";"878,5";"2,6";"64,0";"5,1";"709,20";""
"08/04/2026";"1200";"24,3";"24,3";"22,1";"70,0";"78,0";"69,0";"18,4";"18,5";"17,6";"879,4";"879,4";"879,0";"3,5";"58,0";"6,1";"1721,90";""
"08/04/2026";"1300";"25,5";"25,6";"24,0";"65,0";"71,0";"64,0";"18,4";"19,2";"18,1";"879,7";"879,7";"879,4";"3,7";"62,0";"7,7";"2532,50";""
"08/04/2026";"1400";"26,3";"26,5";"24,8";"63,0";"68,0";"60,0";"18,6";"19,0";"17,8";"879,4";"879,7";"879,4";"2,9";"56,0";"6,8";"3089,30";""
"08/04/2026";"1500";"27,7";"27,7";"25,8";"54,0";"63,0";"53,0";"17,6";"18,9";"16,8";"878,5";"879,4";"878,5";"2,3";"83,0";"5,9";"3539,90";""
"08/04/2026";"1600";"25,3";"29,0";"25,2";"64,0";"66,0";"51,0";"17,9";"18,5";"16,8";"878,0";"878,5";"877,8";"1,2";"37,0";"6,1";"2161,20";""
"08/04/2026";"1700";"25,2";"25,4";"22,1";"72,0";"80,0";"62,0";"19,8";"19,8";"17,6";"877,3";"878,0";"877,3";"3,6";"320,0";"7,7";"838,90";""
"08/04/2026";"1800";"25,4";"27,0";"24,1";"63,0";"72,0";"61,0";"17,8";"19,5";"17,8";"876,3";"877,3";"876,3";"2,2";"81,0";"7,3";"1553,20";""
"08/04/2026";"1900";"24,8";"25,4";"24,5";"65,0";"69,0";"63,0";"17,7";"18,6";"17,4";"876,0";"876,3";"875,9";"1,7";"105,0";"4,0";"423,20";""
"08/04/2026";"2000";"21,4";"24,8";"21,4";"80,0";"80,0";"65,0";"17,8";"18,3";"17,1";"875,9";"876,1";"875,9";"1,5";"268,0";"6,3";"122,20";""
"08/04/2026";"2100";"21,1";"21,7";"21,1";"85,0";"85,0";"80,0";"18,4";"18,7";"17,8";"875,6";"875,9";"875,5";"0,8";"224,0";"2,2";"67,50";""
"08/04/2026";"2200";"19,7";"21,1";"19,7";"88,0";"88,0";"85,0";"17,8";"18,5";"17,8";"876,0";"876,0";"875,5";"1,7";"268,0";"2,6";"";""
"08/04/2026";"2300";"18,7";"19,8";"18,7";"92,0";"92,0";"88,0";"17,4";"17,9";"17,4";"876,6";"876,6";"876,0";"0,2";"33,0";"3,0";"";""
"09/04/2026";"0000";"17,8";"18,7";"17,8";"93,0";"93,0";"91,0";"16,7";"17,5";"16,5";"877,5";"877,5";"876,6";"1,1";"270,0";"1,7";"";""
"09/04/2026";"0100";"17,9";"18,5";"17,7";"91,0";"93,0";"90,0";"16,4";"17,0";"16,4";"878,0";"878,1";"877,5";"1,5";"295,0";"2,0";"";""
"09/04/2026";"0200";"17,9";"18,4";"17,8";"91,0";"92,0";"90,0";"16,5";"16,9";"16,4";"878,0";"878,1";"878,0";"0,1";"333,0";"2,0";"";""
"09/04/2026";"0300";"18,1";"18,2";"17,7";"93,0";"94,0";"91,0";"17,0";"17,0";"16,3";"877,9";"878,2";"877,9";"1,1";"23,0";"1,8";"";""
"09/04/2026";"0400";"19,0";"19,2";"17,9";"88,0";"93,0";"88,0";"16,9";"17,5";"16,1";"877,4";"877,9";"877,4";"0,7";"110,0";"2,3";"";""
"09/04/2026";"0500";"19,3";"19,5";"18,4";"88,0";"92,0";"88,0";"17,3";"17,6";"16,7";"877,1";"877,4";"877,1";"0,9";"87,0";"3,0";"";""
"09/04/2026";"0600";"18,5";"19,3";"18,2";"92,0";"93,0";"88,0";"17,3";"17,4";"16,8";"876,5";"877,1";"876,5";"1,2";"73,0";"3,0";"";""
"09/04/2026";"0700";"19,0";"19,5";"18,5";"90,0";"93,0";"88,0";"17,3";"17,5";"17,2";"876,3";"876,5";"876,3";"1,7";"70,0";"3,6";"";""
"09/04/2026";"0800";"19,0";"19,5";"18,9";"89,0";"90,0";"87,0";"17,1";"17,4";"17,1";"876,5";"876,6";"876,3";"1,9";"43,0";"4,0";"";""
"09/04/2026";"0900";"18,4";"19,2";"18,4";"91,0";"91,0";"89,0";"16,9";"17,3";"16,9";"877,0";"877,0";"876,5";"1,4";"52,0";"4,0";"";""
"09/04/2026";"1000";"19,4";"19,4";"17,2";"92,0";"96,0";"91,0";"18,0";"18,1";"16,3";"877,6";"877,6";"877,0";"1,4";"46,0";"3,2";"76,90";""
"09/04/2026";"1100";"21,5";"22,5";"19,4";"82,0";"91,0";"78,0";"18,3";"18,9";"18,0";"878,1";"878,1";"877,6";"2,6";"55,0";"5,1";"737,40";""
"09/04/2026";"1200";"24,7";"24,7";"21,5";"74,0";"84,0";"74,0";"19,8";"19,8";"18,3";"878,4";"878,4";"878,1";"3,2";"60,0";"5,4";"1641,40";""
"09/04/2026";"1300";"25,6";"26,1";"23,4";"66,0";"76,0";"66,0";"18,7";"19,8";"18,4";"878,6";"878,8";"878,4";"3,5";"62,0";"7,1";"2484,40";""
"09/04/2026";"1400";"27,2";"27,5";"25,0";"59,0";"70,0";"59,0";"18,5";"20,2";"18,4";"878,2";"878,7";"878,2";"3,5";"50,0";"7,8";"3069,80";""
"09/04/2026";"1500";"26,4";"28,6";"26,3";"62,0";"65,0";"55,0";"18,5";"19,7";"17,7";"877,6";"878,2";"877,4";"2,3";"87,0";"6,4";"3413,70";""
"09/04/2026";"1600";"18,8";"26,3";"18,1";"91,0";"93,0";"59,0";"17,3";"18,5";"16,0";"876,9";"877,7";"876,9";"3,3";"332,0";"11,4";"328,80";""
"09/04/2026";"1700";"20,9";"21,0";"18,8";"91,0";"92,0";"87,0";"19,3";"19,5";"17,1";"876,3";"877,0";"876,3";"0,8";"70,0";"6,8";"1011,20";""
"09/04/2026";"1800";"21,7";"22,4";"20,9";"83,0";"91,0";"82,0";"18,8";"20,1";"18,6";"875,6";"876,3";"875,6";"0,6";"62,0";"2,6";"872,10";""
"09/04/2026";"1900";"21,6";"21,9";"21,6";"86,0";"86,0";"81,0";"19,1";"19,3";"18,3";"875,2";"875,6";"874,7";"0,2";"237,0";"1,6";"224,40";""
"09/04/2026";"2000";"21,0";"21,7";"20,9";"89,0";"91,0";"86,0";"19,2";"19,8";"19,0";"876,3";"876,3";"875,2";"1,4";"247,0";"3,1";"236,10";""
"09/04/2026";"2100";"20,5";"21,1";"20,4";"92,0";"92,0";"86,0";"19,1";"19,4";"18,5";"876,3";"876,4";"876,1";"0,6";"100,0";"2,9";"140,30";""
"09/04/2026";"2200";"19,4";"20,5";"19,4";"95,0";"95,0";"92,0";"18,5";"19,2";"18,5";"876,1";"876,4";"876,1";"0,7";"253,0";"2,1";"";""
"09/04/2026";"2300";"18,8";"19,4";"18,7";"95,0";"95,0";"95,0";"18,0";"18,6";"17,9";"876,8";"876,8";"876,1";"0,1";"275,0";"1,6";"";""
"10/04/2026";"0000";"19,1";"19,2";"18,8";"95,0";"96,0";"94,0";"18,2";"18,3";"18,0";"877,6";"877,6";"876,8";"1,4";"265,0";"2,5";"";""
"10/04/2026";"0100";"19,0";"19,2";"19,0";"96,0";"96,0";"95,0";"18,3";"18,5";"18,1";"877,7";"878,0";"877,6";"0,1";"248,0";"1,7";"";""
"10/04/2026";"0200";"19,4";"19,4";"19,0";"95,0";"96,0";"94,0";"18,5";"18,5";"18,1";"877,5";"877,8";"877,5";"0,2";"214,0";"2,7";"";""
"10/04/2026";"0300";"19,0";"19,5";"18,9";"96,0";"96,0";"94,0";"18,3";"18,6";"18,1";"877,6";"877,7";"877,5";"1,4";"271,0";"2,5";"";""
"10/04/2026";"0400";"18,8";"19,0";"18,6";"96,0";"96,0";"95,0";"18,1";"18,3";"17,9";"877,1";"877,6";"877,1";"0,0";"257,0";"2,1";"";""
"10/04/2026";"0500";"18,6";"18,8";"18,5";"95,0";"96,0";"95,0";"17,8";"18,2";"17,8";"876,8";"877,1";"876,8";"0,8";"255,0";"1,9";"";""
"10/04/2026";"0600";"18,2";"18,7";"18,1";"96,0";"96,0";"95,0";"17,5";"18,0";"17,4";"876,7";"876,9";"876,7";"0,8";"350,0";"1,6";"";""
"10/04/2026";"0700";"17,4";"18,2";"17,4";"96,0";"96,0";"96,0";"16,7";"17,5";"16,7";"876,2";"876,7";"876,2";"0,0";"296,0";"1,5";"";""
"10/04/2026";"0800";"17,1";"17,4";"16,6";"96,0";"96,0";"95,0";"16,4";"16,8";"15,8";"876,4";"876,5";"876,2";"1,2";"54,0";"1,7";"";""
"10/04/2026";"0900";"16,5";"17,3";"16,4";"96,0";"96,0";"95,0";"15,9";"16,6";"15,7";"876,8";"876,8";"876,3";"0,2";"22,0";"1,9";"";""
"10/04/2026";"1000";"18,3";"18,3";"16,5";"95,0";"96,0";"95,0";"17,6";"17,6";"16,1";"877,4";"877,4";"876,8";"1,2";"71,0";"2,7";"97,00";""
"10/04/2026";"1100";"20,2";"20,2";"18,3";"91,0";"95,0";"91,0";"18,7";"18,7";"17,6";"878,5";"878,5";"877,4";"1,6";"51,0";"3,7";"469,60";""
"10/04/2026";"1200";"21,8";"22,5";"20,2";"84,0";"91,0";"81,0";"19,0";"19,9";"18,3";"878,9";"878,9";"878,5";"2,1";"67,0";"4,3";"1113,20";""
"10/04/2026";"1300";"23,4";"24,2";"21,6";"80,0";"87,0";"75,0";"19,8";"20,3";"18,6";"878,9";"879,0";"878,9";"2,9";"48,0";"5,2";"1935,70";""
"10/04/2026";"1400";"23,9";"24,8";"23,4";"76,0";"82,0";"73,0";"19,4";"20,7";"19,0";"878,7";"879,0";"878,6";"3,3";"53,0";"5,6";"2338,30";""
"10/04/2026";"1500";"26,6";"26,6";"23,9";"66,0";"77,0";"64,0";"19,6";"20,6";"18,1";"877,9";"878,7";"877,9";"2,2";"77,0";"5,7";"2569,30";""
"10/04/2026";"1600";"25,4";"27,8";"25,0";"66,0";"70,0";"58,0";"18,6";"19,7";"17,3";"876,9";"877,9";"876,9";"1,8";"38,0";"4,7";"2141,30";""
"10/04/2026";"1700";"24,4";"27,1";"24,3";"68,0";"71,0";"58,0";"18,2";"19,8";"17,0";"876,1";"876,9";"876,1";"1,1";"267,0";"4,9";"1121,10";""
"10/04/2026";"1800";"22,0";"24,4";"21,5";"76,0";"79,0";"67,0";"17,6";"18,9";"16,8";"875,6";"876,1";"875,6";"2,9";"4,0";"7,3";"300,60";""
"10/04/2026";"1900";"21,4";"22,2";"21,0";"84,0";"86,0";"76,0";"18,6";"18,7";"17,4";"875,5";"875,9";"875,5";"1,8";"339,0";"5,5";"262,90";""
"10/04/2026";"2000";"22,3";"22,9";"21,4";"79,0";"84,0";"75,0";"18,5";"18,9";"18,0";"875,6";"875,7";"875,2";"0,9";"321,0";"3,3";"449,00";""
"10/04/2026";"2100";"20,6";"22,3";"20,6";"88,0";"88,0";"78,0";"18,5";"19,1";"18,4";"875,8";"876,0";"875,6";"0,1";"8,0";"1,9";"92,30";""
"10/04/2026";"2200";"20,3";"20,6";"20,3";"91,0";"93,0";"88,0";"18,8";"19,3";"18,6";"876,7";"876,7";"875,8";"0,9";"181,0";"1,7";"";""
"10/04/2026";"2300";"18,4";"20,3";"18,4";"95,0";"96,0";"91,0";"17,7";"18,8";"17,7";"877,4";"877,4";"876,7";"0,1";"48,0";"1,5";"";""
"11/04/2026";"0000";"18,7";"18,9";"18,2";"93,0";"96,0";"93,0";"17,6";"18,1";"17,4";"877,7";"877,7";"877,4";"1,4";"41,0";"2,3";"";""
"11/04/2026";"0100";"19,0";"19,0";"18,6";"95,0";"95,0";"93,0";"18,2";"18,2";"17,5";"878,0";"878,1";"877,7";"0,5";"148,0";"2,2";"";""
"11/04/2026";"0200";"18,3";"19,2";"17,9";"96,0";"97,0";"94,0";"17,7";"18,4";"17,2";"878,0";"878,3";"878,0";"0,9";"22,0";"1,7";"";""
"11/04/2026";"0300";"18,2";"18,8";"17,5";"97,0";"97,0";"96,0";"17,7";"18,3";"16,9";"877,4";"878,0";"877,4";"1,2";"34,0";"1,9";"";""
"11/04/2026";"0400";"18,3";"18,6";"18,0";"97,0";"97,0";"97,0";"17,8";"18,1";"17,5";"877,1";"877,5";"877,1";"0,6";"31,0";"1,7";"";""
"11/04/2026";"0500";"18,7";"18,8";"17,8";"97,0";"97,0";"97,0";"18,2";"18,3";"17,3";"876,7";"877,1";"876,7";"1,7";"86,0";"2,5";"";""
"11/04/2026";"0600";"18,7";"18,7";"18,3";"97,0";"97,0";"96,0";"18,1";"18,2";"17,8";"876,4";"876,7";"876,3";"1,9";"38,0";"4,0";"";""
"11/04/2026";"0700";"18,6";"18,7";"18,5";"97,0";"97,0";"96,0";"18,1";"18,2";"17,9";"876,2";"876,4";"876,2";"1,8";"52,0";"3,3";"";""
"11/04/2026";"0800";"18,8";"18,9";"18,6";"95,0";"97,0";"95,0";"17,9";"18,4";"17,9";"876,5";"876,5";"876,2";"2,6";"63,0";"4,8";"";""
"11/04/2026";"0900";"19,0";"19,2";"18,8";"94,0";"95,0";"93,0";"18,1";"18,1";"17,9";"876,8";"876,9";"876,4";"2,7";"46,0";"5,4";"";""
"11/04/2026";"1000";"19,2";"19,2";"18,8";"95,0";"95,0";"94,0";"18,4";"18,4";"18,0";"877,5";"877,6";"876,8";"2,6";"51,0";"5,9";"81,40";""
"11/04/2026";"1100";"19,4";"19,5";"19,0";"94,0";"96,0";"94,0";"18,5";"18,6";"18,3";"878,4";"878,4";"877,5";"2,0";"71,0";"4,4";"208,70";""
"11/04/2026";"1200";"20,0";"20,0";"19,4";"93,0";"94,0";"92,0";"18,8";"18,8";"18,2";"878,9";"878,9";"878,4";"2,2";"63,0";"4,8";"275,10";""
"11/04/2026";"1300";"21,2";"21,6";"20,0";"88,0";"93,0";"87,0";"19,1";"19,7";"18,5";"879,0";"879,0";"878,8";"2,8";"72,0";"4,8";"1100,60";""
"11/04/2026";"1400";"23,9";"24,4";"21,2";"75,0";"89,0";"72,0";"19,3";"20,2";"18,4";"878,8";"879,1";"878,8";"3,3";"80,0";"6,7";"1623,00";""
"11/04/2026";"1500";"24,5";"25,6";"22,6";"76,0";"83,0";"69,0";"19,9";"20,3";"18,5";"878,3";"878,8";"878,3";"2,8";"56,0";"6,7";"1912,70";""
"11/04/2026";"1600";"23,4";"26,7";"23,4";"76,0";"76,0";"65,0";"19,0";"20,5";"18,7";"877,4";"878,3";"877,4";"2,7";"54,0";"7,9";"3007,00";""
"11/04/2026";"1700";"27,3";"27,3";"23,4";"62,0";"79,0";"62,0";"19,3";"20,9";"18,8";"876,7";"877,4";"876,7";"2,9";"68,0";"6,3";"3011,10";""
"11/04/2026";"1800";"27,1";"27,7";"25,9";"59,0";"65,0";"56,0";"18,3";"19,6";"17,9";"875,9";"876,7";"875,9";"3,6";"68,0";"6,4";"2891,00";""
"11/04/2026";"1900";"26,1";"27,4";"24,9";"63,0";"67,0";"56,0";"18,6";"18,9";"17,4";"875,4";"875,9";"875,4";"3,2";"117,0";"6,4";"1248,20";""
"11/04/2026";"2000";"24,1";"26,1";"23,6";"74,0";"77,0";"62,0";"19,3";"19,6";"17,5";"876,0";"876,1";"875,4";"2,0";"46,0";"6,1";"781,30";""
"11/04/2026";"2100";"22,0";"24,2";"22,0";"82,0";"82,0";"72,0";"18,8";"19,5";"18,5";"876,4";"876,4";"876,0";"1,2";"47,0";"3,8";"248,60";""
"11/04/2026";"2200";"20,5";"22,0";"20,5";"89,0";"89,0";"82,0";"18,6";"18,8";"18,5";"877,0";"877,0";"876,4";"0,5";"50,0";"2,1";"";""
"11/04/2026";"2300";"21,1";"21,8";"20,5";"79,0";"89,0";"79,0";"17,5";"19,0";"17,5";"877,6";"877,6";"877,0";"2,4";"133,0";"5,7";"";""
"12/04/2026";"0000";"20,3";"21,1";"20,1";"87,0";"87,0";"78,0";"18,1";"18,1";"16,8";"878,2";"878,2";"877,5";"2,2";"33,0";"5,7";"";""
"12/04/2026";"0100";"19,5";"20,3";"19,5";"92,0";"92,0";"87,0";"18,2";"18,4";"18,0";"879,0";"879,0";"878,2";"2,6";"43,0";"5,4";"";""
"12/04/2026";"0200";"18,8";"19,5";"18,7";"96,0";"97,0";"92,0";"18,2";"18,5";"18,1";"878,7";"879,2";"878,6";"1,7";"48,0";"6,8";"";""
"12/04/2026";"0300";"18,9";"19,0";"18,7";"97,0";"97,0";"96,0";"18,4";"18,5";"18,1";"878,6";"878,9";"878,6";"1,0";"198,0";"5,2";"";""
"12/04/2026";"0400";"19,1";"19,2";"18,9";"97,0";"97,0";"97,0";"18,5";"18,7";"18,4";"878,2";"878,6";"878,1";"1,1";"31,0";"3,6";"";""
"12/04/2026";"0500";"19,4";"19,4";"19,0";"95,0";"97,0";"95,0";"18,7";"18,7";"18,4";"878,0";"878,2";"877,9";"2,2";"81,0";"6,5";"";""
"12/04/2026";"0600";"19,1";"19,5";"19,1";"96,0";"96,0";"95,0";"18,5";"18,7";"18,5";"877,6";"878,0";"877,5";"2,7";"55,0";"6,9";"";""
"12/04/2026";"0700";"19,0";"19,1";"18,9";"97,0";"97,0";"96,0";"18,5";"18,5";"18,4";"877,4";"877,6";"877,4";"3,1";"59,0";"5,9";"";""
"12/04/2026";"0800";"18,9";"19,0";"18,9";"95,0";"97,0";"94,0";"18,0";"18,5";"18,0";"877,6";"877,6";"877,4";"3,2";"75,0";"8,0";"";""
"12/04/2026";"0900";"18,8";"19,0";"18,7";"92,0";"95,0";"92,0";"17,4";"18,0";"17,4";"878,0";"878,0";"877,6";"3,6";"83,0";"8,4";"";""
"12/04/2026";"1000";"19,2";"19,2";"18,7";"89,0";"92,0";"89,0";"17,3";"17,5";"17,2";"878,6";"878,6";"878,0";"4,3";"84,0";"9,1";"95,90";""
"12/04/2026";"1100";"19,3";"19,3";"19,2";"88,0";"90,0";"88,0";"17,3";"17,5";"17,3";"879,4";"879,4";"878,6";"4,8";"88,0";"9,5";"188,50";""
"12/04/2026";"1200";"21,1";"21,1";"19,2";"84,0";"89,0";"84,0";"18,3";"18,3";"17,2";"879,6";"879,6";"879,4";"5,6";"84,0";"10,6";"703,30";""
"12/04/2026";"1300";"22,1";"22,1";"20,6";"78,0";"84,0";"76,0";"18,0";"18,2";"17,2";"879,7";"879,7";"879,5";"5,3";"84,0";"10,8";"2043,90";""
"12/04/2026";"1400";"22,0";"23,2";"20,8";"81,0";"83,0";"75,0";"18,5";"19,0";"17,3";"879,3";"879,7";"879,3";"4,1";"63,0";"9,2";"2020,50";""
"12/04/2026";"1500";"22,6";"24,2";"21,3";"75,0";"81,0";"69,0";"17,9";"19,1";"16,8";"879,0";"879,3";"879,0";"3,6";"76,0";"8,7";"1627,00";""
"12/04/2026";"1600";"24,7";"25,8";"22,1";"65,0";"79,0";"63,0";"17,6";"19,3";"17,2";"878,5";"879,0";"878,5";"3,9";"51,0";"7,6";"1862,20";""
"12/04/2026";"1700";"26,2";"26,2";"23,3";"61,0";"71,0";"59,0";"18,2";"18,7";"16,8";"877,5";"878,5";"877,5";"2,6";"73,0";"7,5";"2147,60";""
"12/04/2026";"1800";"25,2";"26,5";"24,5";"57,0";"66,0";"56,0";"16,0";"18,3";"16,0";"876,7";"877,5";"876,7";"3,9";"85,0";"7,3";"2824,90";""
"12/04/2026";"1900";"23,4";"26,0";"23,4";"70,0";"70,0";"57,0";"17,5";"18,0";"16,2";"876,2";"876,7";"876,2";"3,5";"105,0";"7,3";"1864,90";""
"12/04/2026";"2000";"23,1";"25,2";"23,0";"70,0";"70,0";"63,0";"17,3";"18,6";"16,8";"876,4";"876,4";"876,2";"2,7";"103,0";"7,1";"860,50";""
"12/04/2026";"2100";"21,2";"23,8";"21,2";"77,0";"77,0";"68,0";"17,1";"17,9";"16,9";"876,8";"876,8";"876,4";"1,8";"70,0";"6,3";"315,80";""
"12/04/2026";"2200";"20,1";"21,2";"20,0";"85,0";"85,0";"77,0";"17,4";"17,6";"17,1";"877,2";"877,2";"876,8";"1,7";"71,0";"3,5";"";""
"12/04/2026";"2300";"19,6";"20,1";"19,6";"86,0";"87,0";"85,0";"17,2";"17,7";"17,2";"877,8";"877,8";"877,2";"1,1";"81,0";"3,0";"";""